Tags,Ticket,Open Date,Close Date,Symbol,Action,Units/Lots,SL,TP,Open Price,Close Price,Commission,Swap,Pips,Profit,Gain,Comment,Magic Number,Duration (DD:HH:MM:SS),Profitable(%),Profitable(time duration),Drawdown,Risk:Reward,Max(pips),Max(USD),Min(pips),Min(USD),Entry Accuracy(%),Exit Accuracy(%),ProfitMissed(pips),ProfitMissed(USD)
,14862122,02/07/2025 15:58,02/07/2025 16:33,XAUUSD,Buy,0.030,0.00000,0.00000,2862.93000,2873.89000,0.0000,0.0000,1096.0,32.88,1.34,"",0,00:00:34:45,68.6,23m,537.0,0.45,1202.0,36.059999999999995,-537.0,-16.11,69.1,93.9,-106.00,-3.18
,14862056,02/07/2025 15:51,02/07/2025 16:30,XAUUSD,Buy,0.030,0.00000,0.00000,2864.21000,2874.18000,0.0000,0.0000,997.0,29.91,1.24,"",0,00:00:39:22,46.2,18m,665.0,0.63,1064.0,31.919999999999998,-665.0,-19.95,61.5,96.1,-67.00,-2.01
,14862101,02/07/2025 15:56,02/07/2025 16:20,XAUUSD,Buy,0.030,0.00000,0.00000,2860.74000,2867.43000,0.0000,0.0000,669.0,20.07,0.84,"",0,00:00:24:33,66.7,16m,533.0,0.38,836.0,25.08,-318.0,-9.54,72.4,85.5,-167.00,-5.01
,14862086,02/07/2025 15:54,02/07/2025 16:19,XAUUSD,Buy,0.030,0.00000,0.00000,2862.24000,2869.13000,0.0000,0.0000,689.0,20.67,0.87,"",0,00:00:24:43,52.0,12m,533.0,0.68,689.0,20.669999999999998,-468.0,-14.04,59.6,100.0,0.00,0.00
,14858820,02/06/2025 20:30,02/07/2025 01:43,XAUUSD,Buy,0.020,0.00000,0.00000,2852.13000,2858.24000,0.0000,0.2100,611.0,12.43,0.52,"",0,00:05:13:29,83.8,4h 22m,295.0,0.32,636.0,12.72,-204.0,-4.08,75.7,97.0,-25.00,-0.50
,14858816,02/06/2025 20:28,02/07/2025 01:43,XAUUSD,Buy,0.050,0.00000,2868.00000,2851.18000,2858.21000,0.0000,0.5300,703.0,35.68,1.53,"",0,00:05:15:12,91.8,4h 49m,295.0,0.15,731.0,36.550000000000004,-109.0,-5.45,87.0,96.7,-28.00,-1.40
,14857788,02/06/2025 16:18,02/06/2025 17:44,XAUUSD,Buy,0.050,0.00000,0.00000,2857.83000,2849.78000,0.0000,0.0000,-805.0,-40.25,-1.70,"",0,00:01:25:22,8.2,7m,2529.0,11.71,199.0,9.950000000000001,-2330.0,-116.5,7.9,60.3,-1004.00,-50.20
,14858308,02/06/2025 17:12,02/06/2025 17:44,XAUUSD,Buy,0.150,0.00000,0.00000,2841.93000,2849.97000,0.0000,0.0000,804.0,120.60,5.36,"",0,00:00:31:49,100.0,31m,283.0,0.00,866.0,129.9,0.0,0.0,100.0,92.8,-62.00,-9.30
,14857826,02/06/2025 16:24,02/06/2025 17:44,XAUUSD,Buy,0.050,0.00000,0.00000,2858.42000,2850.49000,0.0000,0.0000,-793.0,-39.65,-1.73,"",0,00:01:19:53,2.5,1m,2529.0,17.06,140.0,7.0,-2389.0,-119.45,5.5,63.1,-933.00,-46.65
,14855378,02/06/2025 05:47,02/06/2025 06:06,XAUUSD,Buy,0.020,0.00000,0.00000,2867.62000,2870.19000,0.0000,0.0000,257.0,5.14,0.22,"",0,00:00:19:01,100.0,19m,206.0,0.00,437.0,8.74,0.0,0.0,100.0,58.8,-180.00,-3.60
,14855126,02/05/2025 23:47,02/06/2025 04:13,XAUUSD,Buy,0.010,0.00000,0.00000,2865.61000,2870.38000,0.0000,0.1300,477.0,4.90,0.21,"from #14854769",0,00:04:25:33,97.0,4h 17m,589.0,0.17,699.0,6.99,-116.0,-1.16,85.8,72.8,-222.00,-2.22
,14854769,02/05/2025 23:47,02/06/2025 04:10,XAUUSD,Buy,0.010,0.00000,0.00000,2865.61000,2870.83000,0.0000,0.1400,522.0,5.36,0.24,"to #14855126",0,00:04:22:54,97.0,4h 15m,589.0,0.17,699.0,6.99,-116.0,-1.16,85.8,78.3,-177.00,-1.77
,14854970,02/06/2025 03:15,02/06/2025 04:04,XAUUSD,Buy,0.100,0.00000,0.00000,2866.02000,2872.08000,0.0000,0.0000,606.0,60.60,2.74,"",0,00:00:48:31,98.0,47m,177.0,0.05,658.0,65.8,-31.0,-3.1,95.5,92.5,-52.00,-5.20
,14854760,02/05/2025 23:42,02/06/2025 03:47,XAUUSD,Buy,0.020,0.00000,0.00000,2864.82000,2868.99000,0.0000,0.2700,417.0,8.61,0.39,"",0,00:04:04:32,98.0,3h 59m,589.0,0.09,552.0,11.040000000000001,-52.0,-1.04,91.4,77.6,-135.00,-2.70
,14854759,02/05/2025 23:42,02/06/2025 03:47,XAUUSD,Buy,0.050,0.00000,2874.00000,2864.62000,2868.96000,0.0000,0.6600,434.0,22.36,1.02,"",0,00:04:05:08,98.0,4h 0m,589.0,0.06,572.0,28.6,-32.0,-1.6,94.7,77.2,-138.00,-6.90
,14850431,02/05/2025 03:46,02/05/2025 04:04,XAUUSD,Buy,0.020,0.00000,0.00000,2841.55000,2846.94000,0.0000,0.0000,539.0,10.78,0.50,"",0,00:00:17:57,100.0,17m,65.0,0.00,604.0,12.08,0.0,0.0,100.0,89.2,-65.00,-1.30
,14850405,02/05/2025 03:38,02/05/2025 04:04,XAUUSD,Buy,0.020,0.00000,0.00000,2841.03000,2846.78000,0.0000,0.0000,575.0,11.50,0.53,"",0,00:00:25:41,77.0,19m,81.0,0.11,656.0,13.120000000000001,-70.0,-1.4000000000000001,90.4,88.8,-81.00,-1.62
,14850389,02/05/2025 03:31,02/05/2025 03:53,XAUUSD,Buy,0.030,0.00000,0.00000,2842.36000,2844.08000,0.0000,0.0000,172.0,5.16,0.24,"",0,00:00:21:49,27.3,5m,209.0,1.17,179.0,5.37,-209.0,-6.27,46.1,98.2,-7.00,-0.21
,14844354,02/04/2025 12:50,02/04/2025 15:54,XAUUSD,Buy,0.020,0.00000,0.00000,2814.97000,2831.07000,0.0000,0.0000,1610.0,32.20,1.52,"",0,00:03:03:55,80.5,2h 28m,570.0,0.08,2156.0,43.12,-162.0,-3.24,93.0,76.4,-546.00,-10.92
,14841404,02/03/2025 20:05,02/04/2025 15:53,XAUUSD,Buy,0.030,0.00000,0.00000,2821.34000,2831.33000,0.0000,0.2400,999.0,30.21,1.44,"",0,00:19:48:31,15.7,3h 6m,1640.0,0.96,1436.0,43.08,-1378.0,-41.339999999999996,51.0,84.5,-437.00,-13.11
,14841347,02/03/2025 19:44,02/04/2025 15:51,XAUUSD,Buy,0.020,0.00000,0.00000,2819.66000,2831.74000,0.0000,0.1600,1208.0,24.32,1.17,"",0,00:20:07:36,26.5,5h 20m,1640.0,0.75,1604.0,32.08,-1210.0,-24.2,57.0,85.9,-396.00,-7.92
,14841348,02/03/2025 19:44,02/04/2025 11:56,XAUUSD,Buy,0.020,0.00000,0.00000,2819.26000,2820.93000,0.0000,0.1600,167.0,3.50,0.17,"",0,00:16:11:21,29.3,4h 44m,1640.0,2.49,470.0,9.4,-1170.0,-23.400000000000002,28.7,81.5,-303.00,-6.06
,14841543,02/03/2025 22:15,02/04/2025 11:52,XAUUSD,Buy,0.030,0.00000,0.00000,2819.19000,2820.79000,0.0000,0.2400,160.0,5.04,0.24,"",0,00:13:36:36,22.4,3h 2m,1676.0,2.31,507.0,15.209999999999999,-1169.0,-35.07,30.3,79.3,-347.00,-10.41
,14844121,02/03/2025 22:31,02/04/2025 11:49,XAUUSD,Buy,0.050,0.00000,0.00000,2817.15000,2820.66000,0.0000,0.4000,351.0,17.95,0.88,"from #14841567",0,00:13:18:19,34.5,4h 35m,1676.0,1.36,711.0,35.550000000000004,-965.0,-48.25,42.4,78.5,-360.00,-18.00
,14841567,02/03/2025 22:31,02/04/2025 11:43,XAUUSD,Buy,0.050,0.00000,0.00000,2817.15000,2817.31000,0.0000,0.4100,16.0,1.21,0.06,"to #14844121",0,00:13:12:30,34.0,4h 29m,1676.0,1.36,711.0,35.550000000000004,-965.0,-48.25,42.4,58.5,-695.00,-34.75
,14841624,02/03/2025 23:18,02/04/2025 11:43,XAUUSD,Buy,0.050,0.00000,0.00000,2815.14000,2818.12000,0.0000,0.4100,298.0,15.31,0.76,"",0,00:12:24:50,53.1,6h 35m,1676.0,0.84,912.0,45.6,-764.0,-38.2,54.4,63.4,-614.00,-30.70
,14841640,02/03/2025 23:29,02/04/2025 02:55,XAUUSD,Buy,0.050,0.00000,0.00000,2814.76000,2816.77000,0.0000,0.4100,201.0,10.46,0.52,"",0,00:03:25:43,17.5,36m,235.0,0.82,245.0,12.25,-200.0,-10.0,55.1,90.1,-44.00,-2.20
,14841344,02/03/2025 19:40,02/03/2025 21:26,XAUUSD,Buy,0.020,0.00000,0.00000,2817.08000,2822.30000,0.0000,0.0000,522.0,10.44,0.52,"",0,00:01:45:23,98.2,1h 43m,545.0,0.11,568.0,11.36,-65.0,-1.3,89.7,92.7,-46.00,-0.92
,14841436,02/03/2025 20:40,02/03/2025 21:10,XAUUSD,Buy,0.030,0.00000,0.00000,2819.30000,2821.39000,0.0000,0.0000,209.0,6.27,0.31,"",0,00:00:30:21,90.0,27m,77.0,0.32,241.0,7.2299999999999995,-77.0,-2.31,75.8,89.9,-32.00,-0.96
,14835321,02/02/2025 09:28,,,Withdrawal,0.010,0.00000,0.00000,0.00000,0.00000,0.0000,0.0000,0.0,-332.12,0,"PAMM Withdraw to USD W#87408",0,00:00:00:00,,,,,,,,,,,,
,14835319,02/02/2025 09:27,,,Withdrawal,0.010,0.00000,0.00000,0.00000,0.00000,0.0000,0.0000,0.0,-332.12,0,"PAMM Withdraw to USD W#87743",0,00:00:00:00,,,,,,,,,,,,
,14834950,02/01/2025 12:17,,,Withdrawal,0.010,0.00000,0.00000,0.00000,0.00000,0.0000,0.0000,0.0,-332.13,0,"PAMM PF for W#87743",0,00:00:00:00,,,,,,,,,,,,
,14834738,02/01/2025 12:05,,,Withdrawal,0.010,0.00000,0.00000,0.00000,0.00000,0.0000,0.0000,0.0,-332.13,0,"PAMM PF for W#87408",0,00:00:00:00,,,,,,,,,,,,
,14834137,01/31/2025 20:14,01/31/2025 23:16,XAUUSD,Sell,0.050,0.00000,0.00000,2805.13000,2802.11000,0.0000,0.0000,302.0,15.10,0.46,"",0,00:03:02:05,100.0,3h 2m,678.0,0.00,903.0,45.150000000000006,0.0,0.0,100.0,33.4,-601.00,-30.05
,14834124,01/31/2025 20:09,01/31/2025 23:16,XAUUSD,Sell,0.100,0.00000,0.00000,2807.07000,2802.17000,0.0000,0.0000,490.0,49.00,1.50,"",0,00:03:06:20,99.5,3h 5m,678.0,0.01,1097.0,109.7,-15.0,-1.5,98.7,45.4,-607.00,-60.70
,14831933,01/31/2025 10:24,01/31/2025 10:32,XAUUSD,Sell,0.010,0.00000,0.00000,2794.93000,2793.12000,0.0000,0.0000,181.0,1.81,0.06,"",0,00:00:07:58,100.0,7m,46.0,0.00,227.0,2.27,0.0,0.0,100.0,79.7,-46.00,-0.46
,14831592,01/31/2025 08:26,01/31/2025 10:32,XAUUSD,Sell,0.010,0.00000,0.00000,2793.60000,2793.33000,0.0000,0.0000,27.0,0.27,0.01,"",0,00:02:05:13,12.0,15m,776.0,6.25,107.0,1.07,-669.0,-6.69,13.8,89.7,-80.00,-0.80
,14820976,01/28/2025 09:44,01/28/2025 15:57,XAUUSD,Buy,0.050,0.00000,0.00000,2741.37000,2748.23000,0.0000,0.0000,686.0,34.30,1.06,"",0,00:06:12:56,79.4,4h 56m,624.0,0.80,785.0,39.25,-624.0,-31.200000000000003,55.7,93.0,-99.00,-4.95
,14820973,01/28/2025 09:44,01/28/2025 11:08,XAUUSD,Buy,0.050,0.00000,0.00000,2740.89000,2743.37000,0.0000,0.0000,248.0,12.40,0.39,"",0,00:01:24:40,13.1,11m,576.0,1.81,319.0,15.950000000000001,-576.0,-28.8,35.6,92.1,-71.00,-3.55
,14820936,01/28/2025 09:24,01/28/2025 11:08,XAUUSD,Buy,0.100,0.00000,0.00000,2742.87000,2743.39000,0.0000,0.0000,52.0,5.20,0.16,"",0,00:01:44:45,4.8,5m,778.0,6.40,121.0,12.100000000000001,-774.0,-77.4,13.5,92.3,-69.00,-6.90
,14821128,01/28/2025 10:32,01/28/2025 11:08,XAUUSD,Buy,0.100,0.00000,2751.00000,2736.26000,2743.37000,0.0000,0.0000,711.0,71.10,2.26,"",0,00:00:36:07,72.3,26m,113.0,0.14,782.0,78.2,-113.0,-11.3,87.4,92.1,-71.00,-7.10
,14819608,01/27/2025 23:08,01/27/2025 23:14,XAUUSD,Buy,0.050,0.00000,0.00000,2743.16000,2743.38000,0.0000,0.0000,22.0,1.10,0.04,"",0,00:00:05:59,66.7,3m,16.0,0.42,38.0,1.9000000000000001,-16.0,-0.8,70.4,70.4,-16.00,-0.80
,14807468,01/23/2025 19:04,01/23/2025 19:48,XAUUSD,Buy,0.030,0.00000,0.00000,2753.55000,2758.22000,0.0000,0.0000,467.0,14.01,0.45,"",0,00:00:43:45,100.0,43m,106.0,0.00,512.0,15.36,0.0,0.0,100.0,91.2,-45.00,-1.35
,14806944,01/23/2025 18:11,01/23/2025 19:48,XAUUSD,Buy,0.100,0.00000,0.00000,2748.29000,2758.28000,0.0000,0.0000,999.0,99.90,3.30,"",0,00:01:37:01,100.0,1h 37m,329.0,0.00,1038.0,103.80000000000001,0.0,0.0,100.0,96.2,-39.00,-3.90
,14806980,01/23/2025 18:13,01/23/2025 18:51,XAUUSD,Buy,0.100,0.00000,0.00000,2746.95000,2754.09000,0.0000,0.0000,714.0,71.40,2.42,"",0,00:00:38:41,100.0,38m,240.0,0.00,950.0,95.0,0.0,0.0,100.0,75.2,-236.00,-23.60
,14806925,01/23/2025 18:08,01/23/2025 18:51,XAUUSD,Buy,0.100,0.00000,0.00000,2747.92000,2754.24000,0.0000,0.0000,632.0,63.20,2.19,"",0,00:00:43:24,100.0,43m,240.0,0.00,853.0,85.30000000000001,0.0,0.0,100.0,74.1,-221.00,-22.10
,14801375,01/23/2025 03:09,01/23/2025 03:56,XAUUSD,Sell,0.100,0.00000,0.00000,2754.94000,2752.06000,0.0000,0.0000,288.0,28.80,1.01,"",0,00:00:47:30,100.0,47m,125.0,0.00,352.0,35.2,0.0,0.0,100.0,81.8,-64.00,-6.40
,14789782,01/21/2025 03:18,01/21/2025 04:59,XAUUSD,Buy,0.020,0.00000,0.00000,2709.99000,2723.63000,0.0000,0.0000,1364.0,27.28,0.96,"",0,00:01:40:49,100.0,1h 40m,158.0,0.00,1522.0,30.44,0.0,0.0,100.0,89.6,-158.00,-3.16
,14789776,01/21/2025 03:17,01/21/2025 04:59,XAUUSD,Buy,0.050,0.00000,0.00000,2710.57000,2723.73000,0.0000,0.0000,1316.0,65.80,2.38,"",0,00:01:41:34,100.0,1h 41m,148.0,0.00,1464.0,73.2,0.0,0.0,100.0,89.9,-148.00,-7.40
,14789781,01/21/2025 03:18,01/21/2025 04:59,XAUUSD,Buy,0.020,0.00000,0.00000,2709.28000,2723.82000,0.0000,0.0000,1454.0,29.08,1.06,"",0,00:01:40:48,100.0,1h 40m,139.0,0.00,1593.0,31.86,0.0,0.0,100.0,91.3,-139.00,-2.78
,14789314,01/21/2025 01:52,01/21/2025 04:58,XAUUSD,Buy,0.050,0.00000,0.00000,2711.00000,2723.86000,0.0000,0.0000,1286.0,64.30,2.40,"",0,00:03:06:44,66.7,2h 4m,534.0,0.38,1421.0,71.05,-534.0,-26.700000000000003,72.7,93.1,-135.00,-6.75
,14785786,01/20/2025 13:56,01/21/2025 04:58,XAUUSD,Buy,0.030,0.00000,0.00000,2708.45000,2723.89000,0.0000,0.4800,1544.0,46.80,1.78,"",0,00:15:02:04,45.0,6h 45m,540.0,0.25,1676.0,50.28,-414.0,-12.42,80.2,93.7,-132.00,-3.96
,14773724,01/16/2025 14:58,01/16/2025 15:22,XAUUSD,Buy,0.050,0.00000,0.00000,2705.59000,2709.24000,0.0000,0.0000,365.0,18.25,0.70,"",0,00:00:24:17,,,,,,,,,,,,
,14773665,01/16/2025 14:46,01/16/2025 15:17,XAUUSD,Buy,0.050,0.00000,0.00000,2703.28000,2707.13000,0.0000,0.0000,385.0,19.25,0.74,"",0,00:00:31:21,,,,,,,,,,,,
,14773663,01/16/2025 14:45,01/16/2025 15:17,XAUUSD,Buy,0.050,0.00000,0.00000,2702.15000,2706.87000,0.0000,0.0000,472.0,23.60,0.92,"",0,00:00:31:31,,,,,,,,,,,,
,14773669,01/16/2025 14:46,01/16/2025 15:17,XAUUSD,Buy,0.050,0.00000,0.00000,2703.74000,2707.13000,0.0000,0.0000,339.0,16.95,0.66,"",0,00:00:30:35,,,,,,,,,,,,
,14773752,01/16/2025 15:00,01/16/2025 15:13,XAUUSD,Buy,0.050,0.00000,0.00000,2703.58000,2705.72000,0.0000,0.0000,214.0,10.70,0.42,"",0,00:00:13:27,,,,,,,,,,,,
,14773795,01/16/2025 15:05,01/16/2025 15:13,XAUUSD,Buy,0.050,0.00000,0.00000,2702.65000,2705.74000,0.0000,0.0000,309.0,15.45,0.61,"",0,00:00:07:46,,,,,,,,,,,,
,14766837,01/15/2025 12:46,01/15/2025 18:50,XAUUSD,Buy,0.010,0.00000,2696.00000,2687.71000,2688.36000,0.0000,0.0000,65.0,0.65,0.03,"",0,00:06:03:48,20.9,1h 16m,1493.0,1.59,577.0,5.7700000000000005,-916.0,-9.16,38.6,65.7,-512.00,-5.12
,14766952,01/15/2025 13:34,01/15/2025 18:50,XAUUSD,Buy,0.010,0.00000,0.00000,2686.21000,2688.28000,0.0000,0.0000,207.0,2.07,0.08,"",0,00:05:15:39,42.9,2h 15m,1493.0,1.05,727.0,7.2700000000000005,-766.0,-7.66,48.7,65.2,-520.00,-5.20
,14769622,01/15/2025 18:02,01/15/2025 18:50,XAUUSD,Buy,0.150,0.00000,0.00000,2679.57000,2687.79000,0.0000,0.0000,822.0,123.30,5.14,"",0,00:00:47:23,,,,,,,,,,,,
,14769621,01/15/2025 18:02,01/15/2025 18:50,XAUUSD,Buy,0.150,0.00000,0.00000,2679.08000,2687.62000,0.0000,0.0000,854.0,128.10,5.64,"",0,00:00:47:34,,,,,,,,,,,,
,14763379,01/14/2025 17:22,01/14/2025 21:24,XAUUSD,Buy,0.050,0.00000,0.00000,2672.53000,2673.29000,0.0000,0.0000,76.0,3.80,0.17,"",0,00:04:02:06,25.0,1h 0m,582.0,5.49,100.0,5.0,-549.0,-27.450000000000003,15.4,96.3,-24.00,-1.20
,14755151,01/13/2025 11:31,01/14/2025 14:23,XAUUSD,Buy,0.050,0.00000,0.00000,2687.80000,2670.86000,0.0000,-1.7600,-1694.0,-86.46,-3.68,"",0,01:02:52:17,0.0,0s,2913.0,3333.33,0.0,0.0,-2913.0,-145.65,0.0,41.8,-1694.00,-84.70
,14754829,01/13/2025 10:45,01/14/2025 14:23,XAUUSD,Buy,0.100,0.00000,0.00000,2689.80000,2670.74000,0.0000,-3.5200,-1906.0,-194.12,-7.62,"",0,01:03:38:14,0.0,0s,3113.0,3333.33,0.0,0.0,-3113.0,-311.3,0.0,38.8,-1906.00,-190.60
,14758333,01/13/2025 20:42,01/14/2025 14:23,XAUUSD,Buy,0.100,0.00000,0.00000,2662.09000,2671.04000,0.0000,-3.5200,895.0,85.98,3.49,"",0,00:17:41:21,94.3,16h 40m,781.0,0.28,1139.0,113.9,-324.0,-32.4,77.9,83.3,-244.00,-24.40
,14760317,01/14/2025 08:33,01/14/2025 14:23,XAUUSD,Buy,0.050,0.00000,0.00000,2668.83000,2670.88000,0.0000,0.0000,205.0,10.25,0.42,"",0,00:05:50:08,54.6,3h 11m,744.0,0.74,428.0,21.400000000000002,-316.0,-15.8,57.5,70.0,-223.00,-11.15
,14760355,01/14/2025 08:49,01/14/2025 14:17,XAUUSD,Buy,0.030,0.00000,0.00000,2669.55000,2669.79000,0.0000,0.0000,24.0,0.72,0.03,"",0,00:05:27:43,36.4,1h 59m,744.0,1.09,356.0,10.68,-388.0,-11.639999999999999,47.8,55.4,-332.00,-9.96
,14760349,01/14/2025 08:47,01/14/2025 14:17,XAUUSD,Buy,0.020,0.00000,0.00000,2669.35000,2669.79000,0.0000,0.0000,44.0,0.88,0.04,"",0,00:05:29:50,36.4,2h 0m,744.0,0.98,376.0,7.5200000000000005,-368.0,-7.36,50.5,55.4,-332.00,-6.64
,14755593,01/13/2025 12:13,01/14/2025 07:15,XAUUSD,Buy,0.100,0.00000,0.00000,2680.12000,2672.64000,0.0000,-3.5200,-748.0,-78.32,-3.10,"",0,00:19:02:11,0.0,0s,2145.0,2500.00,0.0,0.0,-2145.0,-214.5,0.0,65.1,-748.00,-74.80
,14758228,01/13/2025 19:59,01/14/2025 07:15,XAUUSD,Buy,0.100,0.00000,0.00000,2661.05000,2672.59000,0.0000,-3.5200,1154.0,111.88,4.63,"",0,00:11:16:26,82.7,9h 19m,238.0,0.19,1243.0,124.30000000000001,-238.0,-23.8,83.9,94.0,-89.00,-8.90
,14757039,01/13/2025 16:12,01/14/2025 03:12,XAUUSD,Buy,0.150,0.00000,0.00000,2670.62000,2671.14000,0.0000,-5.2800,52.0,2.52,0.10,"",0,00:10:59:47,4.6,30m,1195.0,22.99,52.0,7.8,-1195.0,-179.25,4.2,100.0,0.00,0.00
,14758402,01/13/2025 21:39,01/14/2025 01:40,XAUUSD,Buy,0.100,0.00000,0.00000,2660.15000,2667.50000,0.0000,-3.5200,735.0,69.98,2.99,"",0,00:04:01:08,100.0,4h 1m,38.0,0.00,773.0,77.30000000000001,0.0,0.0,100.0,95.1,-38.00,-3.80
,14758255,01/13/2025 20:07,01/14/2025 01:40,XAUUSD,Buy,0.250,0.00000,0.00000,2661.02000,2667.61000,0.0000,-8.8000,659.0,155.95,7.13,"",0,00:05:32:47,72.8,4h 2m,235.0,0.34,686.0,171.5,-235.0,-58.75,74.5,97.1,-27.00,-6.75
,14758403,01/13/2025 21:39,01/14/2025 01:18,XAUUSD,Buy,0.250,0.00000,0.00000,2660.26000,2665.36000,0.0000,-8.8000,510.0,118.70,5.74,"",0,00:03:39:37,100.0,3h 39m,58.0,0.00,568.0,142.0,0.0,0.0,100.0,89.8,-58.00,-14.50
,14758411,01/13/2025 21:43,01/13/2025 23:35,XAUUSD,Buy,0.250,0.00000,0.00000,2659.99000,2662.34000,0.0000,0.0000,235.0,58.75,2.92,"",0,00:01:52:49,,,,,,,,,,,,
,14745183,01/09/2025 20:12,01/09/2025 20:40,XAUUSD,Buy,0.030,0.00000,0.00000,2667.82000,2670.54000,0.0000,0.0000,272.0,8.16,0.41,"",0,00:00:28:32,,,,,,,,,,,,
,14739136,01/09/2025 08:40,01/09/2025 12:02,XAUUSD,Buy,0.010,0.00000,0.00000,2664.02000,2664.68000,0.0000,0.0000,66.0,0.66,0.03,"",0,00:03:21:45,71.5,2h 24m,160.0,0.75,213.0,2.13,-160.0,-1.6,57.1,60.6,-147.00,-1.47
,14687714,12/27/2024 04:39,,,Deposit,0.010,0.00000,0.00000,0.00000,0.00000,0.0000,0.0000,0.0,1000.00,0,"PAMM Subscribe W#87743",0,00:00:00:00,,,,,,,,,,,,
,14687698,12/27/2024 04:32,,,Deposit,0.000,0.00000,0.00000,0.00000,0.00000,0.0000,0.0000,0.0,1000.00,0,"PAMM Subscribe W#87408",0,00:00:00:00,,,,,,,,,,,,

Open Trades
Tags,Ticket,Open Date,Symbol,Action,Lots,Open Price,TP,SL,Profit,Pips,Swap
,14863396,02/07/2025 18:22,XAUUSD,Buy,0.020,2871.42,0.0,0.0,-21.36,-1068.0,0.0
,14863426,02/07/2025 18:28,XAUUSD,Buy,0.020,2870.4,0.0,0.0,-19.32,-966.0,0.0
,14863455,02/07/2025 18:30,XAUUSD,Buy,0.050,2870.48,0.0,0.0,-48.7,-974.0,0.0
,14863465,02/07/2025 18:32,XAUUSD,Buy,0.050,2868.79,0.0,0.0,-40.25,-805.0,0.0
,14863502,02/07/2025 18:38,XAUUSD,Buy,0.050,2865.23,0.0,0.0,-22.45,-449.0,0.0
,14863547,02/07/2025 18:44,XAUUSD,Buy,0.150,2863.12,0.0,0.0,-35.7,-238.0,0.0
,14863623,02/07/2025 19:06,XAUUSD,Buy,0.100,2860.88,0.0,0.0,-1.4,-14.0,0.0

