Tags,Ticket,Open Date,Close Date,Symbol,Action,Units/Lots,SL,TP,Open Price,Close Price,Commission,Swap,Pips,Profit,Gain,Comment,Magic Number,Duration (DD:HH:MM:SS),Profitable(%),Profitable(time duration),Drawdown,Risk:Reward,Max(pips),Max(USD),Min(pips),Min(USD),Entry Accuracy(%),Exit Accuracy(%),ProfitMissed(pips),ProfitMissed(USD)
,85207037,03/08/2023 18:41,,,Withdrawal,0.010,0.00000,0.00000,0.00000,0.00000,0.0000,0.0000,0.0,-85.28,0,"Transfer to 11366030 #20069648",0,00:00:00:00,,,,,,,,,,,,
,84472430,03/01/2023 03:08,,,Deposit,0.010,0.00000,0.00000,0.00000,0.00000,0.0000,0.0000,0.0,84.28,0,"Rebate",0,00:00:00:00,,,,,,,,,,,,
,84469179,03/01/2023 02:40,,,Deposit,0.010,0.00000,0.00000,0.00000,0.00000,0.0000,0.0000,0.0,0.84,0,"IR #92",0,00:00:00:00,,,,,,,,,,,,
,84468328,03/01/2023 02:36,,,Deposit,0.010,0.00000,0.00000,0.00000,0.00000,0.0000,0.0000,0.0,0.16,0,"IR #92 VIP",0,00:00:00:00,,,,,,,,,,,,
,83939249,02/23/2023 15:54,,,Withdrawal,0.010,0.00000,0.00000,0.00000,0.00000,0.0000,0.0000,0.0,-36.30,0,"Transfer to 11366030 #19835442",0,00:00:00:00,,,,,,,,,,,,
,82095398,02/08/2023 14:56,02/08/2023 15:00,XAUUSD,Buy,0.100,0.00000,0.00000,1880.38000,1878.55000,0.0000,0.0000,-183.0,-18.30,-33.52,"[stopout]",0,00:00:04:11,0.0,0s,202.0,204.08,0.0,0.0,-202.0,-20.200000000000003,0.0,9.4,-183.00,-18.30
,82095394,02/08/2023 14:56,02/08/2023 15:00,XAUUSD,Buy,0.100,0.00000,0.00000,1880.27000,1878.55000,0.0000,0.0000,-172.0,-17.20,-23.96,"[stopout]",0,00:00:04:15,0.0,0s,191.0,192.31,0.0,0.0,-191.0,-19.1,0.0,9.9,-172.00,-17.20
,82095391,02/08/2023 14:56,02/08/2023 15:00,XAUUSD,Buy,0.100,0.00000,0.00000,1880.15000,1878.55000,0.0000,0.0000,-160.0,-16.00,-18.22,"[stopout]",0,00:00:04:18,0.0,0s,179.0,181.82,0.0,0.0,-179.0,-17.900000000000002,0.0,10.6,-160.00,-16.00
,82095388,02/08/2023 14:56,02/08/2023 15:00,XAUUSD,Buy,0.100,0.00000,0.00000,1880.21000,1878.55000,0.0000,0.0000,-166.0,-16.60,-15.90,"[stopout]",0,00:00:04:20,0.0,0s,185.0,185.19,0.0,0.0,-185.0,-18.5,0.0,10.3,-166.00,-16.60
,82094929,02/08/2023 14:53,02/08/2023 15:00,XAUUSD,Buy,0.100,0.00000,0.00000,1879.65000,1878.55000,0.0000,0.0000,-110.0,-11.00,-9.53,"[stopout]",0,00:00:07:09,57.2,4m,167.0,3.40,38.0,3.8000000000000003,-129.0,-12.9,22.8,11.4,-148.00,-14.80
,82094900,02/08/2023 14:53,02/08/2023 15:00,XAUUSD,Buy,0.350,0.00000,0.00000,1879.33000,1878.55000,0.0000,0.0000,-78.0,-27.30,-19.13,"[stopout]",0,00:00:07:17,71.5,5m,167.0,1.39,70.0,24.5,-97.0,-33.949999999999996,41.9,11.4,-148.00,-51.80
,82094822,02/08/2023 14:53,02/08/2023 15:00,XAUUSD,Buy,0.350,0.00000,0.00000,1879.37000,1878.55000,0.0000,0.0000,-82.0,-28.70,-16.74,"[stopout]",0,00:00:07:27,62.5,4m,167.0,1.53,66.0,23.099999999999998,-101.0,-35.349999999999994,39.5,11.4,-148.00,-51.80
,82092340,02/08/2023 14:22,02/08/2023 14:52,XAUUSD,Buy,0.500,0.00000,0.00000,1882.88000,1879.20000,0.0000,0.0000,-368.0,-184.00,-51.77,"[stopout]",0,00:00:29:56,13.4,4m,387.0,28.82,13.0,6.5,-374.0,-187.0,3.4,1.6,-381.00,-190.50
,82088735,02/08/2023 13:37,02/08/2023 14:52,XAUUSD,Buy,1.000,0.00000,0.00000,1882.20000,1879.20000,0.0000,0.0000,-300.0,-300.00,-45.77,"[stopout]",0,00:01:15:25,36.0,27m,435.0,2.37,129.0,129.0,-306.0,-306.0,29.7,1.4,-429.00,-429.00
,82088148,02/08/2023 13:30,02/08/2023 14:52,XAUUSD,Buy,1.000,0.00000,0.00000,1880.79000,1879.20000,0.0000,0.0000,-159.0,-159.00,-19.52,"[stopout]",0,00:01:22:40,69.6,57m,435.0,0.61,270.0,270.0,-165.0,-165.0,62.1,1.4,-429.00,-429.00
,82085855,02/08/2023 12:59,02/08/2023 14:52,XAUUSD,Buy,0.350,0.00000,0.00000,1880.82000,1879.20000,0.0000,0.0000,-162.0,-56.70,-6.51,"[stopout]",0,00:01:53:32,55.8,1h 3m,435.0,0.63,267.0,93.44999999999999,-168.0,-58.8,61.4,1.4,-429.00,-150.15
,82085807,02/08/2023 12:57,02/08/2023 14:52,XAUUSD,Buy,0.350,0.00000,0.00000,1880.37000,1879.20000,0.0000,0.0000,-117.0,-40.95,-4.49,"[stopout]",0,00:01:55:01,78.3,1h 30m,435.0,0.39,312.0,109.19999999999999,-123.0,-43.05,71.7,1.4,-429.00,-150.15
,82085778,02/08/2023 12:57,02/08/2023 14:52,XAUUSD,Buy,1.500,0.00000,0.00000,1880.78000,1879.20000,0.0000,0.0000,-158.0,-237.00,-20.63,"[stopout]",0,00:01:55:42,55.7,1h 4m,435.0,0.61,271.0,406.5,-164.0,-246.0,62.3,1.4,-429.00,-643.50
,82018873,02/07/2023 23:29,02/08/2023 12:04,XAUUSD,Buy,0.150,0.00000,0.00000,1871.53000,1883.99000,0.0000,-2.0000,1246.0,184.90,19.18,"",0,00:12:35:28,97.4,12h 15m,767.0,0.27,1465.0,219.75,-401.0,-60.15,78.5,88.3,-219.00,-32.85
,82018744,02/07/2023 23:19,02/08/2023 12:04,XAUUSD,Buy,0.150,0.00000,0.00000,1871.02000,1883.94000,0.0000,-2.0000,1292.0,191.80,24.83,"",0,00:12:44:55,100.0,12h 44m,572.0,0.00,1516.0,227.4,0.0,0.0,100.0,85.2,-224.00,-33.60
,82018685,02/07/2023 23:15,02/08/2023 12:04,XAUUSD,Buy,0.500,0.00000,0.00000,1870.52000,1883.96000,0.0000,-6.6500,1344.0,665.35,621.82,"",0,00:12:49:22,100.0,12h 49m,572.0,0.00,1566.0,783.0,0.0,0.0,100.0,85.8,-222.00,-111.00
,81604068,02/02/2023 17:51,02/02/2023 18:03,XAUUSD,Buy,0.500,0.00000,0.00000,1926.25000,1922.92000,0.0000,0.0000,-333.0,-166.50,-60.88,"[stopout]",0,00:00:11:48,8.4,59s,373.0,8.33,40.0,20.0,-333.0,-166.5,10.7,0.0,-373.00,-186.50
,81603928,02/02/2023 17:50,02/02/2023 18:03,XAUUSD,Buy,0.500,0.00000,0.00000,1926.71000,1922.92000,0.0000,0.0000,-379.0,-189.50,-40.93,"[stopout]",0,00:00:13:21,7.7,1m,387.0,47.39,8.0,4.0,-379.0,-189.5,2.1,0.0,-387.00,-193.50
,81603896,02/02/2023 17:49,02/02/2023 18:03,XAUUSD,Buy,1.000,0.00000,0.00000,1926.56000,1922.92000,0.0000,0.0000,-364.0,-364.00,-44.01,"[stopout]",0,00:00:13:37,14.3,1m,387.0,15.85,23.0,23.0,-364.0,-364.0,5.9,0.0,-387.00,-387.00
,81598932,02/02/2023 17:14,02/02/2023 18:03,XAUUSD,Buy,1.500,0.00000,0.00000,1920.05000,1922.92000,0.0000,0.0000,287.0,430.50,108.58,"[stopout]",0,00:00:49:02,100.0,49m,457.0,0.00,744.0,1116.0,0.0,0.0,100.0,38.6,-457.00,-685.50
,81601518,02/02/2023 17:29,02/02/2023 17:43,XAUUSD,Buy,0.500,0.00000,0.00000,1924.82000,1926.51000,0.0000,0.0000,169.0,84.50,27.08,"",0,00:00:13:57,100.0,13m,135.0,0.00,267.0,133.5,0.0,0.0,100.0,63.3,-98.00,-49.00
,81597754,02/02/2023 17:09,,,Withdrawal,0.010,0.00000,0.00000,0.00000,0.00000,0.0000,0.0000,0.0,-6000.00,0,"Cancellation of #81597266",0,00:00:00:00,,,,,,,,,,,,
,81597748,02/02/2023 17:09,,,Withdrawal,0.010,0.00000,0.00000,0.00000,0.00000,0.0000,0.0000,0.0,-6000.00,0,"Cancellation of #81594681",0,00:00:00:00,,,,,,,,,,,,
,81597317,02/02/2023 17:06,02/02/2023 17:09,XAUUSD,Buy,2.000,0.00000,0.00000,1921.75000,1917.95000,0.0000,0.0000,-380.0,-760.00,-5.81,"[stopout]",0,00:00:02:13,,,,,,,,,,,,
,81595718,02/02/2023 17:01,02/02/2023 17:09,XAUUSD,Buy,3.000,0.00000,0.00000,1923.71000,1917.95000,0.0000,0.0000,-576.0,-1728.00,-11.68,"[stopout]",0,00:00:07:59,0.0,0s,576.0,588.24,0.0,0.0,-576.0,-1728.0,0.0,0.0,-576.00,-1728.00
,81595449,02/02/2023 17:00,02/02/2023 17:09,XAUUSD,Buy,15.000,0.00000,0.00000,1922.75000,1917.95000,0.0000,0.0000,-480.0,-7200.00,-32.73,"[stopout]",0,00:00:08:50,11.2,59s,546.0,7.27,66.0,990.0,-480.0,-7200.0,12.1,0.0,-546.00,-8190.00
,81597266,02/02/2023 17:06,,,Deposit,0.010,0.00000,0.00000,0.00000,0.00000,0.0000,0.0000,0.0,6000.00,0,"Bonus deposit 120% - #81597264",0,00:00:00:00,,,,,,,,,,,,
,81597264,02/02/2023 17:06,,,Deposit,0.010,0.00000,0.00000,0.00000,0.00000,0.0000,0.0000,0.0,5000.00,0,"Deposit CONNECT USD 19512493",0,00:00:00:00,,,,,,,,,,,,
,81594681,02/02/2023 16:58,,,Deposit,0.010,0.00000,0.00000,0.00000,0.00000,0.0000,0.0000,0.0,6000.00,0,"Bonus deposit 120% - #81594680",0,00:00:00:00,,,,,,,,,,,,
,81594680,02/02/2023 16:58,,,Deposit,0.010,0.00000,0.00000,0.00000,0.00000,0.0000,0.0000,0.0,5000.00,0,"Deposit CONNECT USD 19512024",0,00:00:00:00,,,,,,,,,,,,
,81593932,02/02/2023 16:55,,,Withdrawal,0.010,0.00000,0.00000,0.00000,0.00000,0.0000,0.0000,0.0,-4775.00,0,"Cancellation of #81592552",0,00:00:00:00,,,,,,,,,,,,
,81593158,02/02/2023 16:52,02/02/2023 16:55,XAUUSD,Buy,3.000,0.00000,0.00000,1931.09000,1926.87000,0.0000,0.0000,-422.0,-1266.00,-20.96,"[stopout]",0,00:00:03:20,,,,,,,,,,,,
,81593124,02/02/2023 16:52,02/02/2023 16:55,XAUUSD,Buy,3.000,0.00000,0.00000,1931.28000,1926.87000,0.0000,0.0000,-441.0,-1323.00,-17.97,"[stopout]",0,00:00:03:31,,,,,,,,,,,,
,81591794,02/02/2023 16:47,02/02/2023 16:55,XAUUSD,Buy,10.000,0.00000,0.00000,1934.74000,1926.87000,0.0000,0.0000,-787.0,-7870.00,-51.66,"[stopout]",0,00:00:08:26,0.0,0s,792.0,833.33,0.0,0.0,-792.0,-7920.0,0.0,0.6,-787.00,-7870.00
,81592552,02/02/2023 16:50,,,Deposit,0.010,0.00000,0.00000,0.00000,0.00000,0.0000,0.0000,0.0,4800.00,0,"Bonus deposit 120% - #81592551",0,00:00:00:00,,,,,,,,,,,,
,81592551,02/02/2023 16:50,,,Deposit,0.010,0.00000,0.00000,0.00000,0.00000,0.0000,0.0000,0.0,4000.00,0,"Deposit CONNECT USD 19511543",0,00:00:00:00,,,,,,,,,,,,
,81591686,02/02/2023 16:47,,,Deposit,0.010,0.00000,0.00000,0.00000,0.00000,0.0000,0.0000,0.0,6500.00,0,"Deposit CONNECT USD 19511409",0,00:00:00:00,,,,,,,,,,,,
,81591589,02/02/2023 16:46,,,Withdrawal,0.010,0.00000,0.00000,0.00000,0.00000,0.0000,0.0000,0.0,-5898.10,0,"Cancellation of #80967886",0,00:00:00:00,,,,,,,,,,,,
,81589897,02/02/2023 16:41,02/02/2023 16:46,XAUUSD,Buy,1.000,0.00000,0.00000,1940.67000,1935.50000,0.0000,0.0000,-517.0,-517.00,-8.14,"[stopout]",0,00:00:04:59,0.0,0s,641.0,666.67,0.0,0.0,-641.0,-641.0,0.0,19.3,-517.00,-517.00
,81589615,02/02/2023 16:40,02/02/2023 16:46,XAUUSD,Buy,0.500,0.00000,0.00000,1940.67000,1935.50000,0.0000,0.0000,-517.0,-258.50,-3.91,"[stopout]",0,00:00:06:26,0.0,0s,641.0,666.67,0.0,0.0,-641.0,-320.5,0.0,19.3,-517.00,-258.50
,81589172,02/02/2023 16:38,02/02/2023 16:46,XAUUSD,Buy,1.000,0.00000,0.00000,1941.94000,1935.50000,0.0000,0.0000,-644.0,-644.00,-8.88,"[stopout]",0,00:00:08:00,0.0,0s,768.0,769.23,0.0,0.0,-768.0,-768.0,0.0,16.1,-644.00,-644.00
,81588953,02/02/2023 16:37,02/02/2023 16:46,XAUUSD,Buy,1.000,0.00000,0.00000,1941.79000,1935.50000,0.0000,0.0000,-629.0,-629.00,-7.98,"[stopout]",0,00:00:09:12,0.0,0s,753.0,769.23,0.0,0.0,-753.0,-753.0,0.0,16.5,-629.00,-629.00
,81588200,02/02/2023 16:34,02/02/2023 16:46,XAUUSD,Buy,1.000,0.00000,0.00000,1944.19000,1935.50000,0.0000,0.0000,-869.0,-869.00,-9.93,"[stopout]",0,00:00:12:00,0.0,0s,993.0,1000.00,0.0,0.0,-993.0,-993.0,0.0,12.5,-869.00,-869.00
,81587631,02/02/2023 16:31,02/02/2023 16:46,XAUUSD,Buy,0.100,0.00000,0.00000,1946.09000,1935.50000,0.0000,0.0000,-1059.0,-105.90,-1.20,"[stopout]",0,00:00:15:35,0.0,0s,1183.0,1250.00,0.0,0.0,-1183.0,-118.30000000000001,0.0,10.5,-1059.00,-105.90
,81587100,02/02/2023 16:28,02/02/2023 16:46,XAUUSD,Buy,0.500,0.00000,0.00000,1946.12000,1935.50000,0.0000,0.0000,-1062.0,-531.00,-5.66,"[stopout]",0,00:00:18:04,0.0,0s,1186.0,1250.00,0.0,0.0,-1186.0,-593.0,0.0,10.5,-1062.00,-531.00
,81586886,02/02/2023 16:25,02/02/2023 16:46,XAUUSD,Buy,0.500,0.00000,0.00000,1946.18000,1935.50000,0.0000,0.0000,-1068.0,-534.00,-5.38,"[stopout]",0,00:00:21:42,9.6,2m,1242.0,23.87,50.0,25.0,-1192.0,-596.0,4.0,10.0,-1118.00,-559.00
,81586831,02/02/2023 16:24,02/02/2023 16:46,XAUUSD,Buy,0.500,0.00000,0.00000,1946.13000,1935.50000,0.0000,0.0000,-1063.0,-531.50,-5.09,"[stopout]",0,00:00:22:25,13.7,3m,1242.0,21.60,55.0,27.5,-1187.0,-593.5,4.4,10.0,-1118.00,-559.00
,81586761,02/02/2023 16:23,02/02/2023 16:46,XAUUSD,Buy,0.500,0.00000,0.00000,1946.46000,1935.50000,0.0000,0.0000,-1096.0,-548.00,-4.98,"[stopout]",0,00:00:23:04,13.1,3m,1242.0,55.56,22.0,11.0,-1220.0,-610.0,1.8,10.0,-1118.00,-559.00
,81577151,02/02/2023 15:23,,,Withdrawal,0.010,0.00000,0.00000,0.00000,0.00000,0.0000,0.0000,0.0,-653.60,0,"Transfer to 11366030 #19509276",0,00:00:00:00,,,,,,,,,,,,
,81576889,02/02/2023 15:11,02/02/2023 15:22,XAUUSD,Sell,0.200,0.00000,0.00000,1953.58000,1953.70000,0.0000,0.0000,-12.0,-2.40,-0.02,"from #81575279",0,00:00:11:11,72.8,8m,203.0,0.42,191.0,38.2,-81.0,-16.2,70.2,25.4,-203.00,-40.60
,81575279,02/02/2023 15:11,02/02/2023 15:21,XAUUSD,Sell,0.150,0.00000,0.00000,1953.58000,1952.76000,0.0000,0.0000,82.0,12.30,0.11,"to #81576889",0,00:00:10:01,80.0,8m,161.0,0.42,191.0,28.65,-81.0,-12.15,70.2,59.9,-109.00,-16.35
,81569112,02/02/2023 14:09,02/02/2023 15:21,XAUUSD,Sell,0.350,0.00000,1941.00000,1954.09000,1952.59000,0.0000,0.0000,150.0,52.50,0.45,"",0,00:01:11:40,54.2,38m,161.0,0.40,242.0,84.69999999999999,-97.0,-33.949999999999996,71.4,72.9,-92.00,-32.20
,81575269,02/02/2023 15:11,02/02/2023 15:21,XAUUSD,Sell,0.300,0.00000,0.00000,1953.77000,1952.10000,0.0000,0.0000,167.0,50.10,0.43,"",0,00:00:09:52,80.0,7m,161.0,0.30,210.0,63.0,-62.0,-18.599999999999998,77.2,84.2,-43.00,-12.90
,81570862,02/02/2023 14:23,02/02/2023 15:16,XAUUSD,Sell,0.500,0.00000,0.00000,1954.54000,1953.84000,0.0000,0.0000,70.0,35.00,0.30,"",0,00:00:52:38,69.9,36m,153.0,0.31,168.0,84.0,-52.0,-26.0,76.4,55.5,-98.00,-49.00
,81571193,02/02/2023 14:27,02/02/2023 15:16,XAUUSD,Sell,0.500,0.00000,0.00000,1954.42000,1953.52000,0.0000,0.0000,90.0,45.00,0.39,"",0,00:00:49:05,75.6,37m,153.0,0.41,156.0,78.0,-64.0,-32.0,70.9,70.0,-66.00,-33.00
,81569153,02/02/2023 14:09,02/02/2023 15:04,XAUUSD,Sell,0.350,0.00000,1941.00000,1954.12000,1953.28000,0.0000,0.0000,84.0,29.40,0.26,"",0,00:00:54:39,51.0,27m,148.0,0.75,126.0,44.099999999999994,-94.0,-32.9,57.3,80.9,-42.00,-14.70
,81569350,02/02/2023 14:11,02/02/2023 15:04,XAUUSD,Sell,0.350,0.00000,1941.00000,1954.11000,1953.40000,0.0000,0.0000,71.0,24.85,0.22,"",0,00:00:53:12,51.0,27m,148.0,0.76,125.0,43.75,-95.0,-33.25,56.8,75.5,-54.00,-18.90
,81569563,02/02/2023 14:14,02/02/2023 15:03,XAUUSD,Sell,0.350,0.00000,1941.00000,1954.62000,1953.22000,0.0000,0.0000,140.0,49.00,0.43,"",0,00:00:49:12,65.4,32m,148.0,0.25,176.0,61.599999999999994,-44.0,-15.399999999999999,80.0,83.6,-36.00,-12.60
,81570828,02/02/2023 14:23,02/02/2023 15:03,XAUUSD,Sell,0.120,0.00000,0.00000,1954.69000,1953.29000,0.0000,0.0000,140.0,16.80,0.15,"",0,00:00:40:06,70.0,28m,129.0,0.20,183.0,21.96,-37.0,-4.4399999999999995,83.2,80.5,-43.00,-5.16
,81569460,02/02/2023 14:12,02/02/2023 15:03,XAUUSD,Sell,0.350,0.00000,1941.00000,1954.40000,1953.36000,0.0000,0.0000,104.0,36.40,0.32,"",0,00:00:50:41,56.9,28m,148.0,0.43,154.0,53.9,-66.0,-23.099999999999998,70.0,77.3,-50.00,-17.50
,81571039,02/02/2023 14:25,02/02/2023 15:03,XAUUSD,Sell,0.500,0.00000,0.00000,1954.73000,1953.26000,0.0000,0.0000,147.0,73.50,0.65,"",0,00:00:38:04,73.7,28m,129.0,0.18,187.0,93.5,-33.0,-16.5,85.0,81.8,-40.00,-20.00
,81514880,02/02/2023 08:53,02/02/2023 13:14,XAUUSD,Sell,0.350,0.00000,0.00000,1951.63000,1953.37000,0.0000,0.0000,-174.0,-60.90,-0.54,"",0,00:04:20:51,0.0,0s,784.0,833.33,0.0,0.0,-784.0,-274.4,0.0,77.8,-174.00,-60.90
,81555040,02/02/2023 11:54,02/02/2023 13:14,XAUUSD,Sell,0.350,0.00000,0.00000,1956.45000,1953.40000,0.0000,0.0000,305.0,106.75,0.95,"",0,00:01:20:05,86.3,1h 9m,166.0,0.14,447.0,156.45,-61.0,-21.349999999999998,88.0,72.0,-142.00,-49.70
,81514891,02/02/2023 08:53,02/02/2023 11:20,XAUUSD,Sell,0.350,0.00000,0.00000,1951.74000,1954.42000,0.0000,0.0000,-268.0,-93.80,-0.83,"",0,00:02:26:18,0.0,0s,773.0,833.33,0.0,0.0,-773.0,-270.54999999999995,0.0,65.3,-268.00,-93.80
,81524192,02/02/2023 10:09,02/02/2023 11:20,XAUUSD,Sell,0.750,0.00000,0.00000,1957.94000,1954.31000,0.0000,0.0000,363.0,272.25,2.47,"",0,00:01:10:24,83.1,58m,241.0,0.38,402.0,301.5,-153.0,-114.75,72.4,93.0,-39.00,-29.25
,81507499,02/02/2023 03:40,02/02/2023 05:04,XAUUSD,Sell,0.050,0.00000,0.00000,1953.20000,1952.67000,0.0000,0.0000,53.0,2.65,0.02,"",0,00:01:23:56,87.0,1h 13m,284.0,0.46,194.0,9.700000000000001,-90.0,-4.5,68.3,50.4,-141.00,-7.05
,81509097,02/02/2023 04:15,02/02/2023 05:04,XAUUSD,Sell,0.350,0.00000,0.00000,1952.79000,1952.67000,0.0000,0.0000,12.0,4.20,0.04,"",0,00:00:49:09,69.4,34m,126.0,1.01,71.0,24.849999999999998,-72.0,-25.2,49.7,58.7,-59.00,-20.65
,81477408,02/01/2023 21:17,,,Withdrawal,0.010,0.00000,0.00000,0.00000,0.00000,0.0000,0.0000,0.0,-1277.00,0,"Transfer to 11366030 #19492997",0,00:00:00:00,,,,,,,,,,,,
,81477225,02/01/2023 21:16,02/01/2023 21:16,XAUUSD,Buy,0.200,0.00000,0.00000,1927.39000,1926.44000,0.0000,0.0000,-95.0,-19.00,-0.15,"",0,00:00:00:28,,,,,,,,,,,,
,81474421,02/01/2023 21:02,02/01/2023 21:16,XAUUSD,Buy,0.500,1924.80000,0.00000,1927.29000,1926.47000,0.0000,0.0000,-82.0,-41.00,-0.33,"",0,00:00:14:16,35.8,5m,405.0,3.55,114.0,57.0,-405.0,-202.5,22.0,62.2,-196.00,-98.00
,81474689,02/01/2023 21:03,02/01/2023 21:14,XAUUSD,Buy,0.500,0.00000,0.00000,1926.02000,1927.32000,0.0000,0.0000,130.0,65.00,0.53,"",0,00:00:11:35,81.9,9m,278.0,1.15,241.0,120.5,-278.0,-139.0,46.4,78.6,-111.00,-55.50
,81474557,02/01/2023 21:02,02/01/2023 21:14,XAUUSD,Buy,0.500,0.00000,0.00000,1926.06000,1927.87000,0.0000,0.0000,181.0,90.50,0.74,"",0,00:00:11:34,75.0,8m,282.0,1.19,237.0,118.5,-282.0,-141.0,45.7,89.2,-56.00,-28.00
,81474485,02/01/2023 21:02,02/01/2023 21:14,XAUUSD,Buy,0.500,0.00000,0.00000,1926.71000,1927.78000,0.0000,0.0000,107.0,53.50,0.44,"",0,00:00:11:50,50.0,5m,347.0,2.02,172.0,86.0,-347.0,-173.5,33.1,87.5,-65.00,-32.50
,81474538,02/01/2023 21:02,02/01/2023 21:13,XAUUSD,Buy,0.500,0.00000,0.00000,1926.38000,1928.84000,0.0000,0.0000,246.0,123.00,1.02,"",0,00:00:10:25,63.7,6m,314.0,1.28,246.0,123.0,-314.0,-157.0,43.9,100.0,0.00,0.00
,81474103,02/01/2023 21:01,02/01/2023 21:10,XAUUSD,Buy,0.500,0.00000,0.00000,1925.94000,1926.92000,0.0000,0.0000,98.0,49.00,0.41,"",0,00:00:09:39,55.6,5m,270.0,1.73,156.0,78.0,-270.0,-135.0,36.6,86.4,-58.00,-29.00
,81473959,02/01/2023 21:00,02/01/2023 21:10,XAUUSD,Buy,0.500,0.00000,0.00000,1924.55000,1927.29000,0.0000,0.0000,274.0,137.00,1.16,"",0,00:00:09:57,80.0,7m,204.0,0.44,295.0,147.5,-131.0,-65.5,69.2,95.1,-21.00,-10.50
,81474310,02/01/2023 21:01,02/01/2023 21:10,XAUUSD,Buy,0.500,0.00000,0.00000,1925.95000,1928.00000,0.0000,0.0000,205.0,102.50,0.87,"",0,00:00:08:54,55.6,4m,271.0,1.32,205.0,102.5,-271.0,-135.5,43.1,100.0,0.00,0.00
,81474007,02/01/2023 21:01,02/01/2023 21:10,XAUUSD,Buy,0.500,0.00000,0.00000,1925.07000,1928.39000,0.0000,0.0000,332.0,166.00,1.44,"",0,00:00:09:43,66.7,6m,204.0,0.55,332.0,166.0,-183.0,-91.5,64.5,100.0,0.00,0.00
,81474379,02/01/2023 21:02,02/01/2023 21:10,XAUUSD,Buy,0.500,0.00000,0.00000,1927.41000,1928.69000,0.0000,0.0000,128.0,64.00,0.56,"",0,00:00:08:29,25.0,2m,417.0,3.26,128.0,64.0,-417.0,-208.5,23.5,100.0,0.00,0.00
,81475681,02/01/2023 21:07,02/01/2023 21:10,XAUUSD,Buy,1.000,0.00000,0.00000,1924.02000,1928.69000,0.0000,0.0000,467.0,467.00,4.24,"",0,00:00:03:16,,,,,,,,,,,,
,81472947,02/01/2023 20:57,02/01/2023 20:58,XAUUSD,Buy,0.100,0.00000,0.00000,1926.79000,1927.31000,0.0000,0.0000,52.0,5.20,0.05,"",0,00:00:00:58,,,,,,,,,,,,
,81472986,02/01/2023 20:58,02/01/2023 20:58,XAUUSD,Buy,0.100,0.00000,0.00000,1926.54000,1927.25000,0.0000,0.0000,71.0,7.10,0.06,"",0,00:00:00:30,,,,,,,,,,,,
,81472963,02/01/2023 20:57,02/01/2023 20:58,XAUUSD,Buy,0.100,0.00000,0.00000,1926.70000,1927.42000,0.0000,0.0000,72.0,7.20,0.07,"",0,00:00:00:43,,,,,,,,,,,,
,81471864,02/01/2023 20:34,,,Withdrawal,0.010,0.00000,0.00000,0.00000,0.00000,0.0000,0.0000,0.0,-773.96,0,"Transfer to 11366030 #19492247",0,00:00:00:00,,,,,,,,,,,,
,81471437,02/01/2023 20:24,02/01/2023 20:32,XAUUSD,Buy,0.150,0.00000,0.00000,1926.21000,1928.08000,0.0000,0.0000,187.0,28.05,0.24,"",0,00:00:08:15,87.5,7m,21.0,0.04,198.0,29.7,-8.0,-1.2,96.1,94.7,-11.00,-1.65
,81471422,02/01/2023 20:23,02/01/2023 20:31,XAUUSD,Buy,0.150,0.00000,0.00000,1926.23000,1927.88000,0.0000,0.0000,165.0,24.75,0.21,"",0,00:00:07:28,75.0,5m,32.0,0.16,196.0,29.4,-32.0,-4.8,86.0,86.4,-31.00,-4.65
,81471486,02/01/2023 20:24,02/01/2023 20:31,XAUUSD,Buy,0.300,0.00000,0.00000,1926.23000,1927.31000,0.0000,0.0000,108.0,32.40,0.28,"",0,00:00:06:08,85.8,5m,88.0,0.05,196.0,58.8,-10.0,-3.0,95.1,57.3,-88.00,-26.40
,81471516,02/01/2023 20:25,02/01/2023 20:30,XAUUSD,Buy,0.300,0.00000,0.00000,1926.06000,1927.17000,0.0000,0.0000,111.0,33.30,0.29,"",0,00:00:05:07,100.0,5m,8.0,0.01,111.0,33.3,0.0,0.0,100.0,100.0,0.00,0.00
,81471454,02/01/2023 20:24,02/01/2023 20:30,XAUUSD,Buy,1.000,0.00000,0.00000,1926.32000,1927.14000,0.0000,0.0000,82.0,82.00,0.71,"",0,00:00:06:38,66.7,4m,19.0,0.23,82.0,82.0,-19.0,-19.0,81.2,100.0,0.00,0.00
,81470990,02/01/2023 19:32,02/01/2023 20:21,XAUUSD,Buy,0.500,0.00000,0.00000,1925.31000,1925.38000,0.0000,0.0000,7.0,3.50,0.03,"from #81468793",0,00:00:48:52,42.9,20m,210.0,1.78,118.0,59.0,-210.0,-105.0,36.0,66.2,-111.00,-55.50
,81469692,02/01/2023 19:53,02/01/2023 20:21,XAUUSD,Buy,0.200,0.00000,0.00000,1923.93000,1925.78000,0.0000,0.0000,185.0,37.00,0.32,"",0,00:00:28:12,100.0,28m,120.0,0.00,256.0,51.2,0.0,0.0,100.0,72.3,-71.00,-14.20
,81468793,02/01/2023 19:32,02/01/2023 20:17,XAUUSD,Buy,0.500,0.00000,0.00000,1925.31000,1925.19000,0.0000,0.0000,-12.0,-6.00,-0.05,"to #81470990",0,00:00:44:59,37.8,17m,210.0,1.78,118.0,59.0,-210.0,-105.0,36.0,60.4,-130.00,-65.00
,81468174,02/01/2023 19:21,02/01/2023 20:02,XAUUSD,Buy,0.300,0.00000,0.00000,1924.04000,1925.10000,0.0000,0.0000,106.0,31.80,0.28,"",0,00:00:41:10,90.3,37m,252.0,0.49,169.0,50.699999999999996,-83.0,-24.9,67.1,75.0,-63.00,-18.90
,81468120,02/01/2023 19:20,02/01/2023 20:02,XAUUSD,Buy,0.300,0.00000,0.00000,1923.80000,1924.75000,0.0000,0.0000,95.0,28.50,0.25,"",0,00:00:41:58,90.5,37m,252.0,0.31,193.0,57.9,-59.0,-17.7,76.6,61.1,-98.00,-29.40
,81469316,02/01/2023 19:44,02/01/2023 19:57,XAUUSD,Buy,1.000,0.00000,0.00000,1924.89000,1925.29000,0.0000,0.0000,40.0,40.00,0.35,"",0,00:00:13:12,30.8,4m,168.0,3.73,45.0,45.0,-168.0,-168.0,21.1,97.7,-5.00,-5.00
,81468198,02/01/2023 19:21,02/01/2023 19:57,XAUUSD,Buy,1.000,0.00000,0.00000,1924.47000,1925.45000,0.0000,0.0000,98.0,98.00,0.86,"",0,00:00:35:52,69.5,24m,252.0,1.00,126.0,126.0,-126.0,-126.0,50.0,88.9,-28.00,-28.00
,81468104,02/01/2023 19:20,02/01/2023 19:57,XAUUSD,Buy,0.800,0.00000,0.00000,1923.91000,1925.54000,0.0000,0.0000,163.0,130.40,1.16,"",0,00:00:37:12,89.2,33m,252.0,0.38,182.0,145.6,-70.0,-56.0,72.2,92.5,-19.00,-15.20
,81468042,02/01/2023 19:19,02/01/2023 19:57,XAUUSD,Buy,1.000,0.00000,0.00000,1923.55000,1925.55000,0.0000,0.0000,200.0,200.00,1.82,"",0,00:00:37:50,94.8,35m,252.0,0.16,218.0,218.0,-34.0,-34.0,86.5,92.9,-18.00,-18.00
,81457587,02/01/2023 17:31,02/01/2023 18:00,XAUUSD,Buy,0.020,0.00000,0.00000,1928.82000,1931.20000,0.0000,0.0000,238.0,4.76,0.04,"",0,00:00:29:19,89.7,26m,150.0,0.20,328.0,6.5600000000000005,-66.0,-1.32,83.2,77.2,-90.00,-1.80
,81457572,02/01/2023 17:31,02/01/2023 18:00,XAUUSD,Buy,0.020,0.00000,0.00000,1928.55000,1931.30000,0.0000,0.0000,275.0,5.50,0.05,"",0,00:00:29:25,93.2,27m,150.0,0.11,355.0,7.1000000000000005,-39.0,-0.78,90.1,79.7,-80.00,-1.60
,81450463,02/01/2023 16:31,,,Withdrawal,0.010,0.00000,0.00000,0.00000,0.00000,0.0000,0.0000,0.0,-1462.20,0,"Transfer to 11366030 #19487713",0,00:00:00:00,,,,,,,,,,,,
,81429934,02/01/2023 12:05,02/01/2023 12:46,XAUUSD,Buy,1.500,0.00000,1937.00000,1925.35000,1926.38000,0.0000,0.0000,103.0,154.50,1.26,"",0,00:00:40:42,53.7,21m,144.0,1.17,123.0,184.5,-144.0,-216.0,46.1,92.5,-20.00,-30.00
,81404645,02/01/2023 09:10,02/01/2023 12:46,XAUUSD,Buy,0.500,0.00000,0.00000,1928.24000,1926.39000,0.0000,0.0000,-185.0,-92.50,-0.75,"",0,00:03:35:13,0.0,0s,483.0,500.00,0.0,0.0,-483.0,-241.5,0.0,61.7,-185.00,-92.50
,81419922,02/01/2023 10:28,02/01/2023 12:46,XAUUSD,Buy,0.350,0.00000,0.00000,1924.58000,1926.34000,0.0000,0.0000,176.0,61.60,0.50,"",0,00:02:18:07,72.7,1h 40m,311.0,0.32,235.0,82.25,-76.0,-26.599999999999998,75.6,81.0,-59.00,-20.65
,81429161,02/01/2023 11:53,02/01/2023 12:46,XAUUSD,Buy,0.500,0.00000,0.00000,1925.44000,1926.43000,0.0000,0.0000,99.0,49.50,0.40,"",0,00:00:52:10,45.3,23m,159.0,1.34,114.0,57.0,-153.0,-76.5,42.7,94.4,-15.00,-7.50
,81427953,02/01/2023 11:27,02/01/2023 12:45,XAUUSD,Buy,0.500,0.00000,0.00000,1924.73000,1926.41000,0.0000,0.0000,168.0,84.00,0.69,"",0,00:01:18:57,68.0,53m,163.0,0.50,182.0,91.0,-91.0,-45.5,66.7,94.9,-14.00,-7.00
,81429953,02/01/2023 12:05,02/01/2023 12:33,XAUUSD,Buy,1.500,0.00000,1937.00000,1925.23000,1926.08000,0.0000,0.0000,85.0,127.50,1.06,"",0,00:00:27:45,32.2,8m,132.0,1.00,132.0,198.0,-132.0,-198.0,50.0,82.2,-47.00,-70.50
,81429925,02/01/2023 12:05,02/01/2023 12:33,XAUUSD,Buy,1.500,0.00000,1937.00000,1925.31000,1926.27000,0.0000,0.0000,96.0,144.00,1.21,"",0,00:00:28:01,32.2,9m,140.0,1.13,124.0,186.0,-140.0,-210.0,47.0,89.4,-28.00,-42.00
,81430098,02/01/2023 12:08,02/01/2023 12:29,XAUUSD,Buy,1.500,0.00000,1937.00000,1925.03000,1925.66000,0.0000,0.0000,63.0,94.50,0.80,"",0,00:00:21:04,38.1,8m,120.0,1.38,81.0,121.5,-112.0,-168.0,42.0,90.7,-18.00,-27.00
,81430889,02/01/2023 12:23,02/01/2023 12:23,XAUUSD,Buy,1.500,0.00000,0.00000,1924.98000,1925.07000,0.0000,0.0000,9.0,13.50,0.11,"",0,00:00:00:53,,,,,,,,,,,,
,81428889,02/01/2023 11:48,02/01/2023 12:03,XAUUSD,Buy,0.500,0.00000,0.00000,1924.67000,1924.46000,0.0000,0.0000,-21.0,-10.50,-0.09,"",0,00:00:15:22,86.7,13m,108.0,0.24,87.0,43.5,-21.0,-10.5,80.6,0.0,-108.00,-54.00
,81428287,02/01/2023 11:33,02/01/2023 12:03,XAUUSD,Buy,0.500,0.00000,0.00000,1924.21000,1924.41000,0.0000,0.0000,20.0,10.00,0.08,"",0,00:00:30:24,93.4,28m,121.0,0.09,133.0,66.5,-12.0,-6.0,91.7,22.1,-113.00,-56.50
,81428448,02/01/2023 11:37,02/01/2023 12:03,XAUUSD,Buy,0.500,0.00000,0.00000,1924.61000,1924.48000,0.0000,0.0000,-13.0,-6.50,-0.05,"",0,00:00:26:41,77.0,20m,106.0,0.51,93.0,46.5,-47.0,-23.5,66.4,24.3,-106.00,-53.00
,81418965,02/01/2023 10:13,02/01/2023 12:03,XAUUSD,Buy,0.500,0.00000,0.00000,1924.12000,1924.52000,0.0000,0.0000,40.0,20.00,0.17,"",0,00:01:49:50,88.2,1h 36m,311.0,0.23,281.0,140.5,-66.0,-33.0,81.0,30.5,-241.00,-120.50
,81407380,02/01/2023 09:52,02/01/2023 10:42,XAUUSD,Buy,0.350,0.00000,0.00000,1924.62000,1926.60000,0.0000,0.0000,198.0,69.30,0.59,"",0,00:00:50:08,40.0,20m,177.0,0.52,231.0,80.85,-121.0,-42.349999999999994,65.6,90.6,-33.00,-11.55
,81405576,02/01/2023 09:23,02/01/2023 10:42,XAUUSD,Buy,0.500,0.00000,0.00000,1927.25000,1926.75000,0.0000,0.0000,-50.0,-25.00,-0.21,"",0,00:01:18:49,0.0,0s,384.0,384.62,0.0,0.0,-384.0,-192.0,0.0,87.0,-50.00,-25.00
,81406626,02/01/2023 09:35,02/01/2023 10:42,XAUUSD,Buy,0.800,0.00000,0.00000,1925.16000,1926.74000,0.0000,0.0000,158.0,126.40,1.09,"",0,00:01:07:06,19.5,13m,186.0,0.99,177.0,141.6,-175.0,-140.0,50.3,94.6,-19.00,-15.20
,81406619,02/01/2023 09:35,02/01/2023 10:42,XAUUSD,Buy,0.010,0.00000,0.00000,1925.17000,1926.73000,0.0000,0.0000,156.0,1.56,0.01,"",0,00:01:07:06,19.5,13m,186.0,1.00,176.0,1.76,-176.0,-1.76,50.0,94.3,-20.00,-0.20
,81415324,02/01/2023 10:06,02/01/2023 10:42,XAUUSD,Buy,0.500,0.00000,0.00000,1924.17000,1926.75000,0.0000,0.0000,258.0,129.00,1.12,"",0,00:00:36:23,69.5,25m,177.0,0.28,276.0,138.0,-76.0,-38.0,78.4,94.9,-18.00,-9.00
,81399334,02/01/2023 08:13,02/01/2023 08:41,XAUUSD,Buy,0.040,0.00000,0.00000,1927.30000,1927.23000,0.0000,0.0000,-7.0,-0.28,0.00,"",0,00:00:27:37,35.8,9m,95.0,1.25,76.0,3.04,-95.0,-3.8000000000000003,44.4,51.5,-83.00,-3.32
,81392335,02/01/2023 02:42,02/01/2023 08:41,XAUUSD,Buy,0.020,0.00000,0.00000,1927.87000,1927.26000,0.0000,0.0000,-61.0,-1.22,-0.01,"",0,00:05:58:20,7.8,27m,404.0,4.05,80.0,1.6,-324.0,-6.48,19.8,65.1,-141.00,-2.82
,81394169,02/01/2023 04:20,02/01/2023 08:41,XAUUSD,Buy,0.040,0.00000,0.00000,1925.81000,1927.28000,0.0000,0.0000,147.0,5.88,0.05,"",0,00:04:20:51,73.2,3h 10m,314.0,0.45,264.0,10.56,-118.0,-4.72,69.1,69.4,-117.00,-4.68
,81392288,02/01/2023 02:37,02/01/2023 08:41,XAUUSD,Buy,0.020,0.00000,0.00000,1927.95000,1927.33000,0.0000,0.0000,-62.0,-1.24,-0.01,"",0,00:06:03:57,6.1,22m,404.0,4.61,72.0,1.44,-332.0,-6.640000000000001,17.8,66.8,-134.00,-2.68
,81393973,02/01/2023 04:08,02/01/2023 08:40,XAUUSD,Buy,0.040,0.00000,0.00000,1926.86000,1927.30000,0.0000,0.0000,44.0,1.76,0.02,"",0,00:04:32:02,28.0,1h 16m,314.0,1.40,159.0,6.36,-223.0,-8.92,41.6,69.9,-115.00,-4.60
,81387786,01/31/2023 18:21,02/01/2023 02:37,XAUUSD,Sell,0.010,1929.50000,0.00000,1926.46000,1927.98000,0.0000,-0.0700,-152.0,-1.59,-0.01,"from #81387774",0,00:08:15:13,0.3,1m,446.0,62.89,7.0,0.07,-439.0,-4.39,1.6,64.3,-159.00,-1.59
,81392086,02/01/2023 02:25,,,Deposit,0.010,0.00000,0.00000,0.00000,0.00000,0.0000,0.0000,0.0,4.91,0,"IR #91",0,00:00:00:00,,,,,,,,,,,,
,81391433,02/01/2023 02:23,,,Deposit,0.010,0.00000,0.00000,0.00000,0.00000,0.0000,0.0000,0.0,0.98,0,"IR #91 VIP",0,00:00:00:00,,,,,,,,,,,,
,81390795,02/01/2023 02:00,,,Deposit,0.010,0.00000,0.00000,0.00000,0.00000,0.0000,0.0000,0.0,12.42,0,"VIP Rebate",0,00:00:00:00,,,,,,,,,,,,
,81390794,02/01/2023 02:00,,,Deposit,0.010,0.00000,0.00000,0.00000,0.00000,0.0000,0.0000,0.0,62.10,0,"Rebate",0,00:00:00:00,,,,,,,,,,,,
,81387774,01/31/2023 18:21,01/31/2023 23:38,XAUUSD,Sell,0.010,1929.50000,0.00000,1926.46000,1928.61000,0.0000,0.0000,-215.0,-2.15,-0.02,"to #81387786",0,00:05:16:43,0.4,1m,446.0,62.89,7.0,0.07,-439.0,-4.39,1.6,50.2,-222.00,-2.22
,81387610,01/31/2023 18:21,01/31/2023 23:37,XAUUSD,Sell,0.030,1929.50000,0.00000,1926.46000,1928.82000,0.0000,0.0000,-236.0,-7.08,-0.06,"to #81387774",0,00:05:15:33,0.4,1m,446.0,62.89,7.0,0.21,-439.0,-13.17,1.6,45.5,-243.00,-7.29
,81373773,01/31/2023 18:21,01/31/2023 23:24,XAUUSD,Sell,0.050,0.00000,0.00000,1926.46000,1928.37000,0.0000,0.0000,-191.0,-9.55,-0.08,"to #81387610",0,00:05:02:16,0.4,1m,446.0,62.89,7.0,0.35000000000000003,-439.0,-21.950000000000003,1.6,55.6,-198.00,-9.90
,81381514,01/31/2023 20:30,01/31/2023 23:23,XAUUSD,Sell,0.200,0.00000,0.00000,1929.69000,1928.41000,0.0000,0.0000,128.0,25.60,0.22,"",0,00:02:53:38,81.6,2h 21m,183.0,0.48,240.0,48.0,-116.0,-23.200000000000003,67.4,68.5,-112.00,-22.40
,81380149,01/31/2023 20:10,01/31/2023 23:23,XAUUSD,Sell,0.250,0.00000,0.00000,1930.38000,1928.45000,0.0000,0.0000,193.0,48.25,0.42,"",0,00:03:13:51,93.8,3h 1m,183.0,0.15,309.0,77.25,-47.0,-11.75,86.8,67.4,-116.00,-29.00
,81376920,01/31/2023 19:13,01/31/2023 23:22,XAUUSD,Sell,0.050,0.00000,0.00000,1928.18000,1928.39000,0.0000,0.0000,-21.0,-1.05,-0.01,"",0,00:04:08:28,22.1,54m,267.0,3.00,89.0,4.45,-267.0,-13.350000000000001,25.0,69.1,-110.00,-5.50
,81380680,01/31/2023 20:21,01/31/2023 23:21,XAUUSD,Sell,0.350,0.00000,0.00000,1930.26000,1928.36000,0.0000,0.0000,190.0,66.50,0.59,"",0,00:03:00:54,93.4,2h 48m,183.0,0.20,297.0,103.94999999999999,-59.0,-20.65,83.4,69.9,-107.00,-37.45
,81382066,01/31/2023 20:37,01/31/2023 23:21,XAUUSD,Sell,1.000,0.00000,0.00000,1929.10000,1928.35000,0.0000,0.0000,75.0,75.00,0.67,"",0,00:02:44:12,54.9,1h 30m,183.0,0.97,181.0,181.0,-175.0,-175.0,50.8,70.2,-106.00,-106.00
,81383594,01/31/2023 21:16,01/31/2023 23:20,XAUUSD,Sell,1.000,0.00000,0.00000,1929.29000,1928.53000,0.0000,0.0000,76.0,76.00,0.68,"",0,00:02:04:25,70.2,1h 27m,159.0,0.78,200.0,200.0,-156.0,-156.0,56.2,65.2,-124.00,-124.00
,81380202,01/31/2023 20:11,01/31/2023 23:20,XAUUSD,Sell,0.250,0.00000,0.00000,1930.04000,1928.57000,0.0000,0.0000,147.0,36.75,0.33,"",0,00:03:09:05,83.6,2h 38m,183.0,0.29,275.0,68.75,-81.0,-20.25,77.2,64.0,-128.00,-32.00
,81380066,01/31/2023 20:07,01/31/2023 23:20,XAUUSD,Sell,0.200,0.00000,0.00000,1929.74000,1928.61000,0.0000,0.0000,113.0,22.60,0.20,"",0,00:03:12:49,76.2,2h 26m,183.0,0.45,245.0,49.0,-111.0,-22.200000000000003,68.8,62.9,-132.00,-26.40
,81379962,01/31/2023 20:04,01/31/2023 23:20,XAUUSD,Sell,0.200,0.00000,0.00000,1929.38000,1928.57000,0.0000,0.0000,81.0,16.20,0.15,"",0,00:03:16:10,56.7,1h 51m,183.0,0.70,209.0,41.800000000000004,-147.0,-29.400000000000002,58.7,64.0,-128.00,-25.60
,81379847,01/31/2023 20:01,01/31/2023 23:20,XAUUSD,Sell,0.350,0.00000,0.00000,1929.34000,1928.53000,0.0000,0.0000,81.0,28.35,0.26,"",0,00:03:18:46,54.3,1h 47m,183.0,0.74,205.0,71.75,-151.0,-52.849999999999994,57.6,65.2,-124.00,-43.40
,81378764,01/31/2023 19:47,01/31/2023 23:20,XAUUSD,Sell,0.050,0.00000,0.00000,1929.24000,1928.58000,0.0000,0.0000,66.0,3.30,0.03,"",0,00:03:33:02,47.5,1h 41m,183.0,0.83,195.0,9.75,-161.0,-8.05,54.8,63.8,-129.00,-6.45
,81378991,01/31/2023 19:52,01/31/2023 23:20,XAUUSD,Sell,0.100,0.00000,0.00000,1929.64000,1928.77000,0.0000,0.0000,87.0,8.70,0.08,"",0,00:03:27:33,73.1,2h 31m,183.0,0.52,235.0,23.5,-121.0,-12.100000000000001,66.0,58.4,-148.00,-14.80
,81378656,01/31/2023 19:45,01/31/2023 23:20,XAUUSD,Sell,0.050,0.00000,0.00000,1929.08000,1928.56000,0.0000,0.0000,52.0,2.60,0.02,"",0,00:03:34:57,41.0,1h 28m,183.0,0.99,179.0,8.950000000000001,-177.0,-8.85,50.3,64.3,-127.00,-6.35
,81378163,01/31/2023 19:35,01/31/2023 23:20,XAUUSD,Sell,0.050,0.00000,0.00000,1930.32000,1928.56000,0.0000,0.0000,176.0,8.80,0.08,"",0,00:03:44:53,92.0,3h 26m,183.0,0.17,303.0,15.15,-53.0,-2.6500000000000004,85.1,64.3,-127.00,-6.35
,81378432,01/31/2023 19:40,01/31/2023 23:20,XAUUSD,Sell,0.050,0.00000,0.00000,1929.85000,1928.56000,0.0000,0.0000,129.0,6.45,0.06,"",0,00:03:39:33,81.0,2h 57m,183.0,0.39,256.0,12.8,-100.0,-5.0,71.9,64.3,-127.00,-6.35
,81378132,01/31/2023 19:34,01/31/2023 23:20,XAUUSD,Sell,0.050,0.00000,0.00000,1930.31000,1928.57000,0.0000,0.0000,174.0,8.70,0.08,"",0,00:03:45:07,91.6,3h 26m,183.0,0.18,302.0,15.100000000000001,-54.0,-2.7,84.8,64.0,-128.00,-6.40
,81364577,01/31/2023 17:07,01/31/2023 17:09,XAUUSD,Sell,0.150,0.00000,0.00000,1924.33000,1923.42000,0.0000,0.0000,91.0,13.65,0.12,"",0,00:00:02:04,,,,,,,,,,,,
,81344024,01/31/2023 14:51,,,Withdrawal,0.010,0.00000,0.00000,0.00000,0.00000,0.0000,0.0000,0.0,-26283.63,0,"Transfer to 11366030 #19465677",0,00:00:00:00,,,,,,,,,,,,
,81343632,01/31/2023 01:14,01/31/2023 14:48,XAUUSD,Buy,0.500,0.00000,1915.00000,1923.06000,1911.38000,0.0000,0.0000,-1168.0,-584.00,-1.54,"from #81292029",0,00:13:34:19,19.1,2h 35m,2540.0,5.92,367.0,183.5,-2173.0,-1086.5,14.4,39.6,-1535.00,-767.50
,81286828,01/30/2023 18:59,01/31/2023 14:48,XAUUSD,Buy,0.400,0.00000,0.00000,1924.51000,1911.70000,0.0000,-5.3200,-1281.0,-517.72,-1.35,"from #81278068",0,00:19:49:16,8.0,1h 35m,2540.0,10.45,222.0,88.80000000000001,-2318.0,-927.2,8.7,40.8,-1503.00,-601.20
,81287678,01/30/2023 21:49,01/31/2023 14:48,XAUUSD,Buy,0.500,0.00000,0.00000,1923.48000,1911.10000,0.0000,-6.6500,-1238.0,-625.65,-1.60,"",0,00:16:59:29,12.3,2h 5m,2540.0,6.82,325.0,162.5,-2215.0,-1107.5,12.8,38.5,-1563.00,-781.50
,81318945,01/31/2023 10:34,01/31/2023 14:48,XAUUSD,Buy,1.500,0.00000,1915.00000,1907.03000,1911.79000,0.0000,0.0000,476.0,714.00,1.86,"",0,00:04:13:32,11.8,29m,597.0,1.20,476.0,714.0,-570.0,-855.0,45.5,100.0,0.00,0.00
,81292029,01/31/2023 01:14,01/31/2023 14:48,XAUUSD,Buy,0.500,0.00000,1915.00000,1923.06000,1911.60000,0.0000,0.0000,-1146.0,-573.00,-1.47,"to #81343632",0,00:13:34:03,19.1,2h 35m,2540.0,5.92,367.0,183.5,-2173.0,-1086.5,14.4,40.4,-1513.00,-756.50
,81316967,01/31/2023 10:20,01/31/2023 14:48,XAUUSD,Buy,1.500,0.00000,1925.00000,1908.68000,1912.16000,0.0000,0.0000,348.0,522.00,1.36,"",0,00:04:27:37,3.8,10m,735.0,2.11,348.0,522.0,-735.0,-1102.5,32.1,100.0,0.00,0.00
,81330650,01/31/2023 11:48,01/31/2023 14:47,XAUUSD,Buy,1.000,0.00000,1911.00000,1904.79000,1911.36000,0.0000,0.0000,657.0,657.00,1.74,"[tp]",0,00:02:59:03,25.0,44m,428.0,0.53,657.0,657.0,-346.0,-346.0,65.5,100.0,0.00,0.00
,81329419,01/31/2023 11:34,01/31/2023 14:47,XAUUSD,Buy,3.000,0.00000,1911.00000,1906.50000,1911.36000,0.0000,0.0000,486.0,1458.00,4.02,"[tp]",0,00:03:12:37,5.2,10m,517.0,1.06,486.0,1458.0,-517.0,-1551.0,48.5,100.0,0.00,0.00
,81322592,01/31/2023 10:42,01/31/2023 14:47,XAUUSD,Buy,2.000,0.00000,1911.00000,1907.10000,1911.36000,0.0000,0.0000,426.0,852.00,2.41,"[tp]",0,00:04:05:24,10.3,25m,590.0,1.35,426.0,852.0,-577.0,-1154.0,42.5,100.0,0.00,0.00
,81317427,01/31/2023 10:23,01/31/2023 14:47,XAUUSD,Buy,1.500,0.00000,1911.00000,1908.26000,1911.36000,0.0000,0.0000,310.0,465.00,1.33,"[tp]",0,00:04:23:48,3.8,10m,693.0,2.24,310.0,465.0,-693.0,-1039.5,30.9,100.0,0.00,0.00
,81308894,01/31/2023 09:33,01/31/2023 14:47,XAUUSD,Buy,1.000,0.00000,1911.00000,1913.89000,1911.36000,0.0000,0.0000,-253.0,-253.00,-0.72,"[tp]",0,00:05:14:20,4.8,15m,1407.0,8.32,151.0,151.0,-1256.0,-1256.0,10.7,71.3,-404.00,-404.00
,81316761,01/31/2023 10:18,01/31/2023 14:47,XAUUSD,Buy,1.500,0.00000,1911.00000,1909.59000,1910.69000,0.0000,0.0000,110.0,165.00,0.47,"",0,00:04:29:16,3.8,10m,826.0,7.51,110.0,165.0,-826.0,-1239.0,11.8,100.0,0.00,0.00
,81331317,01/31/2023 11:56,01/31/2023 14:47,XAUUSD,Buy,3.500,0.00000,1911.00000,1904.19000,1909.76000,0.0000,0.0000,557.0,1949.50,5.90,"",0,00:02:51:12,53.0,1h 30m,428.0,0.51,557.0,1949.5,-286.0,-1001.0,66.1,100.0,0.00,0.00
,81315414,01/31/2023 10:12,01/31/2023 14:47,XAUUSD,Buy,1.000,0.00000,1915.00000,1910.64000,1909.55000,0.0000,0.0000,-109.0,-109.00,-0.33,"",0,00:04:34:58,0.0,0s,931.0,1000.00,0.0,0.0,-931.0,-931.0,0.0,88.3,-109.00,-109.00
,81308641,01/31/2023 09:29,01/31/2023 14:47,XAUUSD,Buy,1.500,0.00000,1911.00000,1913.61000,1909.64000,0.0000,0.0000,-397.0,-595.50,-1.76,"",0,00:05:17:52,6.3,20m,1407.0,6.86,179.0,268.5,-1228.0,-1842.0,12.7,59.1,-576.00,-864.00
,81330663,01/31/2023 11:48,01/31/2023 14:47,XAUUSD,Buy,2.000,0.00000,1911.00000,1904.82000,1909.87000,0.0000,0.0000,505.0,1010.00,3.08,"",0,00:02:58:35,25.0,44m,428.0,0.69,505.0,1010.0,-349.0,-698.0,59.1,100.0,0.00,0.00
,81331301,01/31/2023 11:55,,,Deposit,0.010,0.00000,0.00000,0.00000,0.00000,0.0000,0.0000,0.0,10000.00,0,"Deposit CONNECT USD 19462240",0,00:00:00:00,,,,,,,,,,,,
,81326217,01/31/2023 11:06,01/31/2023 11:32,XAUUSD,Buy,1.500,1904.70000,1915.00000,1906.82000,1904.10000,0.0000,0.0000,-272.0,-408.00,-1.76,"[sl]",0,00:00:26:09,40.0,10m,313.0,6.64,41.0,61.5,-272.0,-408.0,13.1,0.0,-313.00,-469.50
,81323031,01/31/2023 10:45,,,Deposit,0.010,0.00000,0.00000,0.00000,0.00000,0.0000,0.0000,0.0,4000.00,0,"Deposit CONNECT USD 19460711",0,00:00:00:00,,,,,,,,,,,,
,81322295,01/31/2023 10:40,,,Deposit,0.010,0.00000,0.00000,0.00000,0.00000,0.0000,0.0000,0.0,3500.00,0,"Deposit CONNECT USD 19460551",0,00:00:00:00,,,,,,,,,,,,
,81316734,01/31/2023 10:17,,,Deposit,0.010,0.00000,0.00000,0.00000,0.00000,0.0000,0.0000,0.0,4000.00,0,"Deposit CONNECT USD 19459908",0,00:00:00:00,,,,,,,,,,,,
,81290423,01/30/2023 22:56,01/31/2023 03:44,XAUUSD,Buy,1.000,0.00000,1926.50000,1922.37000,1926.52000,0.0000,-13.3000,415.0,401.70,3.57,"[tp]",0,00:04:47:55,49.2,2h 21m,185.0,0.27,415.0,415.0,-112.0,-112.0,78.7,100.0,0.00,0.00
,81291174,01/30/2023 23:48,01/30/2023 23:53,XAUUSD,Buy,0.200,0.00000,0.00000,1922.82000,1922.87000,0.0000,0.0000,5.0,1.00,0.01,"",0,00:00:05:05,,,,,,,,,,,,
,81284486,01/30/2023 20:54,01/30/2023 23:43,XAUUSD,Buy,1.000,1916.00000,1926.00000,1922.97000,1922.90000,0.0000,0.0000,-7.0,-7.00,-0.06,"",0,00:02:49:55,35.3,59m,271.0,1.14,142.0,142.0,-162.0,-162.0,46.7,51.0,-149.00,-149.00
,81289171,01/30/2023 22:15,01/30/2023 23:43,XAUUSD,Buy,0.500,0.00000,1926.50000,1922.67000,1922.90000,0.0000,0.0000,23.0,11.50,0.10,"",0,00:01:28:42,64.8,57m,99.0,2.30,43.0,21.5,-99.0,-49.5,30.3,85.9,-20.00,-10.00
,81288050,01/30/2023 21:57,01/30/2023 23:43,XAUUSD,Buy,0.500,0.00000,1926.00000,1922.67000,1922.90000,0.0000,0.0000,23.0,11.50,0.10,"",0,00:01:46:43,52.4,55m,99.0,2.30,43.0,21.5,-99.0,-49.5,30.3,85.9,-20.00,-10.00
,81275427,01/30/2023 18:21,01/30/2023 23:11,XAUUSD,Buy,1.500,0.00000,0.00000,1925.24000,1923.40000,0.0000,0.0000,-184.0,-276.00,-2.40,"",0,00:04:50:54,0.0,0s,389.0,400.00,0.0,0.0,-389.0,-583.5,0.0,52.7,-184.00,-276.00
,81278068,01/30/2023 18:59,01/30/2023 21:29,XAUUSD,Buy,0.400,0.00000,0.00000,1924.51000,1924.18000,0.0000,0.0000,-33.0,-13.20,-0.11,"to #81286828",0,00:02:30:33,0.0,0s,316.0,322.58,0.0,0.0,-316.0,-126.4,0.0,89.6,-33.00,-13.20
,81277234,01/30/2023 18:46,01/30/2023 21:26,XAUUSD,Buy,0.800,1916.00000,0.00000,1924.23000,1923.75000,0.0000,0.0000,-48.0,-38.40,-0.33,"",0,00:02:40:01,9.4,15m,313.0,11.52,25.0,20.0,-288.0,-230.4,8.0,76.7,-73.00,-58.40
,81283603,01/30/2023 20:29,01/30/2023 21:26,XAUUSD,Buy,0.500,0.00000,0.00000,1923.50000,1923.79000,0.0000,0.0000,29.0,14.50,0.13,"",0,00:00:57:14,33.4,19m,251.0,3.77,57.0,28.5,-215.0,-107.5,21.0,89.7,-28.00,-14.00
,81281071,01/30/2023 19:57,01/30/2023 21:23,XAUUSD,Buy,0.500,1916.00000,0.00000,1923.83000,1923.88000,0.0000,0.0000,5.0,2.50,0.02,"",0,00:01:26:06,17.7,15m,267.0,13.05,19.0,9.5,-248.0,-124.0,7.1,94.8,-14.00,-7.00
,81283065,01/30/2023 20:17,01/30/2023 21:23,XAUUSD,Buy,0.500,0.00000,0.00000,1924.04000,1923.83000,0.0000,0.0000,-21.0,-10.50,-0.09,"",0,00:01:06:10,0.0,0s,269.0,270.27,0.0,0.0,-269.0,-134.5,0.0,92.2,-21.00,-10.50
,81286230,01/30/2023 21:18,01/30/2023 21:23,XAUUSD,Buy,1.500,0.00000,0.00000,1921.49000,1923.82000,0.0000,0.0000,233.0,349.50,3.12,"",0,00:00:04:59,,,,,,,,,,,,
,81280015,01/30/2023 19:34,01/30/2023 20:00,XAUUSD,Buy,0.800,1916.00000,0.00000,1922.85000,1923.88000,0.0000,0.0000,103.0,82.40,0.74,"",0,00:00:25:19,100.0,25m,130.0,0.01,163.0,130.4,0.0,0.0,100.0,63.2,-60.00,-48.00
,81267787,01/30/2023 17:05,01/30/2023 17:36,XAUUSD,Buy,0.500,0.00000,0.00000,1926.96000,1927.97000,0.0000,0.0000,101.0,50.50,0.46,"",0,00:00:30:54,83.4,25m,182.0,0.01,182.0,91.0,0.0,0.0,100.0,55.5,-81.00,-40.50
,81270389,01/30/2023 17:25,01/30/2023 17:35,XAUUSD,Buy,0.500,0.00000,0.00000,1928.26000,1928.63000,0.0000,0.0000,37.0,18.50,0.17,"from #81269600",0,00:00:10:22,,,,,,,,,,,,
,81269600,01/30/2023 17:25,01/30/2023 17:35,XAUUSD,Buy,0.500,0.00000,0.00000,1928.26000,1928.35000,0.0000,0.0000,9.0,4.50,0.04,"to #81270389",0,00:00:09:48,,,,,,,,,,,,
,81269585,01/30/2023 17:25,01/30/2023 17:34,XAUUSD,Buy,1.000,0.00000,0.00000,1928.05000,1928.41000,0.0000,0.0000,36.0,36.00,0.33,"",0,00:00:09:13,,,,,,,,,,,,
,81268751,01/30/2023 17:14,01/30/2023 17:25,XAUUSD,Buy,0.500,0.00000,0.00000,1927.67000,1927.08000,0.0000,0.0000,-59.0,-29.50,-0.27,"",0,00:00:10:12,,,,,,,,,,,,
,81267758,01/30/2023 17:05,01/30/2023 17:25,XAUUSD,Buy,0.500,0.00000,0.00000,1926.87000,1927.25000,0.0000,0.0000,38.0,19.00,0.17,"",0,00:00:19:58,,,,,,,,,,,,
,81268519,01/30/2023 17:11,01/30/2023 17:24,XAUUSD,Buy,0.500,0.00000,0.00000,1926.57000,1927.14000,0.0000,0.0000,57.0,28.50,0.26,"",0,00:00:13:27,,,,,,,,,,,,
,81251985,01/30/2023 14:45,,,Withdrawal,0.010,0.00000,0.00000,0.00000,0.00000,0.0000,0.0000,0.0,-607.50,0,"Transfer to 11366030 #19447312",0,00:00:00:00,,,,,,,,,,,,
,81249906,01/30/2023 14:03,01/30/2023 14:37,XAUUSD,Buy,0.500,1923.70000,0.00000,1923.08000,1925.62000,0.0000,0.0000,254.0,127.00,1.11,"",0,00:00:34:29,100.0,34m,68.0,0.00,322.0,161.0,0.0,0.0,100.0,78.9,-68.00,-34.00
,81249312,01/30/2023 13:56,01/30/2023 14:18,XAUUSD,Buy,0.500,0.00000,0.00000,1923.50000,1926.00000,0.0000,0.0000,250.0,125.00,1.10,"",0,00:00:21:13,100.0,21m,0.0,0.00,250.0,125.0,0.0,0.0,100.0,100.0,0.00,0.00
,81249257,01/30/2023 13:55,01/30/2023 14:17,XAUUSD,Buy,0.500,0.00000,0.00000,1923.03000,1926.00000,0.0000,0.0000,297.0,148.50,1.33,"",0,00:00:22:04,100.0,22m,0.0,0.00,297.0,148.5,0.0,0.0,100.0,100.0,0.00,0.00
,81248067,01/30/2023 13:39,01/30/2023 14:17,XAUUSD,Buy,1.000,0.00000,0.00000,1923.93000,1926.00000,0.0000,0.0000,207.0,207.00,1.88,"",0,00:00:38:27,50.0,19m,116.0,0.56,207.0,207.0,-116.0,-116.0,64.1,100.0,0.00,0.00
,81244655,01/30/2023 13:03,,,Withdrawal,0.010,0.00000,0.00000,0.00000,0.00000,0.0000,0.0000,0.0,-10942.78,0,"Transfer to 11366030 #19445661",0,00:00:00:00,,,,,,,,,,,,
,81211117,01/30/2023 07:59,01/30/2023 13:01,XAUUSD,Buy,0.020,0.00000,0.00000,1931.15000,1930.17000,0.0000,0.0000,-98.0,-1.96,-0.01,"",0,00:05:02:08,5.0,15m,959.0,28.09,33.0,0.66,-926.0,-18.52,3.4,86.3,-131.00,-2.62
,81211660,01/30/2023 08:12,01/30/2023 13:01,XAUUSD,Buy,0.500,0.00000,0.00000,1932.25000,1930.58000,0.0000,0.0000,-167.0,-83.50,-0.38,"",0,00:04:48:53,0.0,0s,1036.0,1111.11,0.0,0.0,-1036.0,-518.0,0.0,83.9,-167.00,-83.50
,81243633,01/30/2023 10:31,01/30/2023 13:01,XAUUSD,Buy,0.500,0.00000,0.00000,1922.30000,1930.28000,0.0000,0.0000,798.0,399.00,1.84,"from #81242833",0,00:02:30:13,93.4,2h 20m,150.0,0.01,830.0,415.0,-11.0,-5.5,98.7,96.2,-32.00,-16.00
,81212975,01/30/2023 08:26,01/30/2023 12:52,XAUUSD,Buy,0.500,0.00000,0.00000,1931.54000,1928.70000,0.0000,0.0000,-284.0,-142.00,-0.65,"",0,00:04:26:04,0.0,0s,965.0,1000.00,0.0,0.0,-965.0,-482.5,0.0,70.6,-284.00,-142.00
,81242833,01/30/2023 10:31,01/30/2023 12:52,XAUUSD,Buy,0.500,0.00000,0.00000,1922.30000,1928.70000,0.0000,0.0000,640.0,320.00,1.49,"to #81243633",0,00:02:21:33,92.9,2h 11m,150.0,0.02,673.0,336.5,-11.0,-5.5,98.4,95.2,-33.00,-16.50
,81211753,01/30/2023 08:14,01/30/2023 12:38,XAUUSD,Buy,0.500,0.00000,0.00000,1931.69000,1928.70000,0.0000,0.0000,-299.0,-149.50,-0.69,"",0,00:04:23:59,0.0,0s,980.0,1000.00,0.0,0.0,-980.0,-490.0,0.0,69.5,-299.00,-149.50
,81231531,01/30/2023 10:31,01/30/2023 12:38,XAUUSD,Buy,1.000,0.00000,0.00000,1922.30000,1928.67000,0.0000,0.0000,637.0,637.00,3.04,"to #81242833",0,00:02:07:50,92.0,1h 57m,108.0,0.02,643.0,643.0,-11.0,-11.0,98.3,99.1,-6.00,-6.00
,81213200,01/30/2023 08:32,01/30/2023 12:38,XAUUSD,Buy,1.500,0.00000,0.00000,1931.65000,1928.72000,0.0000,0.0000,-293.0,-439.50,-2.05,"",0,00:04:05:52,0.0,0s,976.0,1000.00,0.0,0.0,-976.0,-1464.0,0.0,70.0,-293.00,-439.50
,81223190,01/30/2023 10:11,01/30/2023 12:38,XAUUSD,Buy,1.000,1918.50000,0.00000,1923.51000,1928.73000,0.0000,0.0000,522.0,522.00,2.50,"",0,00:02:27:16,58.7,1h 26m,162.0,0.31,522.0,522.0,-162.0,-162.0,76.3,100.0,0.00,0.00
,81213404,01/30/2023 08:40,01/30/2023 12:38,XAUUSD,Buy,1.500,0.00000,0.00000,1931.22000,1928.77000,0.0000,0.0000,-245.0,-367.50,-1.73,"",0,00:03:57:34,2.2,5m,954.0,44.44,21.0,31.5,-933.0,-1399.5,2.2,72.1,-266.00,-399.00
,81215948,01/30/2023 09:23,01/30/2023 12:38,XAUUSD,Buy,2.000,0.00000,0.00000,1927.43000,1928.77000,0.0000,0.0000,134.0,268.00,1.28,"",0,00:03:14:45,10.3,20m,667.0,4.14,134.0,268.0,-554.0,-1108.0,19.5,100.0,0.00,0.00
,81231798,01/30/2023 10:34,01/30/2023 12:08,XAUUSD,Buy,2.000,0.00000,0.00000,1922.48000,1926.02000,0.0000,0.0000,354.0,708.00,3.49,"",0,00:01:33:49,84.3,1h 19m,108.0,0.08,384.0,768.0,-29.0,-58.0,93.0,92.7,-30.00,-60.00
,81221243,01/30/2023 09:58,01/30/2023 11:35,XAUUSD,Buy,1.500,1919.00000,0.00000,1924.37000,1924.65000,0.0000,0.0000,28.0,42.00,0.21,"",0,00:01:37:34,15.0,14m,248.0,3.94,63.0,94.5,-248.0,-372.0,20.3,88.7,-35.00,-52.50
,81231786,01/30/2023 10:34,,,Deposit,0.010,0.00000,0.00000,0.00000,0.00000,0.0000,0.0000,0.0,4000.00,0,"Deposit CONNECT USD 19443236",0,00:00:00:00,,,,,,,,,,,,
,81221228,01/30/2023 09:57,,,Deposit,0.010,0.00000,0.00000,0.00000,0.00000,0.0000,0.0000,0.0,4000.00,0,"Deposit CONNECT USD 19442619",0,00:00:00:00,,,,,,,,,,,,
,81204417,01/30/2023 02:50,01/30/2023 09:52,XAUUSD,Buy,0.010,1923.70000,0.00000,1929.48000,1923.50000,0.0000,0.0000,-598.0,-5.98,-0.05,"from #81204381[sl]",0,00:07:01:56,45.3,3h 11m,1085.0,1.27,477.0,4.7700000000000005,-608.0,-6.08,44.0,0.9,-1075.00,-10.75
,81213258,01/30/2023 08:35,01/30/2023 09:07,XAUUSD,Buy,1.500,0.00000,0.00000,1931.57000,1931.34000,0.0000,0.0000,-23.0,-34.50,-0.28,"",0,00:00:32:14,0.0,0s,155.0,156.25,0.0,0.0,-155.0,-232.5,0.0,85.2,-23.00,-34.50
,81213582,01/30/2023 08:45,01/30/2023 09:07,XAUUSD,Buy,1.000,1928.80000,0.00000,1930.79000,1931.39000,0.0000,0.0000,60.0,60.00,0.49,"",0,00:00:21:46,100.0,21m,16.0,0.02,60.0,60.0,0.0,0.0,100.0,100.0,0.00,0.00
,81204381,01/30/2023 02:50,01/30/2023 03:59,XAUUSD,Buy,0.010,1923.40000,0.00000,1929.48000,1928.17000,0.0000,0.0000,-131.0,-1.31,-0.01,"to #81204417",0,00:01:08:27,0.0,0s,414.0,416.67,0.0,0.0,-414.0,-4.14,0.0,68.4,-131.00,-1.31
,81204301,01/30/2023 02:50,01/30/2023 03:58,XAUUSD,Buy,0.030,1923.40000,0.00000,1929.48000,1928.65000,0.0000,0.0000,-83.0,-2.49,-0.02,"to #81204381",0,00:01:07:15,0.0,0s,414.0,416.67,0.0,0.0,-414.0,-12.42,0.0,80.0,-83.00,-2.49
,81204276,01/30/2023 02:50,01/30/2023 03:54,XAUUSD,Buy,0.100,1923.40000,0.00000,1929.48000,1928.82000,0.0000,0.0000,-66.0,-6.60,-0.05,"to #81204301",0,00:01:03:59,0.0,0s,414.0,416.67,0.0,0.0,-414.0,-41.400000000000006,0.0,84.1,-66.00,-6.60
,81204217,01/30/2023 02:50,01/30/2023 03:54,XAUUSD,Buy,0.100,1923.40000,0.00000,1929.48000,1928.31000,0.0000,0.0000,-117.0,-11.70,-0.10,"to #81204276",0,00:01:03:04,0.0,0s,414.0,416.67,0.0,0.0,-414.0,-41.400000000000006,0.0,71.7,-117.00,-11.70
,81202015,01/30/2023 02:50,01/30/2023 03:50,XAUUSD,Buy,0.250,1923.40000,0.00000,1929.48000,1928.23000,0.0000,0.0000,-125.0,-31.25,-0.25,"to #81204217",0,00:00:59:49,0.0,0s,414.0,416.67,0.0,0.0,-414.0,-103.5,0.0,69.8,-125.00,-31.25
,81202971,01/30/2023 03:09,01/30/2023 03:50,XAUUSD,Buy,1.000,1919.00000,0.00000,1927.15000,1928.30000,0.0000,0.0000,115.0,115.00,0.95,"",0,00:00:41:01,33.4,13m,181.0,1.10,165.0,165.0,-181.0,-181.0,47.7,85.5,-50.00,-50.00
,81203106,01/30/2023 03:12,01/30/2023 03:49,XAUUSD,Buy,1.000,1921.40000,0.00000,1925.89000,1928.48000,0.0000,0.0000,259.0,259.00,2.18,"",0,00:00:37:14,57.2,21m,109.0,0.08,286.0,286.0,-24.0,-24.0,92.3,91.3,-27.00,-27.00
,81202845,01/30/2023 03:06,01/30/2023 03:49,XAUUSD,Buy,0.500,0.00000,0.00000,1928.42000,1928.49000,0.0000,0.0000,7.0,3.50,0.03,"",0,00:00:42:46,25.0,10m,308.0,9.34,33.0,16.5,-308.0,-154.0,9.7,92.4,-26.00,-13.00
,81202811,01/30/2023 03:06,01/30/2023 03:47,XAUUSD,Buy,0.500,0.00000,1928.50000,1928.14000,1928.13000,0.0000,0.0000,-1.0,-0.50,0.00,"",0,00:00:41:10,12.5,5m,280.0,4.59,61.0,30.5,-280.0,-140.0,17.9,81.8,-62.00,-31.00
,81203408,01/30/2023 03:21,01/30/2023 03:47,XAUUSD,Buy,1.500,1921.00000,1928.50000,1926.17000,1928.15000,0.0000,0.0000,198.0,297.00,2.56,"",0,00:00:25:38,60.0,15m,60.0,0.20,258.0,387.0,-52.0,-78.0,83.2,80.6,-60.00,-90.00
,81203253,01/30/2023 03:16,01/30/2023 03:47,XAUUSD,Buy,1.000,1921.00000,1928.00000,1925.67000,1928.13000,0.0000,0.0000,246.0,246.00,2.17,"[tp]",0,00:00:30:40,83.4,25m,109.0,0.01,308.0,308.0,-2.0,-2.0,99.4,80.0,-62.00,-62.00
,81202863,01/30/2023 03:06,01/30/2023 03:47,XAUUSD,Buy,1.000,0.00000,1928.00000,1928.45000,1928.13000,0.0000,0.0000,-32.0,-32.00,-0.28,"[tp]",0,00:00:40:09,12.5,5m,311.0,10.37,30.0,30.0,-311.0,-311.0,8.8,81.8,-62.00,-62.00
,81202828,01/30/2023 03:06,01/30/2023 03:47,XAUUSD,Buy,0.500,0.00000,1928.00000,1928.23000,1928.13000,0.0000,0.0000,-10.0,-5.00,-0.04,"[tp]",0,00:00:40:35,12.5,5m,289.0,5.56,52.0,26.0,-289.0,-144.5,15.2,81.8,-62.00,-31.00
,81201898,01/30/2023 02:44,01/30/2023 03:03,XAUUSD,Buy,1.000,1926.00000,0.00000,1928.87000,1929.02000,0.0000,0.0000,15.0,15.00,0.13,"",0,00:00:19:08,,,,,,,,,,,,
,81202231,01/30/2023 02:59,01/30/2023 03:03,XAUUSD,Buy,0.500,1927.20000,0.00000,1928.82000,1929.05000,0.0000,0.0000,23.0,11.50,0.10,"",0,00:00:03:42,,,,,,,,,,,,
,81201872,01/30/2023 02:42,01/30/2023 03:03,XAUUSD,Buy,1.000,0.00000,0.00000,1928.63000,1929.24000,0.0000,0.0000,61.0,61.00,0.54,"",0,00:00:20:53,50.0,10m,75.0,1.03,61.0,61.0,-63.0,-63.0,49.2,100.0,0.00,0.00
,81201627,01/30/2023 02:27,01/30/2023 03:03,XAUUSD,Buy,2.000,1924.00000,0.00000,1929.06000,1929.47000,0.0000,0.0000,41.0,82.00,0.73,"",0,00:00:35:53,28.6,10m,171.0,1.63,65.0,130.0,-106.0,-212.0,38.0,86.0,-24.00,-48.00
,81200313,01/30/2023 01:31,01/30/2023 02:39,XAUUSD,Buy,0.500,0.00000,0.00000,1928.70000,1928.91000,0.0000,0.0000,21.0,10.50,0.09,"",0,00:01:08:36,53.9,36m,111.0,0.99,74.0,37.0,-73.0,-36.5,50.3,63.9,-53.00,-26.50
,81201657,01/30/2023 02:27,01/30/2023 02:39,XAUUSD,Buy,1.000,1927.40000,0.00000,1929.02000,1928.91000,0.0000,0.0000,-11.0,-11.00,-0.10,"",0,00:00:11:44,,,,,,,,,,,,
,81200363,01/30/2023 01:34,01/30/2023 02:39,XAUUSD,Buy,0.500,1924.80000,0.00000,1928.57000,1929.01000,0.0000,0.0000,44.0,22.00,0.20,"",0,00:01:05:24,69.3,45m,111.0,0.69,87.0,43.5,-60.0,-30.0,59.2,70.7,-43.00,-21.50
,81200785,01/30/2023 01:59,01/30/2023 02:39,XAUUSD,Buy,1.000,1927.20000,0.00000,1928.82000,1928.95000,0.0000,0.0000,13.0,13.00,0.12,"",0,00:00:39:56,62.5,24m,66.0,1.88,26.0,26.0,-49.0,-49.0,34.7,82.7,-13.00,-13.00
,81200549,01/30/2023 01:46,01/30/2023 02:34,XAUUSD,Buy,0.500,0.00000,0.00000,1928.43000,1929.05000,0.0000,0.0000,62.0,31.00,0.28,"",0,00:00:48:23,77.8,37m,111.0,0.10,101.0,50.5,-10.0,-5.0,91.0,64.9,-39.00,-19.50
,81200232,01/30/2023 01:29,01/30/2023 02:34,XAUUSD,Buy,0.600,0.00000,0.00000,1928.92000,1929.19000,0.0000,0.0000,27.0,16.20,0.15,"",0,00:01:05:12,38.5,25m,137.0,2.64,52.0,31.2,-137.0,-82.2,27.5,86.8,-25.00,-15.00
,81200219,01/30/2023 01:29,01/30/2023 02:31,XAUUSD,Buy,0.600,0.00000,0.00000,1928.79000,1929.17000,0.0000,0.0000,38.0,22.80,0.21,"",0,00:01:02:06,46.2,28m,124.0,1.91,65.0,39.0,-124.0,-74.39999999999999,34.4,85.7,-27.00,-16.20
,81200259,01/30/2023 01:29,01/30/2023 02:31,XAUUSD,Buy,1.000,0.00000,0.00000,1929.14000,1929.17000,0.0000,0.0000,3.0,3.00,0.03,"",0,00:01:01:34,15.4,9m,159.0,5.30,30.0,30.0,-159.0,-159.0,15.9,85.7,-27.00,-27.00
,81201446,01/30/2023 02:20,01/30/2023 02:27,XAUUSD,Buy,0.010,1927.20000,0.00000,1928.72000,1928.81000,0.0000,0.0000,9.0,0.09,0.00,"",0,00:00:06:14,,,,,,,,,,,,
,81201464,01/30/2023 02:21,01/30/2023 02:27,XAUUSD,Buy,0.800,1927.00000,0.00000,1928.73000,1928.72000,0.0000,0.0000,-1.0,-0.80,-0.01,"",0,00:00:05:51,,,,,,,,,,,,
,81200599,01/30/2023 01:48,01/30/2023 02:26,XAUUSD,Buy,1.000,1924.50000,0.00000,1928.37000,1928.65000,0.0000,0.0000,28.0,28.00,0.25,"",0,00:00:38:00,75.0,28m,111.0,0.04,107.0,107.0,-4.0,-4.0,96.4,28.8,-79.00,-79.00
,81200767,01/30/2023 01:58,01/30/2023 02:02,XAUUSD,Buy,1.500,1927.00000,0.00000,1928.67000,1928.78000,0.0000,0.0000,11.0,16.50,0.15,"",0,00:00:03:09,,,,,,,,,,,,
,81200347,01/30/2023 01:33,01/30/2023 01:58,XAUUSD,Buy,0.500,0.00000,0.00000,1928.41000,1928.36000,0.0000,0.0000,-5.0,-2.50,-0.02,"",0,00:00:24:07,40.0,9m,54.0,0.90,49.0,24.5,-44.0,-22.0,52.7,41.9,-54.00,-27.00
,81200514,01/30/2023 01:43,01/30/2023 01:57,XAUUSD,Buy,1.000,1924.80000,0.00000,1928.26000,1928.36000,0.0000,0.0000,10.0,10.00,0.09,"",0,00:00:14:04,,,,,,,,,,,,
,81200419,01/30/2023 01:37,01/30/2023 01:57,XAUUSD,Buy,1.000,1924.80000,0.00000,1927.96000,1928.37000,0.0000,0.0000,41.0,41.00,0.37,"",0,00:00:19:30,,,,,,,,,,,,
,81200464,01/30/2023 01:42,01/30/2023 01:47,XAUUSD,Buy,0.500,0.00000,0.00000,1927.77000,1927.83000,0.0000,0.0000,6.0,3.00,0.03,"",0,00:00:05:18,,,,,,,,,,,,
,81187018,01/27/2023 20:14,01/27/2023 20:17,XAUUSD,Buy,0.200,0.00000,0.00000,1929.60000,1929.70000,0.0000,0.0000,10.0,2.00,0.02,"",0,00:00:02:51,,,,,,,,,,,,
,81187006,01/27/2023 20:14,01/27/2023 20:17,XAUUSD,Buy,0.200,0.00000,0.00000,1929.41000,1929.70000,0.0000,0.0000,29.0,5.80,0.05,"",0,00:00:03:12,,,,,,,,,,,,
,81183341,01/27/2023 18:41,01/27/2023 18:50,XAUUSD,Buy,0.020,0.00000,0.00000,1931.04000,1931.36000,0.0000,0.0000,32.0,0.64,0.01,"",0,00:00:09:00,,,,,,,,,,,,
,81183380,01/27/2023 18:42,01/27/2023 18:50,XAUUSD,Buy,0.020,0.00000,0.00000,1930.81000,1931.35000,0.0000,0.0000,54.0,1.08,0.01,"",0,00:00:08:22,,,,,,,,,,,,
,81182921,01/27/2023 18:33,01/27/2023 18:50,XAUUSD,Buy,0.020,0.00000,0.00000,1931.38000,1931.47000,0.0000,0.0000,9.0,0.18,0.00,"",0,00:00:17:26,,,,,,,,,,,,
,81182999,01/27/2023 18:34,01/27/2023 18:48,XAUUSD,Buy,0.020,0.00000,0.00000,1931.44000,1931.11000,0.0000,0.0000,-33.0,-0.66,-0.01,"",0,00:00:13:18,,,,,,,,,,,,
,81183107,01/27/2023 18:35,01/27/2023 18:48,XAUUSD,Buy,0.020,0.00000,0.00000,1931.09000,1931.21000,0.0000,0.0000,12.0,0.24,0.00,"",0,00:00:12:06,,,,,,,,,,,,
,81182107,01/27/2023 18:19,,,Withdrawal,0.010,0.00000,0.00000,0.00000,0.00000,0.0000,0.0000,0.0,-1033.66,0,"Transfer to 11366030 #19421539",0,00:00:00:00,,,,,,,,,,,,
,81181310,01/27/2023 18:07,01/27/2023 18:17,XAUUSD,Buy,0.500,0.00000,0.00000,1926.40000,1929.38000,0.0000,0.0000,298.0,149.00,1.25,"",0,00:00:09:37,,,,,,,,,,,,
,81181455,01/27/2023 18:09,01/27/2023 18:17,XAUUSD,Buy,0.500,0.00000,0.00000,1925.33000,1929.44000,0.0000,0.0000,411.0,205.50,1.76,"",0,00:00:07:53,,,,,,,,,,,,
,81181416,01/27/2023 18:08,01/27/2023 18:17,XAUUSD,Buy,0.500,0.00000,0.00000,1925.07000,1929.90000,0.0000,0.0000,483.0,241.50,2.11,"",0,00:00:08:14,,,,,,,,,,,,
,81181538,01/27/2023 18:10,01/27/2023 18:13,XAUUSD,Buy,0.500,0.00000,0.00000,1925.82000,1926.92000,0.0000,0.0000,110.0,55.00,0.48,"",0,00:00:02:34,,,,,,,,,,,,
,81181323,01/27/2023 18:07,01/27/2023 18:13,XAUUSD,Buy,0.500,0.00000,0.00000,1926.11000,1927.06000,0.0000,0.0000,95.0,47.50,0.42,"",0,00:00:05:37,,,,,,,,,,,,
,81180841,01/27/2023 18:01,01/27/2023 18:04,XAUUSD,Buy,0.500,0.00000,0.00000,1925.17000,1925.17000,0.0000,0.0000,0.0,0.00,0.00,"",0,00:00:02:39,,,,,,,,,,,,
,81180637,01/27/2023 18:00,01/27/2023 18:04,XAUUSD,Buy,0.500,0.00000,0.00000,1924.43000,1925.15000,0.0000,0.0000,72.0,36.00,0.32,"",0,00:00:04:15,,,,,,,,,,,,
,81180747,01/27/2023 18:00,01/27/2023 18:04,XAUUSD,Buy,0.500,0.00000,0.00000,1924.40000,1925.26000,0.0000,0.0000,86.0,43.00,0.38,"",0,00:00:03:44,,,,,,,,,,,,
,81177077,01/27/2023 17:30,01/27/2023 17:34,XAUUSD,Buy,0.500,0.00000,0.00000,1925.83000,1926.18000,0.0000,0.0000,35.0,17.50,0.16,"",0,00:00:04:23,,,,,,,,,,,,
,81177141,01/27/2023 17:31,01/27/2023 17:34,XAUUSD,Buy,0.500,0.00000,0.00000,1925.49000,1926.04000,0.0000,0.0000,55.0,27.50,0.25,"",0,00:00:03:25,,,,,,,,,,,,
,81176859,01/27/2023 17:27,01/27/2023 17:34,XAUUSD,Buy,0.100,1921.00000,0.00000,1925.43000,1926.07000,0.0000,0.0000,64.0,6.40,0.06,"",0,00:00:07:07,,,,,,,,,,,,
,81176968,01/27/2023 17:29,01/27/2023 17:34,XAUUSD,Buy,0.500,0.00000,0.00000,1925.77000,1926.08000,0.0000,0.0000,31.0,15.50,0.14,"",0,00:00:05:06,,,,,,,,,,,,
,81176958,01/27/2023 17:29,01/27/2023 17:34,XAUUSD,Buy,0.500,0.00000,0.00000,1925.66000,1926.09000,0.0000,0.0000,43.0,21.50,0.19,"",0,00:00:05:07,,,,,,,,,,,,
,81174840,01/27/2023 17:02,01/27/2023 17:12,XAUUSD,Buy,1.000,0.00000,0.00000,1926.09000,1925.97000,0.0000,0.0000,-12.0,-12.00,-0.11,"",0,00:00:10:37,,,,,,,,,,,,
,81175015,01/27/2023 17:04,01/27/2023 17:12,XAUUSD,Buy,0.500,0.00000,0.00000,1924.94000,1926.22000,0.0000,0.0000,128.0,64.00,0.58,"",0,00:00:08:00,,,,,,,,,,,,
,81174932,01/27/2023 17:03,01/27/2023 17:12,XAUUSD,Buy,0.010,0.00000,0.00000,1925.43000,1926.19000,0.0000,0.0000,76.0,0.76,0.01,"",0,00:00:09:11,,,,,,,,,,,,
,81174828,01/27/2023 17:02,01/27/2023 17:11,XAUUSD,Buy,1.000,0.00000,0.00000,1925.88000,1927.03000,0.0000,0.0000,115.0,115.00,1.05,"",0,00:00:09:43,,,,,,,,,,,,
,81165338,01/27/2023 15:31,,,Withdrawal,0.010,0.00000,0.00000,0.00000,0.00000,0.0000,0.0000,0.0,-560.50,0,"Transfer to 11366030 #19418367",0,00:00:00:00,,,,,,,,,,,,
,81164897,01/27/2023 15:18,01/27/2023 15:30,XAUUSD,Buy,0.200,1931.40000,0.00000,1931.08000,1931.30000,0.0000,0.0000,22.0,4.40,0.04,"from #81164167[sl]",0,00:00:12:02,,,,,,,,,,,,
,81164167,01/27/2023 15:18,01/27/2023 15:28,XAUUSD,Buy,0.300,1931.40000,0.00000,1931.08000,1932.65000,0.0000,0.0000,157.0,47.10,0.41,"to #81164897",0,00:00:09:49,,,,,,,,,,,,
,81164082,01/27/2023 15:15,01/27/2023 15:22,XAUUSD,Buy,0.500,0.00000,0.00000,1931.17000,1933.49000,0.0000,0.0000,232.0,116.00,1.02,"",0,00:00:06:47,,,,,,,,,,,,
,81164057,01/27/2023 15:15,01/27/2023 15:22,XAUUSD,Buy,1.000,0.00000,0.00000,1931.57000,1933.23000,0.0000,0.0000,166.0,166.00,1.48,"",0,00:00:07:11,,,,,,,,,,,,
,81164206,01/27/2023 15:19,01/27/2023 15:22,XAUUSD,Buy,0.500,0.00000,0.00000,1930.79000,1933.17000,0.0000,0.0000,238.0,119.00,1.07,"",0,00:00:02:41,,,,,,,,,,,,
,81164193,01/27/2023 15:19,01/27/2023 15:22,XAUUSD,Buy,0.500,0.00000,0.00000,1930.72000,1932.87000,0.0000,0.0000,215.0,107.50,0.98,"",0,00:00:02:45,,,,,,,,,,,,
,81162621,01/27/2023 14:55,01/27/2023 15:00,XAUUSD,Buy,0.050,0.00000,0.00000,1930.63000,1930.73000,0.0000,0.0000,10.0,0.50,0.00,"",0,00:00:05:11,,,,,,,,,,,,
,81161215,01/27/2023 14:27,,,Withdrawal,0.010,0.00000,0.00000,0.00000,0.00000,0.0000,0.0000,0.0,-876.49,0,"Transfer to 11366030 #19417342",0,00:00:00:00,,,,,,,,,,,,
,81160635,01/27/2023 13:43,01/27/2023 14:26,XAUUSD,Buy,0.010,1930.75000,0.00000,1930.89000,1930.73000,0.0000,0.0000,-16.0,-0.16,0.00,"from #81160567[sl]",0,00:00:42:19,66.7,28m,127.0,0.68,111.0,1.11,-75.0,-0.75,59.7,31.7,-127.00,-1.27
,81160567,01/27/2023 13:43,01/27/2023 14:14,XAUUSD,Buy,0.010,1928.80000,0.00000,1930.89000,1931.49000,0.0000,0.0000,60.0,0.60,0.01,"to #81160635",0,00:00:30:53,66.7,20m,75.0,0.68,111.0,1.11,-75.0,-0.75,59.7,72.6,-51.00,-0.51
,81160510,01/27/2023 13:43,01/27/2023 14:11,XAUUSD,Buy,0.030,1928.80000,0.00000,1930.89000,1930.94000,0.0000,0.0000,5.0,0.15,0.00,"to #81160567",0,00:00:28:13,66.7,18m,106.0,0.68,111.0,3.33,-75.0,-2.25,59.7,43.0,-106.00,-3.18
,81159162,01/27/2023 13:43,01/27/2023 14:10,XAUUSD,Buy,0.100,1928.80000,0.00000,1930.89000,1931.40000,0.0000,0.0000,51.0,5.10,0.04,"to #81160510",0,00:00:26:30,66.7,17m,75.0,0.68,111.0,11.100000000000001,-75.0,-7.5,59.7,67.7,-60.00,-6.00
,81159515,01/27/2023 13:52,01/27/2023 14:09,XAUUSD,Buy,0.150,0.00000,0.00000,1930.42000,1931.59000,0.0000,0.0000,117.0,17.55,0.15,"",0,00:00:17:33,,,,,,,,,,,,
,81159528,01/27/2023 13:52,01/27/2023 14:09,XAUUSD,Buy,0.350,1926.80000,0.00000,1930.43000,1931.52000,0.0000,0.0000,109.0,38.15,0.32,"",0,00:00:17:16,,,,,,,,,,,,
,81159241,01/27/2023 13:45,01/27/2023 14:09,XAUUSD,Buy,0.150,0.00000,0.00000,1930.43000,1931.53000,0.0000,0.0000,110.0,16.50,0.14,"",0,00:00:24:21,75.0,18m,29.0,0.26,110.0,16.5,-29.0,-4.35,79.1,100.0,0.00,0.00
,81158703,01/27/2023 12:24,01/27/2023 14:09,XAUUSD,Buy,0.500,196.80000,1948.00000,1928.32000,1931.47000,0.0000,0.0000,315.0,157.50,1.35,"from #81158236",0,00:01:45:34,90.5,1h 35m,128.0,0.16,315.0,157.5,-50.0,-25.0,86.3,100.0,0.00,0.00
,81160177,01/27/2023 14:03,01/27/2023 14:06,XAUUSD,Buy,0.500,0.00000,0.00000,1931.26000,1931.70000,0.0000,0.0000,44.0,22.00,0.19,"",0,00:00:03:43,,,,,,,,,,,,
,81160171,01/27/2023 14:03,01/27/2023 14:06,XAUUSD,Buy,0.500,0.00000,0.00000,1931.25000,1931.67000,0.0000,0.0000,42.0,21.00,0.18,"",0,00:00:03:42,,,,,,,,,,,,
,81159743,01/27/2023 13:58,01/27/2023 14:06,XAUUSD,Buy,0.350,0.00000,0.00000,1929.49000,1931.66000,0.0000,0.0000,217.0,75.95,0.66,"",0,00:00:08:38,,,,,,,,,,,,
,81160164,01/27/2023 14:03,01/27/2023 14:06,XAUUSD,Buy,0.500,0.00000,0.00000,1931.24000,1931.76000,0.0000,0.0000,52.0,26.00,0.23,"",0,00:00:03:35,,,,,,,,,,,,
,81160200,01/27/2023 14:03,01/27/2023 14:06,XAUUSD,Buy,1.000,0.00000,0.00000,1930.99000,1931.68000,0.0000,0.0000,69.0,69.00,0.60,"",0,00:00:02:59,,,,,,,,,,,,
,81158236,01/27/2023 12:24,01/27/2023 13:30,XAUUSD,Buy,0.500,1928.80000,1948.00000,1928.32000,1930.18000,0.0000,0.0000,186.0,93.00,0.82,"to #81158703",0,00:01:06:48,85.8,57m,104.0,0.19,258.0,129.0,-50.0,-25.0,83.8,76.6,-72.00,-36.00
,81157939,01/27/2023 12:24,01/27/2023 13:22,XAUUSD,Buy,0.500,0.00000,0.00000,1928.32000,1929.50000,0.0000,0.0000,118.0,59.00,0.52,"to #81158236",0,00:00:58:23,83.4,48m,108.0,0.22,226.0,113.0,-50.0,-25.0,81.9,60.9,-108.00,-54.00
,81157000,01/27/2023 12:53,01/27/2023 13:22,XAUUSD,Buy,0.100,0.00000,0.00000,1928.57000,1929.55000,0.0000,0.0000,98.0,9.80,0.09,"",0,00:00:29:06,100.0,29m,103.0,0.01,201.0,20.1,0.0,0.0,100.0,48.8,-103.00,-10.30
,81155932,01/27/2023 12:24,01/27/2023 13:15,XAUUSD,Buy,1.000,0.00000,0.00000,1928.32000,1929.59000,0.0000,0.0000,127.0,127.00,1.14,"to #81157939",0,00:00:51:49,81.9,42m,104.0,0.22,226.0,226.0,-50.0,-50.0,81.9,64.1,-99.00,-99.00
,81156409,01/27/2023 12:36,01/27/2023 13:15,XAUUSD,Buy,0.250,0.00000,0.00000,1928.68000,1929.52000,0.0000,0.0000,84.0,21.00,0.19,"",0,00:00:39:15,62.5,24m,106.0,0.35,190.0,47.5,-67.0,-16.75,73.9,58.8,-106.00,-26.50
,81156315,01/27/2023 12:32,01/27/2023 13:15,XAUUSD,Buy,0.500,0.00000,0.00000,1927.87000,1929.52000,0.0000,0.0000,165.0,82.50,0.75,"",0,00:00:43:16,100.0,43m,106.0,0.00,271.0,135.5,0.0,0.0,100.0,60.9,-106.00,-53.00
,81151908,01/27/2023 11:02,01/27/2023 11:25,XAUUSD,Buy,0.250,0.00000,0.00000,1926.04000,1927.22000,0.0000,0.0000,118.0,29.50,0.27,"",0,00:00:23:26,100.0,23m,83.0,0.01,201.0,50.25,0.0,0.0,100.0,58.7,-83.00,-20.75
,81151903,01/27/2023 11:02,01/27/2023 11:22,XAUUSD,Buy,0.250,0.00000,0.00000,1926.13000,1926.87000,0.0000,0.0000,74.0,18.50,0.17,"",0,00:00:20:20,75.0,15m,29.0,0.01,103.0,25.75,-1.0,-0.25,99.0,72.1,-29.00,-7.25
,81149909,01/27/2023 10:28,01/27/2023 11:02,XAUUSD,Sell,0.050,1928.00000,0.00000,1923.40000,1926.03000,0.0000,0.0000,-263.0,-13.15,-0.12,"",0,00:00:34:19,0.0,0s,281.0,285.71,0.0,0.0,-281.0,-14.05,0.0,6.4,-263.00,-13.15
,81130984,01/26/2023 20:33,,,Withdrawal,0.010,0.00000,0.00000,0.00000,0.00000,0.0000,0.0000,0.0,-602.76,0,"Transfer to 11366030 #19408095",0,00:00:00:00,,,,,,,,,,,,
,81130468,01/26/2023 20:24,01/26/2023 20:32,XAUUSD,Buy,0.300,1929.40000,0.00000,1928.86000,1930.90000,0.0000,0.0000,204.0,61.20,0.53,"",0,00:00:08:05,,,,,,,,,,,,
,81130425,01/26/2023 20:22,01/26/2023 20:30,XAUUSD,Buy,1.000,0.00000,0.00000,1928.68000,1929.75000,0.0000,0.0000,107.0,107.00,0.94,"",0,00:00:08:00,,,,,,,,,,,,
,81130436,01/26/2023 20:23,01/26/2023 20:27,XAUUSD,Buy,0.300,0.00000,0.00000,1928.72000,1929.10000,0.0000,0.0000,38.0,11.40,0.10,"",0,00:00:04:18,,,,,,,,,,,,
,81130499,01/26/2023 20:25,01/26/2023 20:27,XAUUSD,Buy,0.300,0.00000,0.00000,1928.40000,1929.09000,0.0000,0.0000,69.0,20.70,0.18,"",0,00:00:02:22,,,,,,,,,,,,
,81130551,01/26/2023 20:26,01/26/2023 20:27,XAUUSD,Buy,1.000,0.00000,0.00000,1928.75000,1929.09000,0.0000,0.0000,34.0,34.00,0.30,"",0,00:00:01:17,,,,,,,,,,,,
,81130300,01/26/2023 20:18,01/26/2023 20:19,XAUUSD,Buy,0.010,0.00000,0.00000,1928.28000,1928.59000,0.0000,0.0000,31.0,0.31,0.00,"",0,00:00:00:25,,,,,,,,,,,,
,81130043,01/26/2023 20:08,01/26/2023 20:13,XAUUSD,Buy,0.200,0.00000,0.00000,1927.64000,1927.85000,0.0000,0.0000,21.0,4.20,0.04,"",0,00:00:04:43,,,,,,,,,,,,
,81130085,01/26/2023 20:09,01/26/2023 20:13,XAUUSD,Buy,0.200,0.00000,0.00000,1927.56000,1927.92000,0.0000,0.0000,36.0,7.20,0.06,"",0,00:00:03:09,,,,,,,,,,,,
,81130057,01/26/2023 20:08,01/26/2023 20:11,XAUUSD,Buy,0.200,0.00000,0.00000,1927.39000,1927.64000,0.0000,0.0000,25.0,5.00,0.04,"",0,00:00:02:12,,,,,,,,,,,,
,81127930,01/26/2023 19:13,01/26/2023 20:04,XAUUSD,Buy,0.010,0.00000,0.00000,1930.02000,1927.27000,0.0000,0.0000,-275.0,-2.75,-0.02,"",0,00:00:50:34,,,,,,,,,,,,
,81128410,01/26/2023 19:23,01/26/2023 20:04,XAUUSD,Buy,0.020,0.00000,0.00000,1927.73000,1927.28000,0.0000,0.0000,-45.0,-0.90,-0.01,"",0,00:00:40:25,,,,,,,,,,,,
,81128225,01/26/2023 19:19,01/26/2023 20:03,XAUUSD,Buy,0.010,0.00000,0.00000,1929.13000,1927.33000,0.0000,0.0000,-180.0,-1.80,-0.02,"",0,00:00:44:28,,,,,,,,,,,,
,81128529,01/26/2023 19:25,01/26/2023 20:03,XAUUSD,Buy,0.040,0.00000,0.00000,1926.89000,1927.34000,0.0000,0.0000,45.0,1.80,0.02,"",0,00:00:38:04,,,,,,,,,,,,
,81129134,01/26/2023 19:43,01/26/2023 20:03,XAUUSD,Buy,0.350,0.00000,0.00000,1927.30000,1927.32000,0.0000,0.0000,2.0,0.70,0.01,"",0,00:00:19:18,,,,,,,,,,,,
,81128608,01/26/2023 19:27,01/26/2023 20:03,XAUUSD,Buy,0.200,0.00000,0.00000,1927.06000,1927.37000,0.0000,0.0000,31.0,6.20,0.05,"",0,00:00:35:21,,,,,,,,,,,,
,81129396,01/26/2023 19:50,01/26/2023 20:02,XAUUSD,Buy,0.500,0.00000,0.00000,1926.56000,1927.56000,0.0000,0.0000,100.0,50.00,0.44,"",0,00:00:12:44,,,,,,,,,,,,
,81129371,01/26/2023 19:49,01/26/2023 20:02,XAUUSD,Buy,0.350,0.00000,0.00000,1926.58000,1927.16000,0.0000,0.0000,58.0,20.30,0.18,"",0,00:00:12:18,,,,,,,,,,,,
,81128593,01/26/2023 19:27,01/26/2023 20:02,XAUUSD,Buy,0.200,0.00000,0.00000,1926.80000,1927.45000,0.0000,0.0000,65.0,13.00,0.12,"",0,00:00:34:53,,,,,,,,,,,,
,81128553,01/26/2023 19:26,01/26/2023 20:02,XAUUSD,Buy,0.200,0.00000,0.00000,1927.42000,1927.77000,0.0000,0.0000,35.0,7.00,0.06,"",0,00:00:35:51,,,,,,,,,,,,
,81128990,01/26/2023 19:39,01/26/2023 20:02,XAUUSD,Buy,0.500,0.00000,0.00000,1927.00000,1927.73000,0.0000,0.0000,73.0,36.50,0.33,"",0,00:00:22:39,40.0,9m,56.0,0.77,73.0,36.5,-56.0,-28.0,56.6,100.0,0.00,0.00
,81128627,01/26/2023 19:27,01/26/2023 20:01,XAUUSD,Buy,0.500,0.00000,0.00000,1927.02000,1927.54000,0.0000,0.0000,52.0,26.00,0.23,"",0,00:00:34:02,,,,,,,,,,,,
,81127018,01/26/2023 18:53,01/26/2023 18:58,XAUUSD,Buy,0.500,0.00000,0.00000,1926.00000,1926.14000,0.0000,0.0000,14.0,7.00,0.06,"from #81127005",0,00:00:04:21,,,,,,,,,,,,
,81127005,01/26/2023 18:53,01/26/2023 18:58,XAUUSD,Buy,0.500,0.00000,0.00000,1926.00000,1926.14000,0.0000,0.0000,14.0,7.00,0.06,"to #81127018",0,00:00:04:11,,,,,,,,,,,,
,81126830,01/26/2023 18:53,01/26/2023 18:57,XAUUSD,Buy,1.000,0.00000,0.00000,1926.00000,1925.97000,0.0000,0.0000,-3.0,-3.00,-0.03,"to #81127005",0,00:00:03:58,,,,,,,,,,,,
,81126848,01/26/2023 18:54,01/26/2023 18:57,XAUUSD,Buy,0.500,0.00000,0.00000,1925.82000,1925.90000,0.0000,0.0000,8.0,4.00,0.04,"",0,00:00:03:11,,,,,,,,,,,,
,81126504,01/26/2023 18:46,01/26/2023 18:49,XAUUSD,Buy,0.800,0.00000,0.00000,1925.72000,1925.74000,0.0000,0.0000,2.0,1.60,0.01,"",0,00:00:03:06,,,,,,,,,,,,
,81124071,01/26/2023 18:15,01/26/2023 18:16,XAUUSD,Buy,0.250,0.00000,0.00000,1927.74000,1927.92000,0.0000,0.0000,18.0,4.50,0.04,"",0,00:00:00:54,,,,,,,,,,,,
,81123627,01/26/2023 17:50,01/26/2023 18:08,XAUUSD,Buy,0.200,0.00000,0.00000,1928.56000,1927.51000,0.0000,0.0000,-105.0,-21.00,-0.19,"from #81121214",0,00:00:17:16,,,,,,,,,,,,
,81121214,01/26/2023 17:50,01/26/2023 18:07,XAUUSD,Buy,0.300,0.00000,0.00000,1928.56000,1927.06000,0.0000,0.0000,-150.0,-45.00,-0.40,"to #81123627",0,00:00:16:47,,,,,,,,,,,,
,81123313,01/26/2023 18:03,01/26/2023 18:07,XAUUSD,Buy,0.350,0.00000,0.00000,1925.09000,1926.77000,0.0000,0.0000,168.0,58.80,0.53,"",0,00:00:04:00,,,,,,,,,,,,
,81121269,01/26/2023 17:51,01/26/2023 18:06,XAUUSD,Buy,0.500,0.00000,0.00000,1928.18000,1926.78000,0.0000,0.0000,-140.0,-70.00,-0.62,"",0,00:00:15:13,,,,,,,,,,,,
,81123145,01/26/2023 18:00,01/26/2023 18:06,XAUUSD,Buy,0.350,0.00000,0.00000,1925.03000,1926.91000,0.0000,0.0000,188.0,65.80,0.59,"",0,00:00:05:54,,,,,,,,,,,,
,81122154,01/26/2023 17:57,01/26/2023 18:05,XAUUSD,Buy,1.000,0.00000,0.00000,1923.82000,1925.68000,0.0000,0.0000,186.0,186.00,1.69,"",0,00:00:08:24,,,,,,,,,,,,
,81108909,01/26/2023 16:40,,,Withdrawal,0.010,0.00000,0.00000,0.00000,0.00000,0.0000,0.0000,0.0,-826.36,0,"Transfer to 11366030 #19403902",0,00:00:00:00,,,,,,,,,,,,
,81108487,01/26/2023 16:36,01/26/2023 16:39,XAUUSD,Buy,0.020,0.00000,0.00000,1936.50000,1936.01000,0.0000,0.0000,-49.0,-0.98,-0.01,"",0,00:00:02:31,,,,,,,,,,,,
,81107490,01/26/2023 16:28,01/26/2023 16:39,XAUUSD,Buy,0.010,1933.89000,0.00000,1936.86000,1935.77000,0.0000,0.0000,-109.0,-1.09,-0.01,"",0,00:00:11:08,,,,,,,,,,,,
,81104612,01/26/2023 15:27,01/26/2023 16:04,XAUUSD,Buy,0.030,1935.80000,0.00000,1937.07000,1939.11000,0.0000,0.0000,204.0,6.12,0.05,"from #81104546",0,00:00:37:33,,,,,,,,,,,,
,81104546,01/26/2023 15:27,01/26/2023 16:02,XAUUSD,Buy,0.020,1935.80000,0.00000,1937.07000,1939.43000,0.0000,0.0000,236.0,4.72,0.04,"to #81104612",0,00:00:34:54,,,,,,,,,,,,
,81103862,01/26/2023 15:27,01/26/2023 16:01,XAUUSD,Buy,0.050,1935.80000,0.00000,1937.07000,1939.11000,0.0000,0.0000,204.0,10.20,0.09,"to #81104546",0,00:00:34:13,,,,,,,,,,,,
,81103789,01/26/2023 15:27,01/26/2023 15:58,XAUUSD,Buy,0.100,1929.50000,0.00000,1937.07000,1937.31000,0.0000,0.0000,24.0,2.40,0.02,"to #81103862",0,00:00:31:13,,,,,,,,,,,,
,81099267,01/26/2023 15:27,01/26/2023 15:57,XAUUSD,Buy,0.300,0.00000,0.00000,1937.07000,1937.13000,0.0000,0.0000,6.0,1.80,0.02,"to #81103789",0,00:00:30:17,,,,,,,,,,,,
,81103742,01/26/2023 15:40,01/26/2023 15:57,XAUUSD,Buy,0.500,0.00000,0.00000,1935.20000,1937.35000,0.0000,0.0000,215.0,107.50,0.92,"from #81103724",0,00:00:17:13,,,,,,,,,,,,
,81103724,01/26/2023 15:40,01/26/2023 15:56,XAUUSD,Buy,0.500,0.00000,0.00000,1935.20000,1937.76000,0.0000,0.0000,256.0,128.00,1.11,"to #81103742",0,00:00:16:38,,,,,,,,,,,,
,81101880,01/26/2023 15:40,01/26/2023 15:56,XAUUSD,Buy,1.000,0.00000,0.00000,1935.20000,1937.94000,0.0000,0.0000,274.0,274.00,2.43,"to #81103724",0,00:00:16:26,,,,,,,,,,,,
,81098889,01/26/2023 15:14,01/26/2023 15:52,XAUUSD,Buy,0.250,0.00000,0.00000,1936.73000,1938.05000,0.0000,0.0000,132.0,33.00,0.29,"",0,00:00:37:41,,,,,,,,,,,,
,81101994,01/26/2023 15:40,01/26/2023 15:52,XAUUSD,Buy,0.500,0.00000,0.00000,1935.80000,1937.51000,0.0000,0.0000,171.0,85.50,0.77,"",0,00:00:11:32,,,,,,,,,,,,
,81100735,01/26/2023 15:33,01/26/2023 15:49,XAUUSD,Buy,0.500,0.00000,0.00000,1934.49000,1934.73000,0.0000,0.0000,24.0,12.00,0.11,"",0,00:00:16:03,,,,,,,,,,,,
,81102180,01/26/2023 15:42,01/26/2023 15:49,XAUUSD,Buy,0.350,0.00000,0.00000,1934.60000,1935.18000,0.0000,0.0000,58.0,20.30,0.18,"",0,00:00:07:12,,,,,,,,,,,,
,81101794,01/26/2023 15:23,01/26/2023 15:39,XAUUSD,Buy,2.000,0.00000,0.00000,1936.82000,1936.17000,0.0000,0.0000,-65.0,-130.00,-1.15,"from #81099155",0,00:00:15:57,,,,,,,,,,,,
,81099155,01/26/2023 15:23,01/26/2023 15:39,XAUUSD,Buy,0.500,0.00000,0.00000,1936.82000,1935.81000,0.0000,0.0000,-101.0,-50.50,-0.45,"to #81101794",0,00:00:15:52,,,,,,,,,,,,
,81101357,01/26/2023 15:37,01/26/2023 15:38,XAUUSD,Buy,0.250,0.00000,0.00000,1934.14000,1935.39000,0.0000,0.0000,125.0,31.25,0.28,"",0,00:00:00:57,,,,,,,,,,,,
,81099233,01/26/2023 15:26,01/26/2023 15:32,XAUUSD,Buy,0.500,0.00000,0.00000,1936.83000,1937.30000,0.0000,0.0000,47.0,23.50,0.21,"",0,00:00:05:50,,,,,,,,,,,,
,81099119,01/26/2023 15:22,01/26/2023 15:32,XAUUSD,Buy,0.500,0.00000,0.00000,1937.08000,1937.33000,0.0000,0.0000,25.0,12.50,0.11,"",0,00:00:09:25,,,,,,,,,,,,
,81092499,01/26/2023 13:47,01/26/2023 14:00,XAUUSD,Buy,0.050,0.00000,0.00000,1935.92000,1936.89000,0.0000,0.0000,97.0,4.85,0.04,"",0,00:00:13:04,,,,,,,,,,,,
,81092381,01/26/2023 13:44,01/26/2023 14:00,XAUUSD,Buy,0.100,0.00000,0.00000,1936.14000,1936.86000,0.0000,0.0000,72.0,7.20,0.06,"",0,00:00:15:49,,,,,,,,,,,,
,81088814,01/26/2023 12:20,01/26/2023 12:47,XAUUSD,Buy,0.050,0.00000,0.00000,1937.18000,1936.84000,0.0000,0.0000,-34.0,-1.70,-0.02,"",0,00:00:27:34,,,,,,,,,,,,
,81040334,01/25/2023 23:13,01/26/2023 09:57,XAUUSD,Sell,0.200,0.00000,0.00000,1945.46000,1942.59000,0.0000,-4.4700,287.0,52.93,0.47,"",0,00:10:44:47,28.0,3h 0m,578.0,0.65,472.0,94.4,-307.0,-61.400000000000006,60.6,76.3,-185.00,-37.00
,81036765,01/25/2023 21:27,01/26/2023 09:57,XAUUSD,Sell,0.050,0.00000,0.00000,1940.58000,1942.42000,0.0000,-1.1200,-184.0,-10.32,-0.09,"",0,00:12:30:32,0.0,0s,795.0,833.33,0.0,0.0,-795.0,-39.75,0.0,76.9,-184.00,-9.20
,81038808,01/25/2023 22:19,01/26/2023 09:57,XAUUSD,Sell,0.050,0.00000,0.00000,1944.31000,1942.20000,0.0000,-1.1200,211.0,9.43,0.08,"",0,00:11:38:01,15.3,1h 46m,578.0,1.18,357.0,17.85,-422.0,-21.1,45.8,81.3,-146.00,-7.30
,81037645,01/25/2023 21:59,01/26/2023 09:57,XAUUSD,Sell,0.100,0.00000,0.00000,1942.30000,1942.26000,0.0000,-2.2300,4.0,-1.83,-0.02,"",0,00:11:57:55,8.4,1h 0m,623.0,3.99,156.0,15.600000000000001,-623.0,-62.300000000000004,20.0,80.5,-152.00,-15.20
,81039213,01/25/2023 22:35,01/26/2023 09:57,XAUUSD,Sell,0.050,0.00000,0.00000,1944.78000,1942.23000,0.0000,-1.1200,255.0,11.63,0.10,"",0,00:11:22:13,17.8,2h 1m,578.0,0.93,404.0,20.200000000000003,-375.0,-18.75,51.9,80.9,-149.00,-7.45
,81027078,01/25/2023 18:53,01/25/2023 18:59,XAUUSD,Buy,0.350,0.00000,0.00000,1935.37000,1936.71000,0.0000,0.0000,134.0,46.90,0.42,"",0,00:00:06:11,,,,,,,,,,,,
,81026342,01/25/2023 18:40,01/25/2023 18:59,XAUUSD,Buy,0.350,0.00000,0.00000,1934.70000,1936.62000,0.0000,0.0000,192.0,67.20,0.61,"",0,00:00:18:35,,,,,,,,,,,,
,81025724,01/25/2023 18:28,01/25/2023 18:59,XAUUSD,Buy,0.350,0.00000,0.00000,1934.41000,1936.89000,0.0000,0.0000,248.0,86.80,0.79,"",0,00:00:30:37,,,,,,,,,,,,
,81021020,01/25/2023 17:32,01/25/2023 18:28,XAUUSD,Sell,0.050,0.00000,0.00000,1930.95000,1934.34000,0.0000,0.0000,-339.0,-16.95,-0.15,"",0,00:00:56:21,,,,,,,,,,,,
,81012451,01/25/2023 16:27,,,Withdrawal,0.010,0.00000,0.00000,0.00000,0.00000,0.0000,0.0000,0.0,-477.01,0,"Transfer to 11366030 #19385872",0,00:00:00:00,,,,,,,,,,,,
,81012144,01/25/2023 16:22,01/25/2023 16:25,XAUUSD,Buy,0.010,0.00000,0.00000,1927.34000,1927.20000,0.0000,0.0000,-14.0,-0.14,0.00,"",0,00:00:03:28,,,,,,,,,,,,
,81011227,01/25/2023 15:38,01/25/2023 16:09,XAUUSD,Buy,0.100,1917.00000,0.00000,1926.39000,1925.39000,0.0000,0.0000,-100.0,-10.00,-0.09,"from #81008496",0,00:00:31:23,,,,,,,,,,,,
,81011096,01/25/2023 16:07,01/25/2023 16:09,XAUUSD,Buy,0.300,0.00000,0.00000,1924.33000,1925.25000,0.0000,0.0000,92.0,27.60,0.24,"",0,00:00:01:47,,,,,,,,,,,,
,81008496,01/25/2023 15:38,01/25/2023 16:09,XAUUSD,Buy,0.400,1917.00000,0.00000,1926.39000,1925.51000,0.0000,0.0000,-88.0,-35.20,-0.31,"to #81011227",0,00:00:31:07,,,,,,,,,,,,
,81009505,01/25/2023 15:53,01/25/2023 16:09,XAUUSD,Buy,0.500,0.00000,0.00000,1923.32000,1925.20000,0.0000,0.0000,188.0,94.00,0.82,"",0,00:00:15:21,,,,,,,,,,,,
,81008477,01/25/2023 15:38,01/25/2023 16:05,XAUUSD,Buy,0.500,1917.00000,0.00000,1925.96000,1923.95000,0.0000,0.0000,-201.0,-100.50,-0.87,"",0,00:00:27:23,,,,,,,,,,,,
,81009483,01/25/2023 15:53,01/25/2023 16:05,XAUUSD,Buy,0.500,0.00000,0.00000,1923.02000,1924.10000,0.0000,0.0000,108.0,54.00,0.47,"",0,00:00:11:48,,,,,,,,,,,,
,81009474,01/25/2023 15:53,01/25/2023 16:04,XAUUSD,Buy,1.000,0.00000,0.00000,1922.83000,1924.40000,0.0000,0.0000,157.0,157.00,1.39,"",0,00:00:11:24,,,,,,,,,,,,
,81009936,01/25/2023 15:58,01/25/2023 16:04,XAUUSD,Buy,1.500,0.00000,0.00000,1921.03000,1924.08000,0.0000,0.0000,305.0,457.50,4.22,"",0,00:00:05:35,,,,,,,,,,,,
,81008998,01/25/2023 15:45,01/25/2023 15:52,XAUUSD,Buy,1.000,1922.40000,0.00000,1925.12000,1922.19000,0.0000,0.0000,-293.0,-293.00,-2.63,"[sl]",0,00:00:06:19,,,,,,,,,,,,
,81007793,01/25/2023 15:26,01/25/2023 15:52,XAUUSD,Buy,0.200,1922.40000,0.00000,1926.73000,1922.35000,0.0000,0.0000,-438.0,-87.60,-0.78,"from #81007710[sl]",0,00:00:25:42,,,,,,,,,,,,
,81007710,01/25/2023 15:26,01/25/2023 15:27,XAUUSD,Buy,0.300,0.00000,0.00000,1926.73000,1926.66000,0.0000,0.0000,-7.0,-2.10,-0.02,"to #81007793",0,00:00:01:28,,,,,,,,,,,,
,81006986,01/25/2023 15:15,01/25/2023 15:21,XAUUSD,Buy,0.500,0.00000,0.00000,1925.01000,1926.42000,0.0000,0.0000,141.0,70.50,0.63,"",0,00:00:06:22,,,,,,,,,,,,
,81006785,01/25/2023 15:11,01/25/2023 15:21,XAUUSD,Buy,1.000,0.00000,0.00000,1926.25000,1926.71000,0.0000,0.0000,46.0,46.00,0.41,"",0,00:00:10:24,,,,,,,,,,,,
,81003665,01/25/2023 14:19,01/25/2023 14:28,XAUUSD,Buy,1.000,0.00000,0.00000,1924.87000,1925.06000,0.0000,0.0000,19.0,19.00,0.17,"",0,00:00:09:05,,,,,,,,,,,,
,81003751,01/25/2023 14:21,01/25/2023 14:28,XAUUSD,Buy,1.000,0.00000,0.00000,1924.40000,1924.98000,0.0000,0.0000,58.0,58.00,0.53,"",0,00:00:06:25,,,,,,,,,,,,
,81003673,01/25/2023 14:19,01/25/2023 14:27,XAUUSD,Buy,1.000,0.00000,0.00000,1924.95000,1925.10000,0.0000,0.0000,15.0,15.00,0.14,"",0,00:00:08:42,,,,,,,,,,,,
,81002199,01/25/2023 13:52,01/25/2023 13:53,XAUUSD,Buy,0.050,0.00000,0.00000,1925.87000,1926.37000,0.0000,0.0000,50.0,2.50,0.02,"",0,00:00:00:53,,,,,,,,,,,,
,80998371,01/25/2023 12:49,01/25/2023 12:55,XAUUSD,Buy,0.100,0.00000,0.00000,1926.11000,1926.12000,0.0000,0.0000,1.0,0.10,0.00,"",0,00:00:06:29,,,,,,,,,,,,
,80998374,01/25/2023 12:49,01/25/2023 12:55,XAUUSD,Buy,0.500,0.00000,0.00000,1926.19000,1926.28000,0.0000,0.0000,9.0,4.50,0.04,"",0,00:00:06:17,,,,,,,,,,,,
,80998215,01/25/2023 12:44,01/25/2023 12:49,XAUUSD,Buy,0.050,0.00000,0.00000,1925.93000,1925.90000,0.0000,0.0000,-3.0,-0.15,0.00,"",0,00:00:04:37,,,,,,,,,,,,
,80995796,01/25/2023 12:10,,,Withdrawal,0.010,0.00000,0.00000,0.00000,0.00000,0.0000,0.0000,0.0,-498.00,0,"Transfer to 11366030 #19381728",0,00:00:00:00,,,,,,,,,,,,
,80973639,01/25/2023 08:22,01/25/2023 08:41,XAUUSD,Buy,1.500,0.00000,0.00000,1928.66000,1931.98000,0.0000,0.0000,332.0,498.00,4.53,"",0,00:00:19:06,,,,,,,,,,,,
,80970479,01/25/2023 06:12,,,Withdrawal,0.010,0.00000,0.00000,0.00000,0.00000,0.0000,0.0000,0.0,-9095.00,0,"Transfer to 11366030 #19377157",0,00:00:00:00,,,,,,,,,,,,
,80970060,01/25/2023 04:26,01/25/2023 06:00,XAUUSD,Sell,1.650,0.00000,0.00000,1938.50000,1932.01000,0.0000,0.0000,649.0,1070.85,5.63,"from #80970053",0,00:01:33:16,100.0,1h 33m,204.0,0.00,781.0,1288.6499999999999,0.0,0.0,100.0,83.1,-132.00,-217.80
,80970053,01/25/2023 04:26,01/25/2023 05:59,XAUUSD,Sell,0.150,0.00000,0.00000,1938.50000,1931.57000,0.0000,0.0000,693.0,103.95,0.55,"to #80970060",0,00:01:32:38,100.0,1h 32m,204.0,0.00,781.0,117.14999999999999,0.0,0.0,100.0,88.7,-88.00,-13.20
,80970000,01/25/2023 04:26,01/25/2023 05:59,XAUUSD,Sell,0.700,0.00000,0.00000,1938.50000,1931.51000,0.0000,0.0000,699.0,489.30,2.65,"to #80970053",0,00:01:32:19,100.0,1h 32m,204.0,0.00,781.0,546.6999999999999,0.0,0.0,100.0,89.5,-82.00,-57.40
,80969277,01/25/2023 04:26,01/25/2023 05:56,XAUUSD,Sell,0.800,0.00000,0.00000,1938.50000,1930.50000,0.0000,0.0000,800.0,640.00,3.60,"to #80970000",0,00:01:29:14,100.0,1h 29m,204.0,0.00,800.0,640.0,0.0,0.0,100.0,100.0,0.00,0.00
,80969061,01/25/2023 04:26,01/25/2023 05:17,XAUUSD,Sell,3.500,0.00000,0.00000,1938.50000,1929.91000,0.0000,0.0000,859.0,3006.50,20.34,"to #80969277",0,00:00:50:18,,,,,,,,,,,,
,80968902,01/25/2023 04:26,01/25/2023 05:11,XAUUSD,Sell,1.200,0.00000,0.00000,1938.50000,1931.33000,0.0000,0.0000,717.0,860.40,6.18,"to #80969061",0,00:00:45:00,,,,,,,,,,,,
,80967888,01/25/2023 04:26,01/25/2023 05:06,XAUUSD,Sell,2.000,0.00000,0.00000,1938.50000,1933.68000,0.0000,0.0000,482.0,964.00,7.44,"to #80968902",0,00:00:39:15,,,,,,,,,,,,
,80967889,01/25/2023 04:27,01/25/2023 05:01,XAUUSD,Sell,5.000,0.00000,0.00000,1938.54000,1934.87000,0.0000,0.0000,367.0,1835.00,16.49,"",0,00:00:34:10,,,,,,,,,,,,
,80967925,01/25/2023 04:29,01/25/2023 04:43,XAUUSD,Sell,5.000,0.00000,0.00000,1938.57000,1938.32000,0.0000,0.0000,25.0,125.00,1.14,"",0,00:00:13:42,,,,,,,,,,,,
,80967886,01/25/2023 04:26,,,Deposit,0.010,0.00000,0.00000,0.00000,0.00000,0.0000,0.0000,0.0,6000.00,0,"Bonus deposit 120% - #80967885",0,00:00:00:00,,,,,,,,,,,,
,80967885,01/25/2023 04:26,,,Deposit,0.000,0.00000,0.00000,0.00000,0.00000,0.0000,0.0000,0.0,5000.00,0,"Deposit CONNECT USD 19376398",0,00:00:00:00,,,,,,,,,,,,

