event_time_utc,Event
2021-01-06 19:00:00+00:00,FOMC Meeting Minutes
2021-01-07 20:30:00+00:00,Unemployment Rate
2021-01-07 20:30:00+00:00,Non-Farm Employment Change
2021-01-07 20:30:00+00:00,Average Hourly Earnings m/m
2021-01-13 13:30:00+00:00,CPI y/y
2021-01-14 17:30:00+00:00,Fed Chair Powell Speaks
2021-01-14 20:30:00+00:00,Retail Sales m/m
2021-01-15 00:15:00+00:00,President Biden Speaks
2021-01-15 13:30:00+00:00,Core Retail Sales m/m
2021-01-20 16:52:00+00:00,President Biden Speaks
2021-01-27 19:00:00+00:00,FOMC Statement
2021-01-27 19:30:00+00:00,FOMC Press Conference
2021-01-27 20:30:00+00:00,Advance GDP q/q
2021-02-01 15:00:00+00:00,ISM Manufacturing PMI
2021-02-04 20:30:00+00:00,Non-Farm Employment Change
2021-02-04 20:30:00+00:00,Unemployment Rate
2021-02-04 20:30:00+00:00,Average Hourly Earnings m/m
2021-02-09 20:30:00+00:00,CPI y/y
2021-02-10 13:30:00+00:00,CPI m/m
2021-02-10 19:00:00+00:00,Fed Chair Powell Speaks
2021-02-16 20:30:00+00:00,Core Retail Sales m/m
2021-02-16 20:30:00+00:00,Retail Sales m/m
2021-02-23 15:00:00+00:00,Fed Chair Powell Testifies
2021-02-24 15:00:00+00:00,Fed Chair Powell Testifies
2021-03-01 15:00:00+00:00,ISM Manufacturing PMI
2021-03-04 17:05:00+00:00,Fed Chair Powell Speaks
2021-03-04 20:30:00+00:00,Non-Farm Employment Change
2021-03-04 20:30:00+00:00,Average Hourly Earnings m/m
2021-03-04 20:30:00+00:00,Unemployment Rate
2021-03-09 20:30:00+00:00,CPI m/m
2021-03-10 12:30:00+00:00,CPI y/y
2021-03-10 13:30:00+00:00,Core CPI m/m
2021-03-15 20:30:00+00:00,Retail Sales m/m
2021-03-15 20:30:00+00:00,Core Retail Sales m/m
2021-03-16 20:30:00+00:00,FOMC Statement
2021-03-17 18:00:00+00:00,FOMC Economic Projections
2021-03-17 18:30:00+00:00,FOMC Press Conference
2021-03-18 15:55:00+00:00,Fed Chair Powell Speaks
2021-03-18 20:30:00+00:00,Fed Announcement
2021-03-21 19:30:00+00:00,Fed Chair Powell Speaks
2021-03-23 16:00:00+00:00,Fed Chair Powell Testifies
2021-03-24 14:00:00+00:00,Fed Chair Powell Testifies
2021-03-31 12:15:00+00:00,ADP Non-Farm Employment Change
2021-03-31 20:20:00+00:00,President Biden Speaks
2021-04-01 19:30:00+00:00,Non-Farm Employment Change
2021-04-01 19:30:00+00:00,Unemployment Rate
2021-04-02 12:30:00+00:00,Average Hourly Earnings m/m
2021-04-05 15:00:00+00:00,Treasury Sec Yellen Speaks
2021-04-07 17:45:00+00:00,President Biden Speaks
2021-04-07 18:00:00+00:00,FOMC Meeting Minutes
2021-04-08 16:00:00+00:00,Fed Chair Powell Speaks
2021-04-11 23:00:00+00:00,Fed Chair Powell Speaks
2021-04-12 19:30:00+00:00,CPI y/y
2021-04-12 19:30:00+00:00,CPI m/m
2021-04-13 12:30:00+00:00,Core CPI m/m
2021-04-14 16:00:00+00:00,Fed Chair Powell Speaks
2021-04-14 19:30:00+00:00,Core Retail Sales m/m
2021-04-14 19:30:00+00:00,Retail Sales m/m
2021-04-28 18:00:00+00:00,FOMC Statement
2021-04-28 18:30:00+00:00,FOMC Press Conference
2021-04-28 19:30:00+00:00,President Biden Speaks
2021-04-29 12:30:00+00:00,Advance GDP q/q
2021-05-03 18:20:00+00:00,Fed Chair Powell Speaks
2021-05-06 19:30:00+00:00,Unemployment Rate
2021-05-06 19:30:00+00:00,Average Hourly Earnings m/m
2021-05-06 19:30:00+00:00,Non-Farm Employment Change
2021-05-07 16:30:00+00:00,Treasury Sec Yellen Speaks
2021-05-11 19:30:00+00:00,CPI y/y
2021-05-11 19:30:00+00:00,CPI m/m
2021-05-12 12:30:00+00:00,Core CPI m/m
2021-05-13 19:30:00+00:00,Retail Sales m/m
2021-05-14 12:32:00+00:00,Core Retail Sales m/m
2021-05-27 12:30:00+00:00,Prelim GDP q/q
2021-06-01 14:00:00+00:00,ISM Manufacturing PMI
2021-06-03 14:00:00+00:00,ISM Services PMI
2021-06-03 19:30:00+00:00,Fed Chair Powell Speaks
2021-06-03 19:30:00+00:00,Unemployment Rate
2021-06-03 19:30:00+00:00,Average Hourly Earnings m/m
2021-06-03 19:30:00+00:00,Non-Farm Employment Change
2021-06-09 19:30:00+00:00,CPI y/y
2021-06-09 19:30:00+00:00,Core CPI m/m
2021-06-09 19:30:00+00:00,CPI m/m
2021-06-14 19:30:00+00:00,Retail Sales m/m
2021-06-14 19:30:00+00:00,PPI m/m
2021-06-15 12:30:00+00:00,Core Retail Sales m/m
2021-06-15 19:30:00+00:00,FOMC Statement
2021-06-16 14:00:00+00:00,Treasury Sec Yellen Speaks
2021-06-16 18:00:00+00:00,FOMC Economic Projections
2021-06-16 18:30:00+00:00,FOMC Press Conference
2021-06-22 18:00:00+00:00,Fed Chair Powell Testifies
2021-06-22 19:30:00+00:00,Flash Services PMI
2021-06-23 13:45:00+00:00,Flash Manufacturing PMI
2021-07-01 14:00:00+00:00,ISM Manufacturing PMI
2021-07-01 19:30:00+00:00,Average Hourly Earnings m/m
2021-07-01 19:30:00+00:00,Unemployment Rate
2021-07-01 19:30:00+00:00,Non-Farm Employment Change
2021-07-06 14:00:00+00:00,ISM Services PMI
2021-07-07 18:00:00+00:00,FOMC Meeting Minutes
2021-07-12 19:30:00+00:00,CPI m/m
2021-07-12 19:30:00+00:00,CPI y/y
2021-07-13 12:30:00+00:00,Core CPI m/m
2021-07-13 19:30:00+00:00,PPI m/m
2021-07-14 16:00:00+00:00,Fed Chair Powell Testifies
2021-07-14 19:30:00+00:00,Fed Chair Powell Testifies
2021-07-15 19:30:00+00:00,Retail Sales m/m
2021-07-15 19:30:00+00:00,Core Retail Sales m/m
2021-07-27 14:00:00+00:00,CB Consumer Confidence
2021-07-28 18:00:00+00:00,FOMC Statement
2021-07-28 18:30:00+00:00,FOMC Press Conference
2021-07-29 12:30:00+00:00,Advance GDP q/q
2021-07-29 19:30:00+00:00,Core PCE Price Index m/m
2021-08-02 14:00:00+00:00,ISM Manufacturing PMI
2021-08-04 12:15:00+00:00,ADP Non-Farm Employment Change
2021-08-04 14:00:00+00:00,ISM Services PMI
2021-08-05 19:30:00+00:00,Non-Farm Employment Change
2021-08-05 19:30:00+00:00,Average Hourly Earnings m/m
2021-08-05 19:30:00+00:00,Unemployment Rate
2021-08-10 19:30:00+00:00,CPI m/m
2021-08-10 19:30:00+00:00,CPI y/y
2021-08-11 12:30:00+00:00,Core CPI m/m
2021-08-12 12:30:00+00:00,PPI m/m
2021-08-16 19:30:00+00:00,Retail Sales m/m
2021-08-16 19:30:00+00:00,Core Retail Sales m/m
2021-08-17 17:30:00+00:00,Fed Chair Powell Speaks
2021-08-18 18:00:00+00:00,FOMC Meeting Minutes
2021-08-26 12:30:00+00:00,Prelim GDP q/q
2021-08-26 19:30:00+00:00,Core PCE Price Index m/m
2021-08-27 14:00:00+00:00,Fed Chair Powell Speaks
2021-09-01 12:15:00+00:00,ADP Non-Farm Employment Change
2021-09-01 14:00:00+00:00,ISM Manufacturing PMI
2021-09-02 19:30:00+00:00,Non-Farm Employment Change
2021-09-02 19:30:00+00:00,Unemployment Rate
2021-09-02 19:30:00+00:00,Average Hourly Earnings m/m
2021-09-03 14:00:00+00:00,ISM Services PMI
2021-09-09 19:30:00+00:00,PPI m/m
2021-09-13 19:30:00+00:00,CPI y/y
2021-09-13 19:30:00+00:00,CPI m/m
2021-09-13 19:30:00+00:00,Core CPI m/m
2021-09-15 19:30:00+00:00,Core Retail Sales m/m
2021-09-15 19:30:00+00:00,Retail Sales m/m
2021-09-21 20:30:00+00:00,FOMC Statement
2021-09-22 18:00:00+00:00,FOMC Economic Projections
2021-09-22 18:30:00+00:00,FOMC Press Conference
2021-09-24 14:00:00+00:00,Fed Chair Powell Speaks
2021-09-28 14:00:00+00:00,Fed Chair Powell Testifies
2021-09-28 20:30:00+00:00,Fed Chair Powell Speaks
2021-09-30 14:00:00+00:00,Fed Chair Powell Testifies
2021-09-30 20:30:00+00:00,Core PCE Price Index m/m
2021-10-01 14:00:00+00:00,ISM Manufacturing PMI
2021-10-05 14:00:00+00:00,ISM Services PMI
2021-10-06 12:15:00+00:00,ADP Non-Farm Employment Change
2021-10-07 20:30:00+00:00,Unemployment Rate
2021-10-07 20:30:00+00:00,Non-Farm Employment Change
2021-10-07 20:30:00+00:00,Average Hourly Earnings m/m
2021-10-12 20:30:00+00:00,CPI y/y
2021-10-12 20:30:00+00:00,CPI m/m
2021-10-13 12:30:00+00:00,Core CPI m/m
2021-10-13 18:00:00+00:00,FOMC Meeting Minutes
2021-10-13 20:30:00+00:00,PPI m/m
2021-10-14 20:30:00+00:00,Core Retail Sales m/m
2021-10-14 20:30:00+00:00,Retail Sales m/m
2021-10-22 15:00:00+00:00,Fed Chair Powell Speaks
2021-10-27 20:30:00+00:00,Advance GDP q/q
2021-10-28 20:30:00+00:00,Core PCE Price Index m/m
2021-11-01 14:00:00+00:00,ISM Manufacturing PMI
2021-11-02 20:30:00+00:00,FOMC Statement
2021-11-03 12:15:00+00:00,ADP Non-Farm Employment Change
2021-11-03 14:00:00+00:00,ISM Services PMI
2021-11-03 18:00:00+00:00,Federal Funds Rate
2021-11-03 18:30:00+00:00,FOMC Press Conference
2021-11-04 20:30:00+00:00,Non-Farm Employment Change
2021-11-04 20:30:00+00:00,Unemployment Rate
2021-11-04 20:30:00+00:00,Average Hourly Earnings m/m
2021-11-08 15:30:00+00:00,Fed Chair Powell Speaks
2021-11-09 13:30:00+00:00,PPI m/m
2021-11-09 14:00:00+00:00,Fed Chair Powell Speaks
2021-11-09 20:30:00+00:00,Core CPI m/m
2021-11-09 20:30:00+00:00,CPI y/y
2021-11-09 20:30:00+00:00,CPI m/m
2021-11-15 20:30:00+00:00,Retail Sales m/m
2021-11-16 13:30:00+00:00,Core Retail Sales m/m
2021-11-24 13:30:00+00:00,Prelim GDP q/q
2021-11-24 15:00:00+00:00,Core PCE Price Index m/m
2021-11-24 19:00:00+00:00,FOMC Meeting Minutes
2021-11-30 15:00:00+00:00,Fed Chair Powell Testifies
2021-11-30 20:30:00+00:00,ISM Manufacturing PMI
2021-12-01 13:15:00+00:00,ADP Non-Farm Employment Change
2021-12-01 15:00:00+00:00,Fed Chair Powell Testifies
2021-12-02 20:30:00+00:00,Unemployment Rate
2021-12-02 20:30:00+00:00,Non-Farm Employment Change
2021-12-02 20:30:00+00:00,Average Hourly Earnings m/m
2021-12-03 14:00:00+00:00,Treasury Currency Report
2021-12-03 15:00:00+00:00,ISM Services PMI
2021-12-07 20:30:00+00:00,JOLTS Job Openings
2021-12-09 20:30:00+00:00,Core CPI m/m
2021-12-09 20:30:00+00:00,CPI y/y
2021-12-09 20:30:00+00:00,CPI m/m
2021-12-14 13:30:00+00:00,PPI m/m
2021-12-14 20:30:00+00:00,FOMC Economic Projections
2021-12-14 20:30:00+00:00,Retail Sales m/m
2021-12-14 20:30:00+00:00,FOMC Statement
2021-12-15 13:30:00+00:00,Core Retail Sales m/m
2021-12-15 19:00:00+00:00,Federal Funds Rate
2021-12-15 19:30:00+00:00,FOMC Press Conference
2021-12-22 20:30:00+00:00,Core PCE Price Index m/m
2022-01-03 20:30:00+00:00,JOLTS Job Openings
2022-01-04 15:00:00+00:00,ISM Manufacturing PMI
2022-01-05 13:15:00+00:00,ADP Non-Farm Employment Change
2022-01-05 19:00:00+00:00,FOMC Meeting Minutes
2022-01-06 15:00:00+00:00,ISM Services PMI
2022-01-06 20:30:00+00:00,Non-Farm Employment Change
2022-01-06 20:30:00+00:00,Average Hourly Earnings m/m
2022-01-06 20:30:00+00:00,Unemployment Rate
2022-01-11 15:00:00+00:00,Fed Chair Powell Testifies
2022-01-11 20:30:00+00:00,CPI y/y
2022-01-11 20:30:00+00:00,CPI m/m
2022-01-12 13:30:00+00:00,Core CPI m/m
2022-01-13 13:30:00+00:00,PPI m/m
2022-01-13 20:30:00+00:00,Retail Sales m/m
2022-01-14 13:30:00+00:00,Core Retail Sales m/m
2022-01-25 20:30:00+00:00,FOMC Statement
2022-01-26 19:00:00+00:00,Federal Funds Rate
2022-01-26 19:30:00+00:00,FOMC Press Conference
2022-01-27 13:30:00+00:00,Advance GDP q/q
2022-01-28 13:30:00+00:00,Core PCE Price Index m/m
2022-01-31 20:30:00+00:00,JOLTS Job Openings
2022-02-01 15:00:00+00:00,ISM Manufacturing PMI
2022-02-02 13:15:00+00:00,ADP Non-Farm Employment Change
2022-02-03 15:00:00+00:00,ISM Services PMI
2022-02-03 20:30:00+00:00,Unemployment Rate
2022-02-03 20:30:00+00:00,Non-Farm Employment Change
2022-02-03 20:30:00+00:00,Average Hourly Earnings m/m
2022-02-09 20:30:00+00:00,CPI m/m
2022-02-09 20:30:00+00:00,CPI y/y
2022-02-10 13:30:00+00:00,Core CPI m/m
2022-02-14 13:30:00+00:00,FOMC Member Bullard Speaks
2022-02-15 13:30:00+00:00,PPI m/m
2022-02-15 20:30:00+00:00,Core Retail Sales m/m
2022-02-15 20:30:00+00:00,Retail Sales m/m
2022-02-16 19:00:00+00:00,FOMC Meeting Minutes
2022-02-24 13:30:00+00:00,Prelim GDP q/q
2022-02-25 13:30:00+00:00,Core PCE Price Index m/m
2022-03-01 15:00:00+00:00,ISM Manufacturing PMI
2022-03-01 20:30:00+00:00,Fed Chair Powell Testifies
2022-03-02 13:17:00+00:00,ADP Non-Farm Employment Change
2022-03-02 20:30:00+00:00,ISM Services PMI
2022-03-03 15:00:00+00:00,Fed Chair Powell Testifies
2022-03-03 20:30:00+00:00,Average Hourly Earnings m/m
2022-03-03 20:30:00+00:00,Unemployment Rate
2022-03-03 20:30:00+00:00,Non-Farm Employment Change
2022-03-09 15:00:00+00:00,JOLTS Job Openings
2022-03-09 20:30:00+00:00,CPI m/m
2022-03-09 20:30:00+00:00,Core CPI m/m
2022-03-10 12:30:00+00:00,CPI y/y
2022-03-11 15:00:00+00:00,Prelim UoM Consumer Sentiment
2022-03-14 20:30:00+00:00,PPI m/m
2022-03-15 20:30:00+00:00,FOMC Statement
2022-03-15 20:30:00+00:00,Retail Sales m/m
2022-03-15 20:30:00+00:00,FOMC Economic Projections
2022-03-15 20:30:00+00:00,Core Retail Sales m/m
2022-03-16 18:00:00+00:00,Federal Funds Rate
2022-03-16 18:30:00+00:00,FOMC Press Conference
2022-03-21 16:30:00+00:00,Fed Chair Powell Speaks
2022-03-22 19:30:00+00:00,Fed Chair Powell Speaks
2022-03-29 14:00:00+00:00,JOLTS Job Openings
2022-03-30 12:15:00+00:00,ADP Non-Farm Employment Change
2022-03-30 19:30:00+00:00,Core PCE Price Index m/m
2022-03-31 19:30:00+00:00,Non-Farm Employment Change
2022-03-31 19:30:00+00:00,Unemployment Rate
2022-04-01 12:30:00+00:00,Average Hourly Earnings m/m
2022-04-01 14:00:00+00:00,ISM Manufacturing PMI
2022-04-05 14:00:00+00:00,ISM Services PMI
2022-04-06 18:00:00+00:00,FOMC Meeting Minutes
2022-04-11 19:30:00+00:00,CPI y/y
2022-04-11 19:30:00+00:00,CPI m/m
2022-04-12 12:30:00+00:00,Core CPI m/m
2022-04-13 12:30:00+00:00,PPI m/m
2022-04-13 19:30:00+00:00,Core Retail Sales m/m
2022-04-13 19:30:00+00:00,Retail Sales m/m
2022-04-20 19:30:00+00:00,Fed Chair Powell Speaks
2022-04-28 12:30:00+00:00,Advance GDP q/q
2022-04-28 19:30:00+00:00,Core PCE Price Index m/m
2022-05-02 14:00:00+00:00,ISM Manufacturing PMI
2022-05-03 14:00:00+00:00,JOLTS Job Openings
2022-05-03 19:30:00+00:00,FOMC Statement
2022-05-04 12:15:00+00:00,ADP Non-Farm Employment Change
2022-05-04 18:00:00+00:00,Federal Funds Rate
2022-05-04 18:30:00+00:00,FOMC Press Conference
2022-05-05 19:30:00+00:00,Unemployment Rate
2022-05-05 19:30:00+00:00,Non-Farm Employment Change
2022-05-05 19:30:00+00:00,Average Hourly Earnings m/m
2022-05-10 19:30:00+00:00,CPI m/m
2022-05-10 19:30:00+00:00,CPI y/y
2022-05-11 12:30:00+00:00,Core CPI m/m
2022-05-12 12:30:00+00:00,PPI m/m
2022-05-16 19:30:00+00:00,Retail Sales m/m
2022-05-16 19:30:00+00:00,Core Retail Sales m/m
2022-05-17 18:00:00+00:00,Fed Chair Powell Speaks
2022-05-25 18:00:00+00:00,FOMC Meeting Minutes
2022-05-25 19:30:00+00:00,Prelim GDP q/q
2022-05-27 12:30:00+00:00,Core PCE Price Index m/m
2022-05-31 19:30:00+00:00,JOLTS Job Openings
2022-05-31 19:30:00+00:00,ISM Manufacturing PMI
2022-06-02 12:15:00+00:00,ADP Non-Farm Employment Change
2022-06-02 19:30:00+00:00,Average Hourly Earnings m/m
2022-06-02 19:30:00+00:00,Non-Farm Employment Change
2022-06-02 19:30:00+00:00,Unemployment Rate
2022-06-09 19:30:00+00:00,Core CPI m/m
2022-06-09 19:30:00+00:00,CPI m/m
2022-06-09 19:30:00+00:00,CPI y/y
2022-06-10 13:00:00+00:00,Treasury Currency Report
2022-06-13 19:30:00+00:00,PPI m/m
2022-06-14 19:30:00+00:00,FOMC Statement
2022-06-14 19:30:00+00:00,FOMC Economic Projections
2022-06-14 19:30:00+00:00,Retail Sales m/m
2022-06-15 12:30:00+00:00,Core Retail Sales m/m
2022-06-15 18:00:00+00:00,Federal Funds Rate
2022-06-15 18:30:00+00:00,FOMC Press Conference
2022-06-17 12:45:00+00:00,Fed Chair Powell Speaks
2022-06-22 13:30:00+00:00,Fed Chair Powell Testifies
2022-06-23 14:00:00+00:00,Fed Chair Powell Testifies
2022-06-28 14:00:00+00:00,CB Consumer Confidence
2022-06-28 19:30:00+00:00,Fed Chair Powell Speaks
2022-06-29 19:30:00+00:00,Core PCE Price Index m/m
2022-07-01 14:00:00+00:00,ISM Manufacturing PMI
2022-07-06 14:00:00+00:00,JOLTS Job Openings
2022-07-06 18:00:00+00:00,FOMC Meeting Minutes
2022-07-07 19:30:00+00:00,Non-Farm Employment Change
2022-07-07 19:30:00+00:00,Unemployment Rate
2022-07-07 19:30:00+00:00,Average Hourly Earnings m/m
2022-07-12 19:30:00+00:00,CPI m/m
2022-07-12 19:30:00+00:00,CPI y/y
2022-07-13 12:30:00+00:00,Core CPI m/m
2022-07-13 19:30:00+00:00,PPI m/m
2022-07-14 19:30:00+00:00,Retail Sales m/m
2022-07-14 19:30:00+00:00,Core Retail Sales m/m
2022-07-15 14:00:00+00:00,Prelim UoM Consumer Sentiment
2022-07-22 13:45:00+00:00,Flash Services PMI
2022-07-26 14:00:00+00:00,CB Consumer Confidence
2022-07-26 19:30:00+00:00,FOMC Statement
2022-07-27 18:00:00+00:00,Federal Funds Rate
2022-07-27 18:30:00+00:00,FOMC Press Conference
2022-07-28 12:30:00+00:00,Advance GDP q/q
2022-07-28 19:30:00+00:00,Core PCE Price Index m/m
2022-08-01 14:00:00+00:00,ISM Manufacturing PMI
2022-08-02 14:00:00+00:00,JOLTS Job Openings
2022-08-03 14:00:00+00:00,ISM Services PMI
2022-08-04 19:30:00+00:00,Average Hourly Earnings m/m
2022-08-04 19:30:00+00:00,Unemployment Rate
2022-08-04 19:30:00+00:00,Non-Farm Employment Change
2022-08-09 19:30:00+00:00,CPI m/m
2022-08-09 19:30:00+00:00,CPI y/y
2022-08-10 12:30:00+00:00,Core CPI m/m
2022-08-11 12:30:00+00:00,PPI m/m
2022-08-12 14:00:00+00:00,Prelim UoM Consumer Sentiment
2022-08-16 19:30:00+00:00,Retail Sales m/m
2022-08-17 12:30:00+00:00,Core Retail Sales m/m
2022-08-17 18:00:00+00:00,FOMC Meeting Minutes
2022-08-17 19:30:00+00:00,Philly Fed Manufacturing Index
2022-08-23 13:45:00+00:00,Flash Services PMI
2022-08-25 12:30:00+00:00,Prelim GDP q/q
2022-08-26 12:30:00+00:00,Core PCE Price Index m/m
2022-08-26 14:00:00+00:00,Fed Chair Powell Speaks
2022-08-29 19:30:00+00:00,JOLTS Job Openings
2022-08-30 14:00:00+00:00,CB Consumer Confidence
2022-08-31 12:15:00+00:00,ADP Non-Farm Employment Change
2022-09-01 14:00:00+00:00,ISM Manufacturing PMI
2022-09-01 19:30:00+00:00,Unemployment Rate
2022-09-01 19:30:00+00:00,Non-Farm Employment Change
2022-09-01 19:30:00+00:00,Average Hourly Earnings m/m
2022-09-06 14:00:00+00:00,ISM Services PMI
2022-09-08 13:10:00+00:00,Fed Chair Powell Speaks
2022-09-12 19:30:00+00:00,CPI m/m
2022-09-12 19:30:00+00:00,CPI y/y
2022-09-13 12:30:00+00:00,Core CPI m/m
2022-09-13 19:30:00+00:00,PPI m/m
2022-09-14 19:30:00+00:00,Empire State Manufacturing Index
2022-09-14 19:30:00+00:00,Retail Sales m/m
2022-09-15 12:30:00+00:00,Core Retail Sales m/m
2022-09-16 14:00:00+00:00,Prelim UoM Consumer Sentiment
2022-09-20 19:30:00+00:00,FOMC Statement
2022-09-20 19:30:00+00:00,FOMC Economic Projections
2022-09-21 18:00:00+00:00,Federal Funds Rate
2022-09-21 18:30:00+00:00,FOMC Press Conference
2022-09-23 13:45:00+00:00,Flash Services PMI
2022-09-23 18:00:00+00:00,Fed Chair Powell Speaks
2022-09-26 20:30:00+00:00,Fed Chair Powell Speaks
2022-09-27 14:00:00+00:00,CB Consumer Confidence
2022-09-30 12:30:00+00:00,Core PCE Price Index m/m
2022-10-03 14:00:00+00:00,ISM Manufacturing PMI
2022-10-03 19:00:00+00:00,Fed Chair Powell Speaks
2022-10-04 14:00:00+00:00,JOLTS Job Openings
2022-10-05 12:15:00+00:00,ADP Non-Farm Employment Change
2022-10-05 14:00:00+00:00,ISM Services PMI
2022-10-06 20:30:00+00:00,Unemployment Rate
2022-10-06 20:30:00+00:00,Non-Farm Employment Change
2022-10-06 20:30:00+00:00,Average Hourly Earnings m/m
2022-10-12 12:30:00+00:00,PPI m/m
2022-10-12 18:00:00+00:00,FOMC Meeting Minutes
2022-10-12 20:30:00+00:00,CPI m/m
2022-10-12 20:30:00+00:00,CPI y/y
2022-10-13 12:30:00+00:00,Core CPI m/m
2022-10-13 20:30:00+00:00,Retail Sales m/m
2022-10-13 20:30:00+00:00,Core Retail Sales m/m
2022-10-14 14:00:00+00:00,Prelim UoM Consumer Sentiment
2022-10-17 12:30:00+00:00,Empire State Manufacturing Index
2022-10-20 12:30:00+00:00,Philly Fed Manufacturing Index
2022-10-24 13:45:00+00:00,Flash Services PMI
2022-10-25 14:00:00+00:00,CB Consumer Confidence
2022-10-27 12:30:00+00:00,Advance GDP q/q
2022-10-27 20:30:00+00:00,Core PCE Price Index m/m
2022-10-31 20:30:00+00:00,JOLTS Job Openings
2022-11-01 14:00:00+00:00,ISM Manufacturing PMI
2022-11-01 20:30:00+00:00,FOMC Statement
2022-11-01 20:30:00+00:00,Federal Funds Rate
2022-11-02 12:15:00+00:00,ADP Non-Farm Employment Change
2022-11-02 18:30:00+00:00,FOMC Press Conference
2022-11-03 14:00:00+00:00,ISM Services PMI
2022-11-03 20:30:00+00:00,Average Hourly Earnings m/m
2022-11-03 20:30:00+00:00,Unemployment Rate
2022-11-03 20:30:00+00:00,Non-Farm Employment Change
2022-11-08 20:29:59+00:00,Congressional Elections
2022-11-09 20:30:00+00:00,CPI m/m
2022-11-09 20:30:00+00:00,CPI y/y
2022-11-10 13:30:00+00:00,Core CPI m/m
2022-11-10 14:00:00+00:00,Treasury Currency Report
2022-11-11 15:00:00+00:00,Prelim UoM Consumer Sentiment
2022-11-14 20:30:00+00:00,PPI m/m
2022-11-14 20:30:00+00:00,Empire State Manufacturing Index
2022-11-15 20:30:00+00:00,Retail Sales m/m
2022-11-15 20:30:00+00:00,Core Retail Sales m/m
2022-11-17 13:30:00+00:00,Philly Fed Manufacturing Index
2022-11-22 20:30:00+00:00,FOMC Meeting Minutes
2022-11-23 14:45:00+00:00,Flash Services PMI
2022-11-28 20:30:00+00:00,CB Consumer Confidence
2022-11-30 13:15:00+00:00,ADP Non-Farm Employment Change
2022-11-30 13:30:00+00:00,Prelim GDP q/q
2022-11-30 15:00:00+00:00,JOLTS Job Openings
2022-11-30 18:30:00+00:00,Fed Chair Powell Speaks
2022-11-30 20:30:00+00:00,Core PCE Price Index m/m
2022-12-01 15:00:00+00:00,ISM Manufacturing PMI
2022-12-01 20:30:00+00:00,Unemployment Rate
2022-12-01 20:30:00+00:00,Non-Farm Employment Change
2022-12-01 20:30:00+00:00,Average Hourly Earnings m/m
2022-12-05 15:00:00+00:00,ISM Services PMI
2022-12-08 20:30:00+00:00,Core PPI m/m
2022-12-08 20:30:00+00:00,PPI m/m
2022-12-09 15:00:00+00:00,Prelim UoM Consumer Sentiment
2022-12-12 20:30:00+00:00,CPI y/y
2022-12-12 20:30:00+00:00,CPI m/m
2022-12-13 13:30:00+00:00,Core CPI m/m
2022-12-13 20:30:00+00:00,FOMC Statement
2022-12-13 20:30:00+00:00,FOMC Economic Projections
2022-12-14 19:00:00+00:00,Federal Funds Rate
2022-12-14 19:30:00+00:00,FOMC Press Conference
2022-12-14 20:30:00+00:00,Retail Sales m/m
2022-12-14 20:30:00+00:00,Empire State Manufacturing Index
2022-12-15 13:30:00+00:00,Core Retail Sales m/m
2022-12-16 14:45:00+00:00,Flash Services PMI
2022-12-21 15:00:00+00:00,CB Consumer Confidence
2022-12-22 20:30:00+00:00,Core PCE Price Index m/m
2023-01-03 20:30:00+00:00,JOLTS Job Openings
2023-01-04 15:00:00+00:00,ISM Manufacturing PMI
2023-01-04 19:00:00+00:00,FOMC Meeting Minutes
2023-01-05 13:15:00+00:00,ADP Non-Farm Employment Change
2023-01-05 20:30:00+00:00,Non-Farm Employment Change
2023-01-05 20:30:00+00:00,Average Hourly Earnings m/m
2023-01-05 20:30:00+00:00,ISM Services PMI
2023-01-05 20:30:00+00:00,Unemployment Rate
2023-01-10 14:00:00+00:00,Fed Chair Powell Speaks
2023-01-11 20:30:00+00:00,CPI m/m
2023-01-11 20:30:00+00:00,CPI y/y
2023-01-12 13:30:00+00:00,Core CPI m/m
2023-01-13 15:00:00+00:00,Prelim UoM Consumer Sentiment
2023-01-16 20:30:00+00:00,Empire State Manufacturing Index
2023-01-17 20:30:00+00:00,Core Retail Sales m/m
2023-01-17 20:30:00+00:00,PPI m/m
2023-01-17 20:30:00+00:00,Core PPI m/m
2023-01-17 20:30:00+00:00,Retail Sales m/m
2023-01-24 14:45:00+00:00,Flash Services PMI
2023-01-26 13:30:00+00:00,Advance GDP q/q
2023-01-27 13:30:00+00:00,Core PCE Price Index m/m
2023-01-31 15:00:00+00:00,CB Consumer Confidence
2023-01-31 20:30:00+00:00,JOLTS Job Openings
2023-01-31 20:30:00+00:00,FOMC Statement
2023-02-01 13:15:00+00:00,ADP Non-Farm Employment Change
2023-02-01 15:00:00+00:00,ISM Manufacturing PMI
2023-02-01 19:00:00+00:00,Federal Funds Rate
2023-02-01 19:30:00+00:00,FOMC Press Conference
2023-02-02 20:30:00+00:00,Non-Farm Employment Change
2023-02-02 20:30:00+00:00,Unemployment Rate
2023-02-03 13:30:00+00:00,Average Hourly Earnings m/m
2023-02-03 15:00:00+00:00,ISM Services PMI
2023-02-07 17:40:00+00:00,Fed Chair Powell Speaks
2023-02-08 14:15:00+00:00,FOMC Member Williams Speaks
2023-02-10 15:00:00+00:00,Prelim UoM Consumer Sentiment
2023-02-13 20:30:00+00:00,CPI m/m
2023-02-13 20:30:00+00:00,CPI y/y
2023-02-14 13:30:00+00:00,Core CPI m/m
2023-02-14 20:30:00+00:00,Core Retail Sales m/m
2023-02-14 20:30:00+00:00,Retail Sales m/m
2023-02-14 20:30:00+00:00,Empire State Manufacturing Index
2023-02-15 20:30:00+00:00,PPI m/m
2023-02-16 13:30:00+00:00,Core PPI m/m
2023-02-20 20:30:00+00:00,Flash Services PMI
2023-02-22 19:00:00+00:00,FOMC Meeting Minutes
2023-02-22 20:30:00+00:00,Prelim GDP q/q
2023-02-24 13:30:00+00:00,Core PCE Price Index m/m
2023-02-28 15:00:00+00:00,CB Consumer Confidence
2023-03-01 15:00:00+00:00,ISM Manufacturing PMI
2023-03-03 15:00:00+00:00,ISM Services PMI
2023-03-07 15:00:00+00:00,Fed Chair Powell Testifies
2023-03-07 20:30:00+00:00,Fed Chair Powell Testifies
2023-03-07 20:30:00+00:00,JOLTS Job Openings
2023-03-08 13:15:00+00:00,ADP Non-Farm Employment Change
2023-03-09 20:30:00+00:00,Unemployment Rate
2023-03-09 20:30:00+00:00,Average Hourly Earnings m/m
2023-03-09 20:30:00+00:00,Non-Farm Employment Change
2023-03-12 22:20:00+00:00,Fed Announcement
2023-03-13 20:30:00+00:00,CPI m/m
2023-03-13 20:30:00+00:00,CPI y/y
2023-03-13 20:30:00+00:00,Core CPI m/m
2023-03-14 20:30:00+00:00,PPI m/m
2023-03-14 20:30:00+00:00,Retail Sales m/m
2023-03-14 20:30:00+00:00,Empire State Manufacturing Index
2023-03-14 20:30:00+00:00,Core PPI m/m
2023-03-14 20:30:00+00:00,Core Retail Sales m/m
2023-03-15 20:30:00+00:00,Unemployment Claims
2023-03-17 14:00:00+00:00,Prelim UoM Consumer Sentiment
2023-03-19 21:00:00+00:00,Fed Announcement
2023-03-21 19:30:00+00:00,FOMC Statement
2023-03-21 19:30:00+00:00,FOMC Economic Projections
2023-03-22 17:00:00+00:00,Federal Funds Rate
2023-03-22 17:30:00+00:00,FOMC Press Conference
2023-03-23 11:30:00+00:00,Unemployment Claims
2023-03-23 19:30:00+00:00,Flash Services PMI
2023-03-24 12:45:00+00:00,Flash Manufacturing PMI
2023-03-28 13:00:00+00:00,CB Consumer Confidence
2023-03-29 19:30:00+00:00,Unemployment Claims
2023-03-30 11:30:00+00:00,Final GDP q/q
2023-03-30 19:30:00+00:00,Core PCE Price Index m/m
2023-04-03 13:00:00+00:00,ISM Manufacturing PMI
2023-04-04 13:00:00+00:00,JOLTS Job Openings
2023-04-05 11:15:00+00:00,ADP Non-Farm Employment Change
2023-04-05 13:00:00+00:00,ISM Services PMI
2023-04-05 19:30:00+00:00,Unemployment Claims
2023-04-06 19:30:00+00:00,Non-Farm Employment Change
2023-04-06 19:30:00+00:00,Unemployment Rate
2023-04-07 11:30:00+00:00,Average Hourly Earnings m/m
2023-04-11 19:30:00+00:00,CPI m/m
2023-04-11 19:30:00+00:00,CPI y/y
2023-04-12 11:30:00+00:00,Core CPI m/m
2023-04-12 17:00:00+00:00,FOMC Meeting Minutes
2023-04-12 19:30:00+00:00,PPI m/m
2023-04-12 19:30:00+00:00,Unemployment Claims
2023-04-13 11:30:00+00:00,Core PPI m/m
2023-04-13 19:30:00+00:00,Core Retail Sales m/m
2023-04-13 19:30:00+00:00,Retail Sales m/m
2023-04-14 13:00:00+00:00,Prelim UoM Consumer Sentiment
2023-04-16 19:30:00+00:00,Empire State Manufacturing Index
2023-04-20 11:30:00+00:00,Unemployment Claims
2023-04-20 19:30:00+00:00,Flash Services PMI
2023-04-21 12:45:00+00:00,Flash Manufacturing PMI
2023-04-25 13:00:00+00:00,CB Consumer Confidence
2023-04-26 19:30:00+00:00,Unemployment Claims
2023-04-27 11:30:00+00:00,Advance GDP q/q
2023-04-27 19:30:00+00:00,Employment Cost Index q/q
2023-04-27 19:30:00+00:00,Core PCE Price Index m/m
2023-05-01 13:00:00+00:00,ISM Manufacturing PMI
2023-05-02 13:00:00+00:00,JOLTS Job Openings
2023-05-02 19:30:00+00:00,FOMC Statement
2023-05-03 11:15:00+00:00,ADP Non-Farm Employment Change
2023-05-03 13:00:00+00:00,ISM Services PMI
2023-05-03 17:00:00+00:00,Federal Funds Rate
2023-05-03 17:30:00+00:00,FOMC Press Conference
2023-05-03 19:30:00+00:00,Unemployment Claims
2023-05-04 19:30:00+00:00,Unemployment Rate
2023-05-04 19:30:00+00:00,Non-Farm Employment Change
2023-05-04 19:30:00+00:00,Average Hourly Earnings m/m
2023-05-09 19:30:00+00:00,CPI m/m
2023-05-09 19:30:00+00:00,CPI y/y
2023-05-09 19:30:00+00:00,Core CPI m/m
2023-05-10 19:30:00+00:00,Unemployment Claims
2023-05-10 19:30:00+00:00,PPI m/m
2023-05-11 11:30:00+00:00,Core PPI m/m
2023-05-12 13:00:00+00:00,Prelim UoM Consumer Sentiment
2023-05-15 11:30:00+00:00,Empire State Manufacturing Index
2023-05-15 19:30:00+00:00,Retail Sales m/m
2023-05-15 19:30:00+00:00,Core Retail Sales m/m
2023-05-17 19:30:00+00:00,Unemployment Claims
2023-05-19 14:00:00+00:00,Fed Chair Powell Speaks
2023-05-22 19:30:00+00:00,Flash Services PMI
2023-05-23 12:45:00+00:00,Flash Manufacturing PMI
2023-05-24 17:00:00+00:00,FOMC Meeting Minutes
2023-05-24 19:30:00+00:00,Unemployment Claims
2023-05-25 11:30:00+00:00,Prelim GDP q/q
2023-05-26 11:30:00+00:00,Core PCE Price Index m/m
2023-05-30 13:00:00+00:00,CB Consumer Confidence
2023-05-31 13:00:00+00:00,JOLTS Job Openings
2023-06-01 11:15:00+00:00,ADP Non-Farm Employment Change
2023-06-01 11:30:00+00:00,Unemployment Claims
2023-06-01 13:00:00+00:00,ISM Manufacturing PMI
2023-06-01 19:30:00+00:00,Unemployment Rate
2023-06-01 19:30:00+00:00,Non-Farm Employment Change
2023-06-02 11:30:00+00:00,Average Hourly Earnings m/m
2023-06-04 19:30:00+00:00,ISM Services PMI
2023-06-08 11:30:00+00:00,Unemployment Claims
2023-06-12 19:30:00+00:00,CPI y/y
2023-06-12 19:30:00+00:00,CPI m/m
2023-06-13 11:30:00+00:00,Core CPI m/m
2023-06-13 19:30:00+00:00,FOMC Statement
2023-06-13 19:30:00+00:00,PPI m/m
2023-06-13 19:30:00+00:00,FOMC Economic Projections
2023-06-14 11:30:00+00:00,Core PPI m/m
2023-06-14 17:00:00+00:00,Federal Funds Rate
2023-06-14 17:30:00+00:00,FOMC Press Conference
2023-06-14 19:30:00+00:00,Retail Sales m/m
2023-06-14 19:30:00+00:00,Unemployment Claims
2023-06-14 19:30:00+00:00,Empire State Manufacturing Index
2023-06-14 19:30:00+00:00,Core Retail Sales m/m
2023-06-16 13:00:00+00:00,Prelim UoM Consumer Sentiment
2023-06-16 17:00:00+00:00,Treasury Currency Report
2023-06-21 13:00:00+00:00,Fed Chair Powell Testifies
2023-06-21 19:30:00+00:00,Fed Chair Powell Testifies
2023-06-22 11:30:00+00:00,Unemployment Claims
2023-06-22 19:30:00+00:00,Flash Services PMI
2023-06-23 12:45:00+00:00,Flash Manufacturing PMI
2023-06-27 13:00:00+00:00,CB Consumer Confidence
2023-06-27 19:30:00+00:00,Fed Chair Powell Speaks
2023-06-29 05:30:00+00:00,Fed Chair Powell Speaks
2023-06-29 11:30:00+00:00,Final GDP q/q
2023-06-29 11:32:00+00:00,Unemployment Claims
2023-06-29 19:30:00+00:00,Core PCE Price Index m/m
2023-07-03 13:00:00+00:00,ISM Manufacturing PMI
2023-07-05 17:00:00+00:00,FOMC Meeting Minutes
2023-07-05 19:30:00+00:00,JOLTS Job Openings
2023-07-05 19:30:00+00:00,Unemployment Claims
2023-07-06 11:15:00+00:00,ADP Non-Farm Employment Change
2023-07-06 13:00:00+00:00,ISM Services PMI
2023-07-06 19:30:00+00:00,Non-Farm Employment Change
2023-07-06 19:30:00+00:00,Average Hourly Earnings m/m
2023-07-06 19:30:00+00:00,Unemployment Rate
2023-07-11 19:30:00+00:00,CPI m/m
2023-07-11 19:30:00+00:00,CPI y/y
2023-07-12 11:30:00+00:00,Core CPI m/m
2023-07-12 19:30:00+00:00,Unemployment Claims
2023-07-12 19:30:00+00:00,PPI m/m
2023-07-13 11:30:00+00:00,Core PPI m/m
2023-07-14 13:00:00+00:00,Prelim UoM Consumer Sentiment
2023-07-16 19:30:00+00:00,Empire State Manufacturing Index
2023-07-17 19:30:00+00:00,Core Retail Sales m/m
2023-07-17 19:30:00+00:00,Retail Sales m/m
2023-07-19 11:30:00+00:00,Housing Starts
2023-07-20 11:30:00+00:00,Unemployment Claims
2023-07-23 19:30:00+00:00,Flash Services PMI
2023-07-24 12:45:00+00:00,Flash Manufacturing PMI
2023-07-25 13:00:00+00:00,CB Consumer Confidence
2023-07-25 19:30:00+00:00,FOMC Statement
2023-07-26 17:00:00+00:00,Federal Funds Rate
2023-07-26 17:30:00+00:00,FOMC Press Conference
2023-07-26 19:30:00+00:00,Unemployment Claims
2023-07-27 11:30:00+00:00,Advance GDP q/q
2023-07-27 19:30:00+00:00,Core PCE Price Index m/m
2023-07-27 19:30:00+00:00,Employment Cost Index q/q
2023-07-28 13:00:00+00:00,Revised UoM Consumer Sentiment
2023-07-31 19:30:00+00:00,JOLTS Job Openings
2023-08-01 13:00:00+00:00,ISM Manufacturing PMI
2023-08-02 11:15:00+00:00,ADP Non-Farm Employment Change
2023-08-03 11:30:00+00:00,Unemployment Claims
2023-08-03 13:00:00+00:00,ISM Services PMI
2023-08-03 19:30:00+00:00,Unemployment Rate
2023-08-03 19:30:00+00:00,Average Hourly Earnings m/m
2023-08-03 19:30:00+00:00,Non-Farm Employment Change
2023-08-09 19:30:00+00:00,CPI m/m
2023-08-09 19:30:00+00:00,CPI y/y
2023-08-09 19:30:00+00:00,Unemployment Claims
2023-08-10 11:30:00+00:00,Core CPI m/m
2023-08-10 19:30:00+00:00,PPI m/m
2023-08-11 11:30:00+00:00,Core PPI m/m
2023-08-11 13:00:00+00:00,Prelim UoM Consumer Sentiment
2023-08-14 19:30:00+00:00,Core Retail Sales m/m
2023-08-14 19:30:00+00:00,Retail Sales m/m
2023-08-14 19:30:00+00:00,Empire State Manufacturing Index
2023-08-16 17:00:00+00:00,FOMC Meeting Minutes
2023-08-16 19:30:00+00:00,Unemployment Claims
2023-08-22 19:30:00+00:00,Flash Services PMI
2023-08-23 12:45:00+00:00,Flash Manufacturing PMI
2023-08-23 19:30:00+00:00,Unemployment Claims
2023-08-25 13:00:00+00:00,Revised UoM Consumer Sentiment
2023-08-25 13:05:00+00:00,Fed Chair Powell Speaks
2023-08-28 19:30:00+00:00,JOLTS Job Openings
2023-08-29 12:00:00+00:00,S&P/CS Composite-20 HPI y/y
2023-08-29 13:00:00+00:00,CB Consumer Confidence
2023-08-30 11:15:00+00:00,ADP Non-Farm Employment Change
2023-08-30 11:30:00+00:00,Prelim GDP q/q
2023-08-30 19:30:00+00:00,Core PCE Price Index m/m
2023-08-30 19:30:00+00:00,Unemployment Claims
2023-08-31 19:30:00+00:00,Unemployment Rate
2023-08-31 19:30:00+00:00,Non-Farm Employment Change
2023-08-31 19:30:00+00:00,Average Hourly Earnings m/m
2023-09-01 13:00:00+00:00,ISM Manufacturing PMI
2023-09-05 19:30:00+00:00,ISM Services PMI
2023-09-06 19:30:00+00:00,Unemployment Claims
2023-09-12 19:30:00+00:00,CPI m/m
2023-09-12 19:30:00+00:00,CPI y/y
2023-09-13 11:30:00+00:00,Core CPI m/m
2023-09-13 19:30:00+00:00,Core PPI m/m
2023-09-13 19:30:00+00:00,Core Retail Sales m/m
2023-09-13 19:30:00+00:00,Retail Sales m/m
2023-09-13 19:30:00+00:00,Unemployment Claims
2023-09-13 19:30:00+00:00,PPI m/m
2023-09-14 19:30:00+00:00,Empire State Manufacturing Index
2023-09-15 13:00:00+00:00,Prelim UoM Consumer Sentiment
2023-09-19 19:30:00+00:00,FOMC Economic Projections
2023-09-19 19:30:00+00:00,FOMC Statement
2023-09-20 17:00:00+00:00,Federal Funds Rate
2023-09-20 17:30:00+00:00,FOMC Press Conference
2023-09-20 19:30:00+00:00,Unemployment Claims
2023-09-21 20:30:00+00:00,Flash Services PMI
2023-09-22 13:45:00+00:00,Flash Manufacturing PMI
2023-09-26 14:00:00+00:00,CB Consumer Confidence
2023-09-27 20:30:00+00:00,Unemployment Claims
2023-09-28 12:30:00+00:00,Final GDP q/q
2023-09-28 20:00:00+00:00,Fed Chair Powell Speaks
2023-09-28 20:30:00+00:00,Core PCE Price Index m/m
2023-09-29 14:00:00+00:00,Revised UoM Consumer Sentiment
2023-10-01 20:30:00+00:00,Fed Chair Powell Speaks
2023-10-02 14:00:00+00:00,ISM Manufacturing PMI
2023-10-03 14:00:00+00:00,JOLTS Job Openings
2023-10-04 12:15:00+00:00,ADP Non-Farm Employment Change
2023-10-04 14:00:00+00:00,ISM Services PMI
2023-10-04 20:30:00+00:00,Unemployment Claims
2023-10-05 20:30:00+00:00,Unemployment Rate
2023-10-05 20:30:00+00:00,Average Hourly Earnings m/m
2023-10-05 20:30:00+00:00,Non-Farm Employment Change
2023-10-10 20:30:00+00:00,PPI m/m
2023-10-10 20:30:00+00:00,Core PPI m/m
2023-10-11 18:00:00+00:00,FOMC Meeting Minutes
2023-10-11 20:30:00+00:00,CPI m/m
2023-10-11 20:30:00+00:00,CPI y/y
2023-10-11 20:30:00+00:00,Unemployment Claims
2023-10-12 12:30:00+00:00,Core CPI m/m
2023-10-13 14:00:00+00:00,Prelim UoM Consumer Sentiment
2023-10-15 20:30:00+00:00,Empire State Manufacturing Index
2023-10-16 20:30:00+00:00,Core Retail Sales m/m
2023-10-16 20:30:00+00:00,Retail Sales m/m
2023-10-18 20:30:00+00:00,Unemployment Claims
2023-10-19 16:00:00+00:00,Fed Chair Powell Speaks
2023-10-23 20:30:00+00:00,Flash Services PMI
2023-10-24 13:45:00+00:00,Flash Manufacturing PMI
2023-10-25 20:30:00+00:00,Unemployment Claims
2023-10-25 20:35:00+00:00,Fed Chair Powell Speaks
2023-10-26 12:30:00+00:00,Advance GDP q/q
2023-10-27 12:30:00+00:00,Core PCE Price Index m/m
2023-10-27 14:00:00+00:00,Revised UoM Consumer Sentiment
2023-10-30 20:30:00+00:00,Employment Cost Index q/q
2023-10-31 14:00:00+00:00,CB Consumer Confidence
2023-10-31 20:30:00+00:00,FOMC Statement
2023-10-31 20:30:00+00:00,JOLTS Job Openings
2023-11-01 12:15:00+00:00,ADP Non-Farm Employment Change
2023-11-01 14:00:00+00:00,ISM Manufacturing PMI
2023-11-01 18:00:00+00:00,Federal Funds Rate
2023-11-01 18:30:00+00:00,FOMC Press Conference
2023-11-01 20:30:00+00:00,Unemployment Claims
2023-11-02 20:30:00+00:00,Unemployment Rate
2023-11-02 20:30:00+00:00,Average Hourly Earnings m/m
2023-11-02 20:30:00+00:00,Non-Farm Employment Change
2023-11-03 14:00:00+00:00,ISM Services PMI
2023-11-07 21:00:00+00:00,Treasury Currency Report
2023-11-08 14:15:00+00:00,Fed Chair Powell Speaks
2023-11-09 13:30:00+00:00,Unemployment Claims
2023-11-09 19:00:00+00:00,Fed Chair Powell Speaks
2023-11-10 15:00:00+00:00,Prelim UoM Consumer Sentiment
2023-11-13 20:30:00+00:00,CPI y/y
2023-11-13 20:30:00+00:00,CPI m/m
2023-11-14 13:30:00+00:00,Core CPI m/m
2023-11-14 20:30:00+00:00,Core PPI m/m
2023-11-14 20:30:00+00:00,Core Retail Sales m/m
2023-11-14 20:30:00+00:00,Empire State Manufacturing Index
2023-11-14 20:30:00+00:00,PPI m/m
2023-11-14 20:30:00+00:00,Retail Sales m/m
2023-11-16 13:30:00+00:00,Unemployment Claims
2023-11-21 19:00:00+00:00,FOMC Meeting Minutes
2023-11-21 20:30:00+00:00,Revised UoM Consumer Sentiment
2023-11-22 13:30:00+00:00,Unemployment Claims
2023-11-23 20:30:00+00:00,Flash Services PMI
2023-11-24 14:45:00+00:00,Flash Manufacturing PMI
2023-11-28 15:00:00+00:00,CB Consumer Confidence
2023-11-28 20:30:00+00:00,Prelim GDP q/q
2023-11-29 20:30:00+00:00,Core PCE Price Index m/m
2023-11-29 20:30:00+00:00,Unemployment Claims
2023-12-01 15:00:00+00:00,ISM Manufacturing PMI
2023-12-01 16:00:00+00:00,Fed Chair Powell Speaks
2023-12-01 19:00:00+00:00,Fed Chair Powell Speaks
2023-12-04 20:30:00+00:00,JOLTS Job Openings
2023-12-05 15:00:00+00:00,ISM Services PMI
2023-12-06 13:15:00+00:00,ADP Non-Farm Employment Change
2023-12-06 20:30:00+00:00,Unemployment Claims
2023-12-07 20:30:00+00:00,Non-Farm Employment Change
2023-12-07 20:30:00+00:00,Unemployment Rate
2023-12-07 20:30:00+00:00,Average Hourly Earnings m/m
2023-12-08 15:00:00+00:00,Prelim UoM Consumer Sentiment
2023-12-11 20:30:00+00:00,CPI y/y
2023-12-11 20:30:00+00:00,CPI m/m
2023-12-12 13:30:00+00:00,Core CPI m/m
2023-12-12 20:30:00+00:00,PPI m/m
2023-12-12 20:30:00+00:00,FOMC Economic Projections
2023-12-12 20:30:00+00:00,FOMC Statement
2023-12-13 13:30:00+00:00,Core PPI m/m
2023-12-13 19:00:00+00:00,Federal Funds Rate
2023-12-13 19:30:00+00:00,FOMC Press Conference
2023-12-13 20:30:00+00:00,Retail Sales m/m
2023-12-13 20:30:00+00:00,Core Retail Sales m/m
2023-12-13 20:30:00+00:00,Unemployment Claims
2023-12-14 20:30:00+00:00,Flash Services PMI
2023-12-14 20:30:00+00:00,Empire State Manufacturing Index
2023-12-15 14:45:00+00:00,Flash Manufacturing PMI
2023-12-19 20:30:00+00:00,CB Consumer Confidence
2023-12-20 20:30:00+00:00,Final GDP q/q
2023-12-20 20:30:00+00:00,Unemployment Claims
2023-12-21 20:30:00+00:00,Core PCE Price Index m/m
2023-12-22 15:00:00+00:00,Revised UoM Consumer Sentiment
2024-01-02 20:30:00+00:00,JOLTS Job Openings
2024-01-03 15:00:00+00:00,ISM Manufacturing PMI
2024-01-03 19:00:00+00:00,FOMC Meeting Minutes
2024-01-04 13:15:00+00:00,ADP Non-Farm Employment Change
2024-01-04 13:30:00+00:00,Unemployment Claims
2024-01-04 20:30:00+00:00,Average Hourly Earnings m/m
2024-01-04 20:30:00+00:00,Unemployment Rate
2024-01-04 20:30:00+00:00,ISM Services PMI
2024-01-04 20:30:00+00:00,Non-Farm Employment Change
2024-01-10 20:30:00+00:00,CPI m/m
2024-01-10 20:30:00+00:00,CPI y/y
2024-01-10 20:30:00+00:00,Unemployment Claims
2024-01-11 13:30:00+00:00,Core CPI m/m
2024-01-11 20:30:00+00:00,PPI m/m
2024-01-12 13:30:00+00:00,Core PPI m/m
2024-01-15 20:30:00+00:00,Empire State Manufacturing Index
2024-01-16 20:30:00+00:00,Retail Sales m/m
2024-01-16 20:30:00+00:00,Core Retail Sales m/m
2024-01-18 13:30:00+00:00,Unemployment Claims
2024-01-19 15:00:00+00:00,Prelim UoM Consumer Sentiment
2024-01-23 20:30:00+00:00,Flash Services PMI
2024-01-23 20:30:00+00:00,Flash Manufacturing PMI
2024-01-24 20:30:00+00:00,Unemployment Claims
2024-01-25 13:30:00+00:00,Advance GDP q/q
2024-01-26 13:30:00+00:00,Core PCE Price Index m/m
2024-01-29 20:30:00+00:00,JOLTS Job Openings
2024-01-30 15:00:00+00:00,CB Consumer Confidence
2024-01-30 20:30:00+00:00,Employment Cost Index q/q
2024-01-30 20:30:00+00:00,FOMC Statement
2024-01-31 13:15:00+00:00,ADP Non-Farm Employment Change
2024-01-31 19:00:00+00:00,Federal Funds Rate
2024-01-31 19:30:00+00:00,FOMC Press Conference
2024-02-01 13:30:00+00:00,Unemployment Claims
2024-02-01 15:00:00+00:00,ISM Manufacturing PMI
2024-02-01 20:30:00+00:00,Unemployment Rate
2024-02-01 20:30:00+00:00,Non-Farm Employment Change
2024-02-02 13:30:00+00:00,Average Hourly Earnings m/m
2024-02-02 15:00:00+00:00,Revised UoM Consumer Sentiment
2024-02-04 20:30:00+00:00,Fed Chair Powell Speaks
2024-02-05 15:00:00+00:00,ISM Services PMI
2024-02-08 13:30:00+00:00,Unemployment Claims
2024-02-12 20:30:00+00:00,CPI m/m
2024-02-12 20:30:00+00:00,CPI y/y
2024-02-13 13:30:00+00:00,Core CPI m/m
2024-02-14 20:30:00+00:00,Core Retail Sales m/m
2024-02-14 20:30:00+00:00,Empire State Manufacturing Index
2024-02-14 20:30:00+00:00,Retail Sales m/m
2024-02-14 20:30:00+00:00,Unemployment Claims
2024-02-15 20:30:00+00:00,PPI m/m
2024-02-15 20:30:00+00:00,Core PPI m/m
2024-02-16 15:00:00+00:00,Prelim UoM Consumer Sentiment
2024-02-21 19:00:00+00:00,FOMC Meeting Minutes
2024-02-21 20:30:00+00:00,Flash Services PMI
2024-02-21 20:30:00+00:00,Unemployment Claims
2024-02-22 14:45:00+00:00,Flash Manufacturing PMI
2024-02-27 13:30:00+00:00,Durable Goods Orders m/m
2024-02-27 15:00:00+00:00,CB Consumer Confidence
2024-02-27 20:30:00+00:00,Prelim GDP q/q
2024-02-28 20:30:00+00:00,Core PCE Price Index m/m
2024-02-28 20:30:00+00:00,Unemployment Claims
2024-02-29 20:30:00+00:00,Revised UoM Consumer Sentiment
2024-03-01 15:00:00+00:00,ISM Manufacturing PMI
2024-03-05 15:00:00+00:00,ISM Services PMI
2024-03-05 20:30:00+00:00,JOLTS Job Openings
2024-03-05 20:30:00+00:00,Fed Chair Powell Testifies
2024-03-06 13:15:00+00:00,ADP Non-Farm Employment Change
2024-03-06 20:30:00+00:00,Unemployment Claims
2024-03-07 15:00:00+00:00,Fed Chair Powell Testifies
2024-03-07 20:30:00+00:00,Average Hourly Earnings m/m
2024-03-07 20:30:00+00:00,Unemployment Rate
2024-03-07 20:30:00+00:00,Non-Farm Employment Change
2024-03-11 20:30:00+00:00,CPI m/m
2024-03-11 20:30:00+00:00,CPI y/y
2024-03-12 12:30:00+00:00,Core CPI m/m
2024-03-12 17:01:00+00:00,10-y Bond Auction
2024-03-13 17:01:00+00:00,30-y Bond Auction
2024-03-13 20:30:00+00:00,Retail Sales m/m
2024-03-13 20:30:00+00:00,Core PPI m/m
2024-03-13 20:30:00+00:00,Unemployment Claims
2024-03-13 20:30:00+00:00,PPI m/m
2024-03-13 20:30:00+00:00,Core Retail Sales m/m
2024-03-14 20:30:00+00:00,Empire State Manufacturing Index
2024-03-15 14:00:00+00:00,Prelim UoM Consumer Sentiment
2024-03-19 20:30:00+00:00,FOMC Statement
2024-03-19 20:30:00+00:00,FOMC Economic Projections
2024-03-20 18:00:00+00:00,Federal Funds Rate
2024-03-20 18:30:00+00:00,FOMC Press Conference
2024-03-20 19:30:00+00:00,Unemployment Claims
2024-03-20 19:30:00+00:00,Flash Services PMI
2024-03-21 12:45:00+00:00,Flash Manufacturing PMI
2024-03-21 19:30:00+00:00,Fed Chair Powell Speaks
2024-03-26 13:00:00+00:00,CB Consumer Confidence
2024-03-27 19:30:00+00:00,Revised UoM Consumer Sentiment
2024-03-27 19:30:00+00:00,Unemployment Claims
2024-03-27 19:30:00+00:00,Final GDP q/q
2024-03-27 21:00:00+00:00,FOMC Member Waller Speaks
2024-03-28 13:00:00+00:00,Pending Home Sales m/m
2024-03-29 11:30:00+00:00,Core PCE Price Index m/m
2024-03-29 14:30:00+00:00,Fed Chair Powell Speaks
2024-04-01 13:00:00+00:00,ISM Manufacturing PMI
2024-04-02 13:00:00+00:00,JOLTS Job Openings
2024-04-03 11:15:00+00:00,ADP Non-Farm Employment Change
2024-04-03 13:00:00+00:00,ISM Services PMI
2024-04-03 15:10:00+00:00,Fed Chair Powell Speaks
2024-04-03 19:30:00+00:00,Unemployment Claims
2024-04-04 19:30:00+00:00,Average Hourly Earnings m/m
2024-04-04 19:30:00+00:00,Unemployment Rate
2024-04-04 19:30:00+00:00,Non-Farm Employment Change
2024-04-09 19:30:00+00:00,Core CPI m/m
2024-04-09 19:30:00+00:00,CPI y/y
2024-04-09 19:30:00+00:00,CPI m/m
2024-04-10 17:00:00+00:00,FOMC Meeting Minutes
2024-04-10 19:30:00+00:00,Unemployment Claims
2024-04-10 19:30:00+00:00,PPI m/m
2024-04-11 11:30:00+00:00,Core PPI m/m
2024-04-11 16:01:00+00:00,30-y Bond Auction
2024-04-12 13:00:00+00:00,Prelim UoM Consumer Sentiment
2024-04-14 19:30:00+00:00,Retail Sales m/m
2024-04-14 19:30:00+00:00,Empire State Manufacturing Index
2024-04-14 19:30:00+00:00,Core Retail Sales m/m
2024-04-15 19:30:00+00:00,Fed Chair Powell Speaks
2024-04-18 11:30:00+00:00,Unemployment Claims
2024-04-22 19:30:00+00:00,Flash Services PMI
2024-04-23 12:45:00+00:00,Flash Manufacturing PMI
2024-04-24 19:30:00+00:00,Unemployment Claims
2024-04-25 11:30:00+00:00,Advance GDP q/q
2024-04-25 13:00:00+00:00,Pending Home Sales m/m
2024-04-26 11:30:00+00:00,Core PCE Price Index m/m
2024-04-26 13:00:00+00:00,Revised UoM Consumer Sentiment
2024-04-29 19:30:00+00:00,Employment Cost Index q/q
2024-04-30 13:00:00+00:00,CB Consumer Confidence
2024-04-30 19:30:00+00:00,JOLTS Job Openings
2024-04-30 19:30:00+00:00,FOMC Statement
2024-05-01 11:15:00+00:00,ADP Non-Farm Employment Change
2024-05-01 12:45:00+00:00,Final Manufacturing PMI
2024-05-01 13:00:00+00:00,ISM Manufacturing PMI
2024-05-01 17:00:00+00:00,Federal Funds Rate
2024-05-01 17:30:00+00:00,FOMC Press Conference
2024-05-01 19:30:00+00:00,Unemployment Claims
2024-05-02 19:30:00+00:00,Non-Farm Employment Change
2024-05-02 19:30:00+00:00,Unemployment Rate
2024-05-03 11:30:00+00:00,Average Hourly Earnings m/m
2024-05-03 13:00:00+00:00,ISM Services PMI
2024-05-09 11:30:00+00:00,Unemployment Claims
2024-05-09 16:01:00+00:00,30-y Bond Auction
2024-05-10 13:00:00+00:00,Prelim UoM Consumer Sentiment
2024-05-13 19:30:00+00:00,Core PPI m/m
2024-05-13 19:30:00+00:00,PPI m/m
2024-05-14 13:00:00+00:00,Fed Chair Powell Speaks
2024-05-14 19:30:00+00:00,Core CPI m/m
2024-05-14 19:30:00+00:00,Retail Sales m/m
2024-05-14 19:30:00+00:00,Empire State Manufacturing Index
2024-05-14 19:30:00+00:00,CPI y/y
2024-05-14 19:30:00+00:00,CPI m/m
2024-05-14 19:30:00+00:00,Core Retail Sales m/m
2024-05-16 11:30:00+00:00,Unemployment Claims
2024-05-22 17:00:00+00:00,FOMC Meeting Minutes
2024-05-22 19:30:00+00:00,Unemployment Claims
2024-05-22 19:30:00+00:00,Flash Services PMI
2024-05-23 12:45:00+00:00,Flash Manufacturing PMI
2024-05-24 13:00:00+00:00,Revised UoM Consumer Sentiment
2024-05-28 13:00:00+00:00,CB Consumer Confidence
2024-05-29 19:30:00+00:00,Unemployment Claims
2024-05-29 19:30:00+00:00,Prelim GDP q/q
2024-05-30 13:00:00+00:00,Pending Home Sales m/m
2024-05-30 19:30:00+00:00,Core PCE Price Index m/m
2024-06-03 12:45:00+00:00,Final Manufacturing PMI
2024-06-03 13:00:00+00:00,ISM Manufacturing PMI
2024-06-04 13:00:00+00:00,JOLTS Job Openings
2024-06-05 11:15:00+00:00,ADP Non-Farm Employment Change
2024-06-05 13:00:00+00:00,ISM Services PMI
2024-06-05 19:30:00+00:00,Unemployment Claims
2024-06-06 19:30:00+00:00,Unemployment Rate
2024-06-06 19:30:00+00:00,Non-Farm Employment Change
2024-06-06 19:30:00+00:00,Average Hourly Earnings m/m
2024-06-11 19:30:00+00:00,FOMC Statement
2024-06-11 19:30:00+00:00,FOMC Economic Projections
2024-06-11 19:30:00+00:00,CPI y/y
2024-06-11 19:30:00+00:00,CPI m/m
2024-06-12 11:30:00+00:00,Core CPI m/m
2024-06-12 17:00:00+00:00,Federal Funds Rate
2024-06-12 17:30:00+00:00,FOMC Press Conference
2024-06-12 19:30:00+00:00,Unemployment Claims
2024-06-12 19:30:00+00:00,PPI m/m
2024-06-13 11:30:00+00:00,Core PPI m/m
2024-06-14 13:00:00+00:00,Prelim UoM Consumer Sentiment
2024-06-16 19:30:00+00:00,Empire State Manufacturing Index
2024-06-17 19:30:00+00:00,Retail Sales m/m
2024-06-18 11:30:00+00:00,Core Retail Sales m/m
2024-06-19 19:30:00+00:00,Unemployment Claims
2024-06-20 19:00:00+00:00,Treasury Currency Report
2024-06-20 19:30:00+00:00,Flash Services PMI
2024-06-21 12:45:00+00:00,Flash Manufacturing PMI
2024-06-25 13:00:00+00:00,CB Consumer Confidence
2024-06-26 13:00:00+00:00,New Home Sales
2024-06-26 19:30:00+00:00,Unemployment Claims
2024-06-27 11:30:00+00:00,Final GDP q/q
2024-06-27 13:00:00+00:00,Pending Home Sales m/m
2024-06-27 19:30:00+00:00,Core PCE Price Index m/m
2024-07-01 13:00:00+00:00,ISM Manufacturing PMI
2024-07-01 19:30:00+00:00,Fed Chair Powell Speaks
2024-07-02 13:00:00+00:00,JOLTS Job Openings
2024-07-02 19:30:00+00:00,Unemployment Claims
2024-07-03 11:15:00+00:00,ADP Non-Farm Employment Change
2024-07-03 13:00:00+00:00,ISM Services PMI
2024-07-03 17:00:00+00:00,FOMC Meeting Minutes
2024-07-04 19:30:00+00:00,Unemployment Rate
2024-07-04 19:30:00+00:00,Non-Farm Employment Change
2024-07-04 19:30:00+00:00,Average Hourly Earnings m/m
2024-07-09 13:00:00+00:00,Fed Chair Powell Testifies
2024-07-09 19:30:00+00:00,Fed Chair Powell Testifies
2024-07-10 19:30:00+00:00,Unemployment Claims
2024-07-10 19:30:00+00:00,CPI y/y
2024-07-10 19:30:00+00:00,CPI m/m
2024-07-11 11:30:00+00:00,Core CPI m/m
2024-07-11 19:30:00+00:00,Core PPI m/m
2024-07-11 19:30:00+00:00,PPI m/m
2024-07-12 13:00:00+00:00,Prelim UoM Consumer Sentiment
2024-07-14 19:30:00+00:00,Empire State Manufacturing Index
2024-07-15 15:30:00+00:00,Fed Chair Powell Speaks
2024-07-15 19:30:00+00:00,Retail Sales m/m
2024-07-15 19:30:00+00:00,Core Retail Sales m/m
2024-07-18 11:30:00+00:00,Unemployment Claims
2024-07-23 19:30:00+00:00,Flash Manufacturing PMI
2024-07-23 19:30:00+00:00,Flash Services PMI
2024-07-24 19:30:00+00:00,Unemployment Claims
2024-07-25 11:30:00+00:00,Advance GDP q/q
2024-07-26 11:30:00+00:00,Core PCE Price Index m/m
2024-07-29 19:30:00+00:00,JOLTS Job Openings
2024-07-30 13:00:00+00:00,CB Consumer Confidence
2024-07-30 19:30:00+00:00,FOMC Statement
2024-07-30 19:30:00+00:00,Employment Cost Index q/q
2024-07-31 11:15:00+00:00,ADP Non-Farm Employment Change
2024-07-31 13:00:00+00:00,Pending Home Sales m/m
2024-07-31 17:00:00+00:00,Federal Funds Rate
2024-07-31 17:30:00+00:00,FOMC Press Conference
2024-08-01 11:30:00+00:00,Unemployment Claims
2024-08-01 13:00:00+00:00,ISM Manufacturing PMI
2024-08-01 19:30:00+00:00,Unemployment Rate
2024-08-01 19:30:00+00:00,Non-Farm Employment Change
2024-08-02 11:30:00+00:00,Average Hourly Earnings m/m
2024-08-05 13:00:00+00:00,ISM Services PMI
2024-08-08 11:30:00+00:00,Unemployment Claims
2024-08-12 19:30:00+00:00,PPI m/m
2024-08-13 11:30:00+00:00,Core PPI m/m
2024-08-13 19:30:00+00:00,CPI m/m
2024-08-13 19:30:00+00:00,CPI y/y
2024-08-14 11:30:00+00:00,Core CPI m/m
2024-08-14 19:30:00+00:00,Core Retail Sales m/m
2024-08-14 19:30:00+00:00,Retail Sales m/m
2024-08-14 19:30:00+00:00,Unemployment Claims
2024-08-21 17:00:00+00:00,FOMC Meeting Minutes
2024-08-21 19:30:00+00:00,Flash Services PMI
2024-08-22 11:30:00+00:00,Unemployment Claims
2024-08-22 12:45:00+00:00,Flash Manufacturing PMI
2024-08-23 13:00:00+00:00,Fed Chair Powell Speaks
2024-08-26 19:30:00+00:00,CB Consumer Confidence
2024-08-28 19:30:00+00:00,Unemployment Claims
2024-08-28 19:30:00+00:00,Prelim GDP q/q
2024-08-29 19:30:00+00:00,Core PCE Price Index m/m
2024-09-03 13:00:00+00:00,ISM Manufacturing PMI
2024-09-04 13:00:00+00:00,JOLTS Job Openings
2024-09-04 19:30:00+00:00,Unemployment Claims
2024-09-05 11:15:00+00:00,ADP Non-Farm Employment Change
2024-09-05 13:00:00+00:00,ISM Services PMI
2024-09-05 19:30:00+00:00,Average Hourly Earnings m/m
2024-09-05 19:30:00+00:00,Unemployment Rate
2024-09-05 19:30:00+00:00,Non-Farm Employment Change
2024-09-06 14:00:00+00:00,FOMC Member Waller Speaks
2024-09-10 19:30:00+00:00,CPI m/m
2024-09-10 19:30:00+00:00,CPI y/y
2024-09-11 11:30:00+00:00,Core CPI m/m
2024-09-11 19:30:00+00:00,PPI m/m
2024-09-11 19:30:00+00:00,Unemployment Claims
2024-09-11 19:30:00+00:00,Core PPI m/m
2024-09-16 19:30:00+00:00,Retail Sales m/m
2024-09-16 19:30:00+00:00,Core Retail Sales m/m
2024-09-17 19:30:00+00:00,FOMC Statement
2024-09-17 19:30:00+00:00,FOMC Economic Projections
2024-09-18 17:00:00+00:00,Federal Funds Rate
2024-09-18 17:30:00+00:00,FOMC Press Conference
2024-09-19 11:30:00+00:00,Unemployment Claims
2024-09-22 20:30:00+00:00,Flash Services PMI
2024-09-23 13:45:00+00:00,Flash Manufacturing PMI
2024-09-24 14:00:00+00:00,CB Consumer Confidence
2024-09-25 20:30:00+00:00,Unemployment Claims
2024-09-26 12:30:00+00:00,Final GDP q/q
2024-09-26 13:20:00+00:00,Fed Chair Powell Speaks
2024-09-26 20:30:00+00:00,Core PCE Price Index m/m
2024-09-30 17:55:00+00:00,Fed Chair Powell Speaks
2024-09-30 20:30:00+00:00,JOLTS Job Openings
2024-09-30 20:30:00+00:00,ISM Manufacturing PMI
2024-10-02 12:15:00+00:00,ADP Non-Farm Employment Change
2024-10-03 12:30:00+00:00,Unemployment Claims
2024-10-03 14:00:00+00:00,ISM Services PMI
2024-10-03 20:30:00+00:00,Unemployment Rate
2024-10-03 20:30:00+00:00,Non-Farm Employment Change
2024-10-04 12:30:00+00:00,Average Hourly Earnings m/m
2024-10-09 18:00:00+00:00,FOMC Meeting Minutes
2024-10-09 20:30:00+00:00,Unemployment Claims
2024-10-09 20:30:00+00:00,CPI m/m
2024-10-09 20:30:00+00:00,CPI y/y
2024-10-10 12:30:00+00:00,Core CPI m/m
2024-10-10 20:30:00+00:00,PPI m/m
2024-10-10 20:30:00+00:00,Core PPI m/m
2024-10-16 20:30:00+00:00,Unemployment Claims
2024-10-16 20:30:00+00:00,Retail Sales m/m
2024-10-16 20:30:00+00:00,Core Retail Sales m/m
2024-10-23 20:30:00+00:00,Flash Services PMI
2024-10-24 12:30:00+00:00,Unemployment Claims
2024-10-24 13:45:00+00:00,Flash Manufacturing PMI
2024-10-28 20:30:00+00:00,JOLTS Job Openings
2024-10-29 14:00:00+00:00,CB Consumer Confidence
2024-10-30 12:15:00+00:00,ADP Non-Farm Employment Change
2024-10-30 12:30:00+00:00,Advance GDP q/q
2024-10-30 20:30:00+00:00,Employment Cost Index q/q
2024-10-30 20:30:00+00:00,Unemployment Claims
2024-10-30 20:30:00+00:00,Core PCE Price Index m/m
2024-10-31 20:30:00+00:00,Non-Farm Employment Change
2024-10-31 20:30:00+00:00,Unemployment Rate
2024-11-01 12:30:00+00:00,Average Hourly Earnings m/m
2024-11-01 14:00:00+00:00,ISM Manufacturing PMI
2024-11-05 15:00:00+00:00,ISM Services PMI
2024-11-05 20:29:59+00:00,Presidential Election
2024-11-05 20:29:59+00:00,Congressional Elections
2024-11-06 20:30:00+00:00,FOMC Statement
2024-11-07 13:30:00+00:00,Unemployment Claims
2024-11-07 19:00:00+00:00,Federal Funds Rate
2024-11-07 19:30:00+00:00,FOMC Press Conference
2024-11-12 20:30:00+00:00,CPI m/m
2024-11-12 20:30:00+00:00,CPI y/y
2024-11-13 13:30:00+00:00,Core CPI m/m
2024-11-13 20:30:00+00:00,Unemployment Claims
2024-11-13 20:30:00+00:00,PPI m/m
2024-11-14 13:30:00+00:00,Core PPI m/m
2024-11-14 20:00:00+00:00,Fed Chair Powell Speaks
2024-11-14 20:30:00+00:00,Retail Sales m/m
2024-11-14 20:30:00+00:00,Core Retail Sales m/m
2024-11-20 20:30:00+00:00,Unemployment Claims
2024-11-21 20:30:00+00:00,Flash Services PMI
2024-11-22 14:45:00+00:00,Flash Manufacturing PMI
2024-11-25 20:30:00+00:00,CB Consumer Confidence
2024-11-26 19:00:00+00:00,FOMC Meeting Minutes
2024-11-26 20:30:00+00:00,Unemployment Claims
2024-11-27 13:30:00+00:00,Prelim GDP q/q
2024-11-27 15:00:00+00:00,Core PCE Price Index m/m
2024-12-02 15:00:00+00:00,ISM Manufacturing PMI
2024-12-03 15:00:00+00:00,JOLTS Job Openings
2024-12-04 13:15:00+00:00,ADP Non-Farm Employment Change
2024-12-04 15:00:00+00:00,ISM Services PMI
2024-12-04 18:45:00+00:00,Fed Chair Powell Speaks
2024-12-04 20:30:00+00:00,Unemployment Claims
2024-12-05 20:30:00+00:00,Unemployment Rate
2024-12-05 20:30:00+00:00,Non-Farm Employment Change
2024-12-05 20:30:00+00:00,Average Hourly Earnings m/m
2024-12-10 20:30:00+00:00,CPI y/y
2024-12-10 20:30:00+00:00,CPI m/m
2024-12-11 13:30:00+00:00,Core CPI m/m
2024-12-11 20:30:00+00:00,Unemployment Claims
2024-12-11 20:30:00+00:00,PPI m/m
2024-12-11 20:30:00+00:00,Core PPI m/m
2024-12-15 20:30:00+00:00,Flash Services PMI
2024-12-16 14:45:00+00:00,Flash Manufacturing PMI
2024-12-16 20:30:00+00:00,Retail Sales m/m
2024-12-16 20:30:00+00:00,Core Retail Sales m/m
2024-12-17 20:30:00+00:00,FOMC Statement
2024-12-17 20:30:00+00:00,FOMC Economic Projections
2024-12-18 19:00:00+00:00,Federal Funds Rate
2024-12-18 19:30:00+00:00,FOMC Press Conference
2024-12-18 20:30:00+00:00,Unemployment Claims
2024-12-19 13:30:00+00:00,Final GDP q/q
2024-12-19 20:30:00+00:00,Core PCE Price Index m/m
2024-12-26 13:30:00+00:00,Unemployment Claims
2025-01-02 13:30:00+00:00,Unemployment Claims
2025-01-03 15:00:00+00:00,ISM Manufacturing PMI
2025-01-06 20:30:00+00:00,JOLTS Job Openings
2025-01-06 20:30:00+00:00,ISM Services PMI
2025-01-08 13:15:00+00:00,ADP Non-Farm Employment Change
2025-01-08 13:30:00+00:00,Unemployment Claims
2025-01-08 19:00:00+00:00,FOMC Meeting Minutes
2025-01-09 20:30:00+00:00,Non-Farm Employment Change
2025-01-09 20:30:00+00:00,Average Hourly Earnings m/m
2025-01-09 20:30:00+00:00,Unemployment Rate
2025-01-13 20:30:00+00:00,PPI m/m
2025-01-14 13:30:00+00:00,Core PPI m/m
2025-01-14 20:30:00+00:00,CPI y/y
2025-01-14 20:30:00+00:00,CPI m/m
2025-01-14 20:30:00+00:00,Core CPI m/m
2025-01-15 20:30:00+00:00,Unemployment Claims
2025-01-15 20:30:00+00:00,Retail Sales m/m
2025-01-16 13:30:00+00:00,Core Retail Sales m/m
2025-01-20 17:00:00+00:00,President Trump Speaks
2025-01-22 20:30:00+00:00,Unemployment Claims
2025-01-23 16:00:00+00:00,President Trump Speaks
2025-01-23 20:30:00+00:00,Flash Services PMI
2025-01-24 14:45:00+00:00,Flash Manufacturing PMI
2025-01-28 15:00:00+00:00,CB Consumer Confidence
2025-01-28 20:30:00+00:00,FOMC Statement
2025-01-29 19:00:00+00:00,Federal Funds Rate
2025-01-29 19:30:00+00:00,FOMC Press Conference
2025-01-29 20:30:00+00:00,Unemployment Claims
2025-01-30 13:30:00+00:00,Advance GDP q/q
2025-01-30 20:30:00+00:00,Core PCE Price Index m/m
2025-01-30 20:30:00+00:00,Employment Cost Index q/q
2025-02-03 15:00:00+00:00,ISM Manufacturing PMI
2025-02-04 15:00:00+00:00,JOLTS Job Openings
2025-02-04 22:10:00+00:00,President Trump Speaks
2025-02-05 13:15:00+00:00,ADP Non-Farm Employment Change
2025-02-05 15:00:00+00:00,ISM Services PMI
2025-02-06 13:30:00+00:00,Unemployment Claims
2025-02-06 20:30:00+00:00,Unemployment Rate
2025-02-06 20:30:00+00:00,Non-Farm Employment Change
2025-02-06 20:30:00+00:00,Average Hourly Earnings m/m
2025-02-10 21:30:00+00:00,President Trump Speaks
2025-02-11 15:00:00+00:00,Fed Chair Powell Testifies
2025-02-11 20:30:00+00:00,CPI y/y
2025-02-11 20:30:00+00:00,CPI m/m
2025-02-11 20:30:00+00:00,Fed Chair Powell Testifies
2025-02-11 20:40:00+00:00,President Trump Speaks
2025-02-12 13:30:00+00:00,Core CPI m/m
2025-02-12 20:30:00+00:00,Unemployment Claims
2025-02-12 20:30:00+00:00,PPI m/m
2025-02-12 20:48:00+00:00,President Trump Speaks
2025-02-13 13:30:00+00:00,Core PPI m/m
2025-02-13 18:36:00+00:00,President Trump Speaks
2025-02-13 20:30:00+00:00,Retail Sales m/m
2025-02-13 20:30:00+00:00,Core Retail Sales m/m
2025-02-14 19:08:00+00:00,President Trump Speaks
2025-02-18 20:30:00+00:00,President Trump Speaks
2025-02-18 21:13:00+00:00,President Trump Speaks
2025-02-19 19:00:00+00:00,FOMC Meeting Minutes
2025-02-19 20:30:00+00:00,Unemployment Claims
2025-02-19 22:00:00+00:00,President Trump Speaks
2025-02-20 20:30:00+00:00,Flash Services PMI
2025-02-21 00:20:00+00:00,President Trump Speaks
2025-02-21 14:45:00+00:00,Flash Manufacturing PMI
2025-02-21 20:56:00+00:00,President Trump Speaks
2025-02-24 19:49:00+00:00,President Trump Speaks
2025-02-25 20:59:00+00:00,President Trump Speaks
2025-02-26 20:30:00+00:00,Unemployment Claims
2025-02-26 20:30:00+00:00,Prelim GDP q/q
2025-02-27 20:30:00+00:00,Core PCE Price Index m/m
2025-02-28 17:15:00+00:00,President Trump Speaks
2025-03-03 15:00:00+00:00,ISM Manufacturing PMI
2025-03-05 02:10:00+00:00,President Trump Speaks
2025-03-05 13:15:00+00:00,ADP Non-Farm Employment Change
2025-03-05 15:00:00+00:00,ISM Services PMI
2025-03-05 20:30:00+00:00,Unemployment Claims
2025-03-06 20:30:00+00:00,Average Hourly Earnings m/m
2025-03-06 20:30:00+00:00,Non-Farm Employment Change
2025-03-06 20:30:00+00:00,Unemployment Rate
2025-03-07 17:30:00+00:00,Fed Chair Powell Speaks
2025-03-11 14:00:00+00:00,JOLTS Job Openings
2025-03-11 20:30:00+00:00,CPI m/m
2025-03-11 20:30:00+00:00,CPI y/y
2025-03-12 12:30:00+00:00,Core CPI m/m
2025-03-12 20:30:00+00:00,Core PPI m/m
2025-03-12 20:30:00+00:00,PPI m/m
2025-03-12 20:30:00+00:00,Unemployment Claims
2025-03-13 20:30:00+00:00,Prelim UoM Inflation Expectations
2025-03-14 14:00:00+00:00,Prelim UoM Consumer Sentiment
2025-03-16 20:30:00+00:00,Core Retail Sales m/m
2025-03-16 20:30:00+00:00,Retail Sales m/m
2025-03-18 20:30:00+00:00,FOMC Economic Projections
2025-03-18 20:30:00+00:00,FOMC Statement
2025-03-19 18:00:00+00:00,Federal Funds Rate
2025-03-19 18:30:00+00:00,FOMC Press Conference
2025-03-19 20:30:00+00:00,Unemployment Claims
2025-03-23 19:30:00+00:00,Flash Services PMI
2025-03-24 12:45:00+00:00,Flash Manufacturing PMI
2025-03-26 19:00:00+00:00,President Trump Speaks
2025-03-26 19:30:00+00:00,Unemployment Claims
2025-03-27 11:30:00+00:00,Final GDP q/q
2025-03-27 19:30:00+00:00,Core PCE Price Index m/m
2025-03-31 19:30:00+00:00,JOLTS Job Openings
2025-04-01 13:00:00+00:00,ISM Manufacturing PMI
2025-04-02 11:15:00+00:00,ADP Non-Farm Employment Change
2025-04-02 19:00:00+00:00,President Trump Speaks
2025-04-02 19:30:00+00:00,Unemployment Claims
2025-04-03 13:00:00+00:00,ISM Services PMI
2025-04-03 19:30:00+00:00,Non-Farm Employment Change
2025-04-03 19:30:00+00:00,Average Hourly Earnings m/m
2025-04-03 19:30:00+00:00,Unemployment Rate
2025-04-04 14:25:00+00:00,Fed Chair Powell Speaks
