trading_day_utc,observation_status,covering_source_count,truncated_covering_source_count,eligible_for_direction_model
2021-01-03,OUTSIDE_OBSERVED_RANGE,0,0,False
2021-01-04,OUTSIDE_OBSERVED_RANGE,0,0,False
2021-01-05,OUTSIDE_OBSERVED_RANGE,0,0,False
2021-01-06,OUTSIDE_OBSERVED_RANGE,0,0,False
2021-01-07,OUTSIDE_OBSERVED_RANGE,0,0,False
2021-01-08,OUTSIDE_OBSERVED_RANGE,0,0,False
2021-01-10,OUTSIDE_OBSERVED_RANGE,0,0,False
2021-01-11,OUTSIDE_OBSERVED_RANGE,0,0,False
2021-01-12,OUTSIDE_OBSERVED_RANGE,0,0,False
2021-01-13,OUTSIDE_OBSERVED_RANGE,0,0,False
2021-01-14,OUTSIDE_OBSERVED_RANGE,0,0,False
2021-01-15,OUTSIDE_OBSERVED_RANGE,0,0,False
2021-01-17,OUTSIDE_OBSERVED_RANGE,0,0,False
2021-01-18,OUTSIDE_OBSERVED_RANGE,0,0,False
2021-01-19,OUTSIDE_OBSERVED_RANGE,0,0,False
2021-01-20,OUTSIDE_OBSERVED_RANGE,0,0,False
2021-01-21,OUTSIDE_OBSERVED_RANGE,0,0,False
2021-01-22,OUTSIDE_OBSERVED_RANGE,0,0,False
2021-01-24,OUTSIDE_OBSERVED_RANGE,0,0,False
2021-01-25,OUTSIDE_OBSERVED_RANGE,0,0,False
2021-01-26,OUTSIDE_OBSERVED_RANGE,0,0,False
2021-01-27,OUTSIDE_OBSERVED_RANGE,0,0,False
2021-01-28,OUTSIDE_OBSERVED_RANGE,0,0,False
2021-01-29,OUTSIDE_OBSERVED_RANGE,0,0,False
2021-01-31,OUTSIDE_OBSERVED_RANGE,0,0,False
2021-02-01,VISIBLE_TRADE,1,1,False
2021-02-02,VISIBLE_TRADE,1,1,False
2021-02-03,NO_VISIBLE_TRADE_PARTIAL_SOURCE_COVERAGE,1,1,False
2021-02-04,NO_VISIBLE_TRADE_PARTIAL_SOURCE_COVERAGE,1,1,False
2021-02-05,NO_VISIBLE_TRADE_PARTIAL_SOURCE_COVERAGE,1,1,False
2021-02-07,NO_VISIBLE_TRADE_PARTIAL_SOURCE_COVERAGE,1,1,False
2021-02-08,NO_VISIBLE_TRADE_PARTIAL_SOURCE_COVERAGE,1,1,False
2021-02-09,NO_VISIBLE_TRADE_PARTIAL_SOURCE_COVERAGE,1,1,False
2021-02-10,NO_VISIBLE_TRADE_PARTIAL_SOURCE_COVERAGE,1,1,False
2021-02-11,NO_VISIBLE_TRADE_PARTIAL_SOURCE_COVERAGE,1,1,False
2021-02-12,NO_VISIBLE_TRADE_PARTIAL_SOURCE_COVERAGE,1,1,False
2021-02-14,NO_VISIBLE_TRADE_PARTIAL_SOURCE_COVERAGE,1,1,False
2021-02-15,NO_VISIBLE_TRADE_PARTIAL_SOURCE_COVERAGE,1,1,False
2021-02-16,NO_VISIBLE_TRADE_PARTIAL_SOURCE_COVERAGE,1,1,False
2021-02-17,NO_VISIBLE_TRADE_PARTIAL_SOURCE_COVERAGE,1,1,False
2021-02-18,NO_VISIBLE_TRADE_PARTIAL_SOURCE_COVERAGE,1,1,False
2021-02-19,NO_VISIBLE_TRADE_PARTIAL_SOURCE_COVERAGE,1,1,False
2021-02-21,NO_VISIBLE_TRADE_PARTIAL_SOURCE_COVERAGE,1,1,False
2021-02-22,NO_VISIBLE_TRADE_PARTIAL_SOURCE_COVERAGE,1,1,False
2021-02-23,NO_VISIBLE_TRADE_PARTIAL_SOURCE_COVERAGE,1,1,False
2021-02-24,NO_VISIBLE_TRADE_PARTIAL_SOURCE_COVERAGE,1,1,False
2021-02-25,NO_VISIBLE_TRADE_PARTIAL_SOURCE_COVERAGE,1,1,False
2021-02-26,NO_VISIBLE_TRADE_PARTIAL_SOURCE_COVERAGE,1,1,False
2021-02-28,NO_VISIBLE_TRADE_PARTIAL_SOURCE_COVERAGE,1,1,False
2021-03-01,NO_VISIBLE_TRADE_PARTIAL_SOURCE_COVERAGE,1,1,False
2021-03-02,OUTSIDE_OBSERVED_RANGE,0,0,False
2021-03-03,OUTSIDE_OBSERVED_RANGE,0,0,False
2021-03-04,OUTSIDE_OBSERVED_RANGE,0,0,False
2021-03-05,OUTSIDE_OBSERVED_RANGE,0,0,False
2021-03-07,OUTSIDE_OBSERVED_RANGE,0,0,False
2021-03-08,OUTSIDE_OBSERVED_RANGE,0,0,False
2021-03-09,OUTSIDE_OBSERVED_RANGE,0,0,False
2021-03-10,OUTSIDE_OBSERVED_RANGE,0,0,False
2021-03-11,OUTSIDE_OBSERVED_RANGE,0,0,False
2021-03-12,OUTSIDE_OBSERVED_RANGE,0,0,False
2021-03-14,OUTSIDE_OBSERVED_RANGE,0,0,False
2021-03-15,OUTSIDE_OBSERVED_RANGE,0,0,False
2021-03-16,OUTSIDE_OBSERVED_RANGE,0,0,False
2021-03-17,OUTSIDE_OBSERVED_RANGE,0,0,False
2021-03-18,OUTSIDE_OBSERVED_RANGE,0,0,False
2021-03-19,OUTSIDE_OBSERVED_RANGE,0,0,False
2021-03-21,OUTSIDE_OBSERVED_RANGE,0,0,False
2021-03-22,OUTSIDE_OBSERVED_RANGE,0,0,False
2021-03-23,OUTSIDE_OBSERVED_RANGE,0,0,False
2021-03-24,OUTSIDE_OBSERVED_RANGE,0,0,False
2021-03-25,OUTSIDE_OBSERVED_RANGE,0,0,False
2021-03-26,OUTSIDE_OBSERVED_RANGE,0,0,False
2021-03-28,OUTSIDE_OBSERVED_RANGE,0,0,False
2021-03-29,OUTSIDE_OBSERVED_RANGE,0,0,False
2021-03-30,OUTSIDE_OBSERVED_RANGE,0,0,False
2021-03-31,OUTSIDE_OBSERVED_RANGE,0,0,False
2021-04-01,OUTSIDE_OBSERVED_RANGE,0,0,False
2021-04-04,OUTSIDE_OBSERVED_RANGE,0,0,False
2021-04-05,OUTSIDE_OBSERVED_RANGE,0,0,False
2021-04-06,OUTSIDE_OBSERVED_RANGE,0,0,False
2021-04-07,OUTSIDE_OBSERVED_RANGE,0,0,False
2021-04-08,OUTSIDE_OBSERVED_RANGE,0,0,False
2021-04-09,OUTSIDE_OBSERVED_RANGE,0,0,False
2021-04-11,OUTSIDE_OBSERVED_RANGE,0,0,False
2021-04-12,OUTSIDE_OBSERVED_RANGE,0,0,False
2021-04-13,OUTSIDE_OBSERVED_RANGE,0,0,False
2021-04-14,OUTSIDE_OBSERVED_RANGE,0,0,False
2021-04-15,OUTSIDE_OBSERVED_RANGE,0,0,False
2021-04-16,OUTSIDE_OBSERVED_RANGE,0,0,False
2021-04-18,OUTSIDE_OBSERVED_RANGE,0,0,False
2021-04-19,OUTSIDE_OBSERVED_RANGE,0,0,False
2021-04-20,OUTSIDE_OBSERVED_RANGE,0,0,False
2021-04-21,OUTSIDE_OBSERVED_RANGE,0,0,False
2021-04-22,OUTSIDE_OBSERVED_RANGE,0,0,False
2021-04-23,OUTSIDE_OBSERVED_RANGE,0,0,False
2021-04-25,OUTSIDE_OBSERVED_RANGE,0,0,False
2021-04-26,OUTSIDE_OBSERVED_RANGE,0,0,False
2021-04-27,OUTSIDE_OBSERVED_RANGE,0,0,False
2021-04-28,OUTSIDE_OBSERVED_RANGE,0,0,False
2021-04-29,OUTSIDE_OBSERVED_RANGE,0,0,False
2021-04-30,OUTSIDE_OBSERVED_RANGE,0,0,False
2021-05-02,OUTSIDE_OBSERVED_RANGE,0,0,False
2021-05-03,OUTSIDE_OBSERVED_RANGE,0,0,False
2021-05-04,OUTSIDE_OBSERVED_RANGE,0,0,False
2021-05-05,OUTSIDE_OBSERVED_RANGE,0,0,False
2021-05-06,OUTSIDE_OBSERVED_RANGE,0,0,False
2021-05-07,OUTSIDE_OBSERVED_RANGE,0,0,False
2021-05-09,OUTSIDE_OBSERVED_RANGE,0,0,False
2021-05-10,OUTSIDE_OBSERVED_RANGE,0,0,False
2021-05-11,VISIBLE_TRADE,1,1,False
2021-05-12,VISIBLE_TRADE,1,1,False
2021-05-13,VISIBLE_TRADE,1,1,False
2021-05-14,NO_VISIBLE_TRADE_PARTIAL_SOURCE_COVERAGE,1,1,False
2021-05-16,NO_VISIBLE_TRADE_PARTIAL_SOURCE_COVERAGE,1,1,False
2021-05-17,VISIBLE_TRADE,1,1,False
2021-05-18,VISIBLE_TRADE,1,1,False
2021-05-19,VISIBLE_TRADE,1,1,False
2021-05-20,NO_VISIBLE_TRADE_PARTIAL_SOURCE_COVERAGE,1,1,False
2021-05-21,NO_VISIBLE_TRADE_PARTIAL_SOURCE_COVERAGE,1,1,False
2021-05-23,NO_VISIBLE_TRADE_PARTIAL_SOURCE_COVERAGE,1,1,False
2021-05-24,NO_VISIBLE_TRADE_PARTIAL_SOURCE_COVERAGE,1,1,False
2021-05-25,NO_VISIBLE_TRADE_PARTIAL_SOURCE_COVERAGE,1,1,False
2021-05-26,NO_VISIBLE_TRADE_PARTIAL_SOURCE_COVERAGE,1,1,False
2021-05-27,NO_VISIBLE_TRADE_PARTIAL_SOURCE_COVERAGE,1,1,False
2021-05-28,NO_VISIBLE_TRADE_PARTIAL_SOURCE_COVERAGE,1,1,False
2021-05-30,NO_VISIBLE_TRADE_PARTIAL_SOURCE_COVERAGE,1,1,False
2021-05-31,VISIBLE_TRADE,2,2,False
2021-06-01,VISIBLE_TRADE,2,2,False
2021-06-02,VISIBLE_TRADE,2,2,False
2021-06-03,VISIBLE_TRADE,2,2,False
2021-06-04,VISIBLE_TRADE,3,2,False
2021-06-06,VISIBLE_TRADE,3,2,False
2021-06-07,VISIBLE_TRADE,3,2,False
2021-06-08,VISIBLE_TRADE,3,2,False
2021-06-09,VISIBLE_TRADE,3,2,False
2021-06-10,NO_VISIBLE_TRADE_PARTIAL_SOURCE_COVERAGE,3,2,False
2021-06-11,NO_VISIBLE_TRADE_PARTIAL_SOURCE_COVERAGE,3,2,False
2021-06-13,NO_VISIBLE_TRADE_PARTIAL_SOURCE_COVERAGE,3,2,False
2021-06-14,NO_VISIBLE_TRADE_PARTIAL_SOURCE_COVERAGE,3,2,False
2021-06-15,NO_VISIBLE_TRADE_PARTIAL_SOURCE_COVERAGE,3,2,False
2021-06-16,NO_VISIBLE_TRADE_PARTIAL_SOURCE_COVERAGE,3,2,False
2021-06-17,NO_VISIBLE_TRADE_PARTIAL_SOURCE_COVERAGE,3,2,False
2021-06-18,NO_VISIBLE_TRADE_PARTIAL_SOURCE_COVERAGE,3,2,False
2021-06-20,NO_VISIBLE_TRADE_PARTIAL_SOURCE_COVERAGE,3,2,False
2021-06-21,NO_VISIBLE_TRADE_PARTIAL_SOURCE_COVERAGE,3,2,False
2021-06-22,NO_VISIBLE_TRADE_PARTIAL_SOURCE_COVERAGE,3,2,False
2021-06-23,NO_VISIBLE_TRADE_PARTIAL_SOURCE_COVERAGE,3,2,False
2021-06-24,NO_VISIBLE_TRADE_PARTIAL_SOURCE_COVERAGE,3,2,False
2021-06-25,NO_VISIBLE_TRADE_PARTIAL_SOURCE_COVERAGE,3,2,False
2021-06-27,NO_VISIBLE_TRADE_PARTIAL_SOURCE_COVERAGE,3,2,False
2021-06-28,NO_VISIBLE_TRADE_PARTIAL_SOURCE_COVERAGE,3,2,False
2021-06-29,NO_VISIBLE_TRADE_PARTIAL_SOURCE_COVERAGE,3,2,False
2021-06-30,NO_VISIBLE_TRADE_PARTIAL_SOURCE_COVERAGE,3,2,False
2021-07-01,NO_VISIBLE_TRADE_PARTIAL_SOURCE_COVERAGE,2,1,False
2021-07-02,NO_VISIBLE_TRADE_PARTIAL_SOURCE_COVERAGE,2,1,False
2021-07-04,OUTSIDE_OBSERVED_RANGE,0,0,False
2021-07-05,OUTSIDE_OBSERVED_RANGE,0,0,False
2021-07-06,OUTSIDE_OBSERVED_RANGE,0,0,False
2021-07-07,OUTSIDE_OBSERVED_RANGE,0,0,False
2021-07-08,OUTSIDE_OBSERVED_RANGE,0,0,False
2021-07-09,OUTSIDE_OBSERVED_RANGE,0,0,False
2021-07-11,OUTSIDE_OBSERVED_RANGE,0,0,False
2021-07-12,OUTSIDE_OBSERVED_RANGE,0,0,False
2021-07-13,OUTSIDE_OBSERVED_RANGE,0,0,False
2021-07-14,OUTSIDE_OBSERVED_RANGE,0,0,False
2021-07-15,OUTSIDE_OBSERVED_RANGE,0,0,False
2021-07-16,OUTSIDE_OBSERVED_RANGE,0,0,False
2021-07-18,OUTSIDE_OBSERVED_RANGE,0,0,False
2021-07-19,OUTSIDE_OBSERVED_RANGE,0,0,False
2021-07-20,OUTSIDE_OBSERVED_RANGE,0,0,False
2021-07-21,OUTSIDE_OBSERVED_RANGE,0,0,False
2021-07-22,OUTSIDE_OBSERVED_RANGE,0,0,False
2021-07-23,OUTSIDE_OBSERVED_RANGE,0,0,False
2021-07-25,OUTSIDE_OBSERVED_RANGE,0,0,False
2021-07-26,OUTSIDE_OBSERVED_RANGE,0,0,False
2021-07-27,OUTSIDE_OBSERVED_RANGE,0,0,False
2021-07-28,OUTSIDE_OBSERVED_RANGE,0,0,False
2021-07-29,OUTSIDE_OBSERVED_RANGE,0,0,False
2021-07-30,OUTSIDE_OBSERVED_RANGE,0,0,False
2021-08-01,OUTSIDE_OBSERVED_RANGE,0,0,False
2021-08-02,OUTSIDE_OBSERVED_RANGE,0,0,False
2021-08-03,OUTSIDE_OBSERVED_RANGE,0,0,False
2021-08-04,OUTSIDE_OBSERVED_RANGE,0,0,False
2021-08-05,OUTSIDE_OBSERVED_RANGE,0,0,False
2021-08-06,OUTSIDE_OBSERVED_RANGE,0,0,False
2021-08-08,OUTSIDE_OBSERVED_RANGE,0,0,False
2021-08-09,OUTSIDE_OBSERVED_RANGE,0,0,False
2021-08-10,OUTSIDE_OBSERVED_RANGE,0,0,False
2021-08-11,OUTSIDE_OBSERVED_RANGE,0,0,False
2021-08-12,OUTSIDE_OBSERVED_RANGE,0,0,False
2021-08-13,OUTSIDE_OBSERVED_RANGE,0,0,False
2021-08-15,OUTSIDE_OBSERVED_RANGE,0,0,False
2021-08-16,OUTSIDE_OBSERVED_RANGE,0,0,False
2021-08-17,OUTSIDE_OBSERVED_RANGE,0,0,False
2021-08-18,OUTSIDE_OBSERVED_RANGE,0,0,False
2021-08-19,OUTSIDE_OBSERVED_RANGE,0,0,False
2021-08-20,OUTSIDE_OBSERVED_RANGE,0,0,False
2021-08-22,OUTSIDE_OBSERVED_RANGE,0,0,False
2021-08-23,OUTSIDE_OBSERVED_RANGE,0,0,False
2021-08-24,OUTSIDE_OBSERVED_RANGE,0,0,False
2021-08-25,OUTSIDE_OBSERVED_RANGE,0,0,False
2021-08-26,OUTSIDE_OBSERVED_RANGE,0,0,False
2021-08-27,OUTSIDE_OBSERVED_RANGE,0,0,False
2021-08-29,OUTSIDE_OBSERVED_RANGE,0,0,False
2021-08-30,OUTSIDE_OBSERVED_RANGE,0,0,False
2021-08-31,OUTSIDE_OBSERVED_RANGE,0,0,False
2021-09-01,OUTSIDE_OBSERVED_RANGE,0,0,False
2021-09-02,OUTSIDE_OBSERVED_RANGE,0,0,False
2021-09-03,OUTSIDE_OBSERVED_RANGE,0,0,False
2021-09-05,OUTSIDE_OBSERVED_RANGE,0,0,False
2021-09-06,OUTSIDE_OBSERVED_RANGE,0,0,False
2021-09-07,OUTSIDE_OBSERVED_RANGE,0,0,False
2021-09-08,OUTSIDE_OBSERVED_RANGE,0,0,False
2021-09-09,OUTSIDE_OBSERVED_RANGE,0,0,False
2021-09-10,OUTSIDE_OBSERVED_RANGE,0,0,False
2021-09-12,OUTSIDE_OBSERVED_RANGE,0,0,False
2021-09-13,OUTSIDE_OBSERVED_RANGE,0,0,False
2021-09-14,OUTSIDE_OBSERVED_RANGE,0,0,False
2021-09-15,OUTSIDE_OBSERVED_RANGE,0,0,False
2021-09-16,OUTSIDE_OBSERVED_RANGE,0,0,False
2021-09-17,OUTSIDE_OBSERVED_RANGE,0,0,False
2021-09-19,OUTSIDE_OBSERVED_RANGE,0,0,False
2021-09-20,OUTSIDE_OBSERVED_RANGE,0,0,False
2021-09-21,OUTSIDE_OBSERVED_RANGE,0,0,False
2021-09-22,OUTSIDE_OBSERVED_RANGE,0,0,False
2021-09-23,OUTSIDE_OBSERVED_RANGE,0,0,False
2021-09-24,OUTSIDE_OBSERVED_RANGE,0,0,False
2021-09-26,OUTSIDE_OBSERVED_RANGE,0,0,False
2021-09-27,OUTSIDE_OBSERVED_RANGE,0,0,False
2021-09-28,OUTSIDE_OBSERVED_RANGE,0,0,False
2021-09-29,OUTSIDE_OBSERVED_RANGE,0,0,False
2021-09-30,OUTSIDE_OBSERVED_RANGE,0,0,False
2021-10-01,OUTSIDE_OBSERVED_RANGE,0,0,False
2021-10-03,OUTSIDE_OBSERVED_RANGE,0,0,False
2021-10-04,OUTSIDE_OBSERVED_RANGE,0,0,False
2021-10-05,OUTSIDE_OBSERVED_RANGE,0,0,False
2021-10-06,OUTSIDE_OBSERVED_RANGE,0,0,False
2021-10-07,VISIBLE_TRADE,1,0,False
2021-10-08,NO_VISIBLE_TRADE_FULL_SOURCE_COVERAGE,1,0,False
2021-10-10,NO_VISIBLE_TRADE_FULL_SOURCE_COVERAGE,1,0,False
2021-10-11,NO_VISIBLE_TRADE_FULL_SOURCE_COVERAGE,1,0,False
2021-10-12,NO_VISIBLE_TRADE_FULL_SOURCE_COVERAGE,1,0,False
2021-10-13,NO_VISIBLE_TRADE_FULL_SOURCE_COVERAGE,1,0,False
2021-10-14,NO_VISIBLE_TRADE_FULL_SOURCE_COVERAGE,1,0,False
2021-10-15,NO_VISIBLE_TRADE_FULL_SOURCE_COVERAGE,1,0,False
2021-10-17,NO_VISIBLE_TRADE_FULL_SOURCE_COVERAGE,1,0,False
2021-10-18,NO_VISIBLE_TRADE_FULL_SOURCE_COVERAGE,1,0,False
2021-10-19,NO_VISIBLE_TRADE_FULL_SOURCE_COVERAGE,1,0,False
2021-10-20,NO_VISIBLE_TRADE_FULL_SOURCE_COVERAGE,1,0,False
2021-10-21,NO_VISIBLE_TRADE_FULL_SOURCE_COVERAGE,1,0,False
2021-10-22,NO_VISIBLE_TRADE_PARTIAL_SOURCE_COVERAGE,2,1,False
2021-10-24,NO_VISIBLE_TRADE_PARTIAL_SOURCE_COVERAGE,2,1,False
2021-10-25,VISIBLE_TRADE,2,1,False
2021-10-26,VISIBLE_TRADE,3,2,False
2021-10-27,VISIBLE_TRADE,3,2,False
2021-10-28,NO_VISIBLE_TRADE_PARTIAL_SOURCE_COVERAGE,3,2,False
2021-10-29,VISIBLE_TRADE,4,3,False
2021-10-31,NO_VISIBLE_TRADE_PARTIAL_SOURCE_COVERAGE,4,3,False
2021-11-01,VISIBLE_TRADE,4,3,False
2021-11-02,VISIBLE_TRADE,4,3,False
2021-11-03,VISIBLE_TRADE,4,3,False
2021-11-04,VISIBLE_TRADE,4,3,False
2021-11-05,VISIBLE_TRADE,4,3,False
2021-11-07,NO_VISIBLE_TRADE_PARTIAL_SOURCE_COVERAGE,4,3,False
2021-11-08,VISIBLE_TRADE,4,3,False
2021-11-09,VISIBLE_TRADE,4,3,False
2021-11-10,VISIBLE_TRADE,4,3,False
2021-11-11,VISIBLE_TRADE,4,3,False
2021-11-12,VISIBLE_TRADE,4,3,False
2021-11-14,NO_VISIBLE_TRADE_PARTIAL_SOURCE_COVERAGE,4,3,False
2021-11-15,VISIBLE_TRADE,4,3,False
2021-11-16,VISIBLE_TRADE,4,3,False
2021-11-17,VISIBLE_TRADE,4,3,False
2021-11-18,VISIBLE_TRADE,4,3,False
2021-11-19,VISIBLE_TRADE,4,3,False
2021-11-21,NO_VISIBLE_TRADE_PARTIAL_SOURCE_COVERAGE,4,3,False
2021-11-22,VISIBLE_TRADE,4,3,False
2021-11-23,NO_VISIBLE_TRADE_PARTIAL_SOURCE_COVERAGE,3,3,False
2021-11-24,NO_VISIBLE_TRADE_PARTIAL_SOURCE_COVERAGE,3,3,False
2021-11-25,NO_VISIBLE_TRADE_PARTIAL_SOURCE_COVERAGE,3,3,False
2021-11-26,NO_VISIBLE_TRADE_PARTIAL_SOURCE_COVERAGE,3,3,False
2021-11-28,NO_VISIBLE_TRADE_PARTIAL_SOURCE_COVERAGE,3,3,False
2021-11-29,NO_VISIBLE_TRADE_PARTIAL_SOURCE_COVERAGE,3,3,False
2021-11-30,NO_VISIBLE_TRADE_PARTIAL_SOURCE_COVERAGE,3,3,False
2021-12-01,NO_VISIBLE_TRADE_PARTIAL_SOURCE_COVERAGE,3,3,False
2021-12-02,NO_VISIBLE_TRADE_PARTIAL_SOURCE_COVERAGE,3,3,False
2021-12-03,NO_VISIBLE_TRADE_PARTIAL_SOURCE_COVERAGE,3,3,False
2021-12-05,NO_VISIBLE_TRADE_PARTIAL_SOURCE_COVERAGE,3,3,False
2021-12-06,NO_VISIBLE_TRADE_PARTIAL_SOURCE_COVERAGE,3,3,False
2021-12-07,NO_VISIBLE_TRADE_PARTIAL_SOURCE_COVERAGE,3,3,False
2021-12-08,NO_VISIBLE_TRADE_PARTIAL_SOURCE_COVERAGE,3,3,False
2021-12-09,NO_VISIBLE_TRADE_PARTIAL_SOURCE_COVERAGE,3,3,False
2021-12-10,NO_VISIBLE_TRADE_PARTIAL_SOURCE_COVERAGE,3,3,False
2021-12-12,NO_VISIBLE_TRADE_PARTIAL_SOURCE_COVERAGE,2,2,False
2021-12-13,NO_VISIBLE_TRADE_PARTIAL_SOURCE_COVERAGE,2,2,False
2021-12-14,NO_VISIBLE_TRADE_PARTIAL_SOURCE_COVERAGE,2,2,False
2021-12-15,NO_VISIBLE_TRADE_PARTIAL_SOURCE_COVERAGE,2,2,False
2021-12-16,NO_VISIBLE_TRADE_PARTIAL_SOURCE_COVERAGE,2,2,False
2021-12-17,NO_VISIBLE_TRADE_PARTIAL_SOURCE_COVERAGE,2,2,False
2021-12-19,NO_VISIBLE_TRADE_PARTIAL_SOURCE_COVERAGE,2,2,False
2021-12-20,VISIBLE_TRADE,3,3,False
2021-12-21,VISIBLE_TRADE,3,3,False
2021-12-22,VISIBLE_TRADE,3,3,False
2021-12-23,VISIBLE_TRADE,3,3,False
2021-12-26,NO_VISIBLE_TRADE_PARTIAL_SOURCE_COVERAGE,3,3,False
2021-12-27,VISIBLE_TRADE,3,3,False
2021-12-28,VISIBLE_TRADE,3,3,False
2021-12-29,VISIBLE_TRADE,3,3,False
2021-12-30,VISIBLE_TRADE,3,3,False
2021-12-31,VISIBLE_TRADE,3,3,False
2022-01-02,NO_VISIBLE_TRADE_PARTIAL_SOURCE_COVERAGE,3,3,False
2022-01-03,VISIBLE_TRADE,3,3,False
2022-01-04,NO_VISIBLE_TRADE_PARTIAL_SOURCE_COVERAGE,3,3,False
2022-01-05,VISIBLE_TRADE,3,3,False
2022-01-06,VISIBLE_TRADE,3,3,False
2022-01-07,VISIBLE_TRADE,3,3,False
2022-01-09,NO_VISIBLE_TRADE_PARTIAL_SOURCE_COVERAGE,3,3,False
2022-01-10,NO_VISIBLE_TRADE_PARTIAL_SOURCE_COVERAGE,3,3,False
2022-01-11,NO_VISIBLE_TRADE_PARTIAL_SOURCE_COVERAGE,3,3,False
2022-01-12,NO_VISIBLE_TRADE_PARTIAL_SOURCE_COVERAGE,3,3,False
2022-01-13,VISIBLE_TRADE,3,3,False
2022-01-14,NO_VISIBLE_TRADE_PARTIAL_SOURCE_COVERAGE,3,3,False
2022-01-16,NO_VISIBLE_TRADE_PARTIAL_SOURCE_COVERAGE,3,3,False
2022-01-17,NO_VISIBLE_TRADE_PARTIAL_SOURCE_COVERAGE,3,3,False
2022-01-18,NO_VISIBLE_TRADE_PARTIAL_SOURCE_COVERAGE,3,3,False
2022-01-19,NO_VISIBLE_TRADE_PARTIAL_SOURCE_COVERAGE,3,3,False
2022-01-20,NO_VISIBLE_TRADE_PARTIAL_SOURCE_COVERAGE,3,3,False
2022-01-21,NO_VISIBLE_TRADE_PARTIAL_SOURCE_COVERAGE,3,3,False
2022-01-23,NO_VISIBLE_TRADE_PARTIAL_SOURCE_COVERAGE,3,3,False
2022-01-24,NO_VISIBLE_TRADE_PARTIAL_SOURCE_COVERAGE,3,3,False
2022-01-25,NO_VISIBLE_TRADE_PARTIAL_SOURCE_COVERAGE,3,3,False
2022-01-26,NO_VISIBLE_TRADE_PARTIAL_SOURCE_COVERAGE,3,3,False
2022-01-27,NO_VISIBLE_TRADE_PARTIAL_SOURCE_COVERAGE,3,3,False
2022-01-28,NO_VISIBLE_TRADE_PARTIAL_SOURCE_COVERAGE,3,3,False
2022-01-30,NO_VISIBLE_TRADE_PARTIAL_SOURCE_COVERAGE,3,3,False
2022-01-31,NO_VISIBLE_TRADE_PARTIAL_SOURCE_COVERAGE,3,3,False
2022-02-01,NO_VISIBLE_TRADE_PARTIAL_SOURCE_COVERAGE,3,3,False
2022-02-02,NO_VISIBLE_TRADE_PARTIAL_SOURCE_COVERAGE,3,3,False
2022-02-03,NO_VISIBLE_TRADE_PARTIAL_SOURCE_COVERAGE,3,3,False
2022-02-04,NO_VISIBLE_TRADE_PARTIAL_SOURCE_COVERAGE,3,3,False
2022-02-06,NO_VISIBLE_TRADE_PARTIAL_SOURCE_COVERAGE,3,3,False
2022-02-07,NO_VISIBLE_TRADE_PARTIAL_SOURCE_COVERAGE,3,3,False
2022-02-08,NO_VISIBLE_TRADE_PARTIAL_SOURCE_COVERAGE,3,3,False
2022-02-09,NO_VISIBLE_TRADE_PARTIAL_SOURCE_COVERAGE,3,3,False
2022-02-10,NO_VISIBLE_TRADE_PARTIAL_SOURCE_COVERAGE,3,3,False
2022-02-11,NO_VISIBLE_TRADE_PARTIAL_SOURCE_COVERAGE,2,2,False
2022-02-13,NO_VISIBLE_TRADE_PARTIAL_SOURCE_COVERAGE,2,2,False
2022-02-14,NO_VISIBLE_TRADE_PARTIAL_SOURCE_COVERAGE,2,2,False
2022-02-15,NO_VISIBLE_TRADE_PARTIAL_SOURCE_COVERAGE,2,2,False
2022-02-16,NO_VISIBLE_TRADE_PARTIAL_SOURCE_COVERAGE,2,2,False
2022-02-17,NO_VISIBLE_TRADE_PARTIAL_SOURCE_COVERAGE,2,2,False
2022-02-18,NO_VISIBLE_TRADE_PARTIAL_SOURCE_COVERAGE,2,2,False
2022-02-20,NO_VISIBLE_TRADE_PARTIAL_SOURCE_COVERAGE,2,2,False
2022-02-21,NO_VISIBLE_TRADE_PARTIAL_SOURCE_COVERAGE,2,2,False
2022-02-22,NO_VISIBLE_TRADE_PARTIAL_SOURCE_COVERAGE,2,2,False
2022-02-23,NO_VISIBLE_TRADE_PARTIAL_SOURCE_COVERAGE,2,2,False
2022-02-24,NO_VISIBLE_TRADE_PARTIAL_SOURCE_COVERAGE,2,2,False
2022-02-25,NO_VISIBLE_TRADE_PARTIAL_SOURCE_COVERAGE,2,2,False
2022-02-27,NO_VISIBLE_TRADE_PARTIAL_SOURCE_COVERAGE,2,2,False
2022-02-28,NO_VISIBLE_TRADE_PARTIAL_SOURCE_COVERAGE,2,2,False
2022-03-01,NO_VISIBLE_TRADE_PARTIAL_SOURCE_COVERAGE,2,2,False
2022-03-02,NO_VISIBLE_TRADE_PARTIAL_SOURCE_COVERAGE,2,2,False
2022-03-03,NO_VISIBLE_TRADE_PARTIAL_SOURCE_COVERAGE,2,2,False
2022-03-04,NO_VISIBLE_TRADE_PARTIAL_SOURCE_COVERAGE,2,2,False
2022-03-06,NO_VISIBLE_TRADE_PARTIAL_SOURCE_COVERAGE,2,2,False
2022-03-07,NO_VISIBLE_TRADE_PARTIAL_SOURCE_COVERAGE,2,2,False
2022-03-08,NO_VISIBLE_TRADE_PARTIAL_SOURCE_COVERAGE,2,2,False
2022-03-09,NO_VISIBLE_TRADE_PARTIAL_SOURCE_COVERAGE,2,2,False
2022-03-10,NO_VISIBLE_TRADE_PARTIAL_SOURCE_COVERAGE,2,2,False
2022-03-11,NO_VISIBLE_TRADE_PARTIAL_SOURCE_COVERAGE,2,2,False
2022-03-13,NO_VISIBLE_TRADE_PARTIAL_SOURCE_COVERAGE,2,2,False
2022-03-14,NO_VISIBLE_TRADE_PARTIAL_SOURCE_COVERAGE,2,2,False
2022-03-15,NO_VISIBLE_TRADE_PARTIAL_SOURCE_COVERAGE,2,2,False
2022-03-16,NO_VISIBLE_TRADE_PARTIAL_SOURCE_COVERAGE,2,2,False
2022-03-17,NO_VISIBLE_TRADE_PARTIAL_SOURCE_COVERAGE,2,2,False
2022-03-18,OUTSIDE_OBSERVED_RANGE,0,0,False
2022-03-20,OUTSIDE_OBSERVED_RANGE,0,0,False
2022-03-21,OUTSIDE_OBSERVED_RANGE,0,0,False
2022-03-22,OUTSIDE_OBSERVED_RANGE,0,0,False
2022-03-23,OUTSIDE_OBSERVED_RANGE,0,0,False
2022-03-24,OUTSIDE_OBSERVED_RANGE,0,0,False
2022-03-25,OUTSIDE_OBSERVED_RANGE,0,0,False
2022-03-27,OUTSIDE_OBSERVED_RANGE,0,0,False
2022-03-28,OUTSIDE_OBSERVED_RANGE,0,0,False
2022-03-29,OUTSIDE_OBSERVED_RANGE,0,0,False
2022-03-30,OUTSIDE_OBSERVED_RANGE,0,0,False
2022-03-31,OUTSIDE_OBSERVED_RANGE,0,0,False
2022-04-01,OUTSIDE_OBSERVED_RANGE,0,0,False
2022-04-03,OUTSIDE_OBSERVED_RANGE,0,0,False
2022-04-04,OUTSIDE_OBSERVED_RANGE,0,0,False
2022-04-05,OUTSIDE_OBSERVED_RANGE,0,0,False
2022-04-06,OUTSIDE_OBSERVED_RANGE,0,0,False
2022-04-07,OUTSIDE_OBSERVED_RANGE,0,0,False
2022-04-08,OUTSIDE_OBSERVED_RANGE,0,0,False
2022-04-10,OUTSIDE_OBSERVED_RANGE,0,0,False
2022-04-11,OUTSIDE_OBSERVED_RANGE,0,0,False
2022-04-12,OUTSIDE_OBSERVED_RANGE,0,0,False
2022-04-13,OUTSIDE_OBSERVED_RANGE,0,0,False
2022-04-14,OUTSIDE_OBSERVED_RANGE,0,0,False
2022-04-17,OUTSIDE_OBSERVED_RANGE,0,0,False
2022-04-18,OUTSIDE_OBSERVED_RANGE,0,0,False
2022-04-19,OUTSIDE_OBSERVED_RANGE,0,0,False
2022-04-20,OUTSIDE_OBSERVED_RANGE,0,0,False
2022-04-21,OUTSIDE_OBSERVED_RANGE,0,0,False
2022-04-22,OUTSIDE_OBSERVED_RANGE,0,0,False
2022-04-24,OUTSIDE_OBSERVED_RANGE,0,0,False
2022-04-25,OUTSIDE_OBSERVED_RANGE,0,0,False
2022-04-26,OUTSIDE_OBSERVED_RANGE,0,0,False
2022-04-27,OUTSIDE_OBSERVED_RANGE,0,0,False
2022-04-28,OUTSIDE_OBSERVED_RANGE,0,0,False
2022-04-29,OUTSIDE_OBSERVED_RANGE,0,0,False
2022-05-01,OUTSIDE_OBSERVED_RANGE,0,0,False
2022-05-02,OUTSIDE_OBSERVED_RANGE,0,0,False
2022-05-03,OUTSIDE_OBSERVED_RANGE,0,0,False
2022-05-04,OUTSIDE_OBSERVED_RANGE,0,0,False
2022-05-05,OUTSIDE_OBSERVED_RANGE,0,0,False
2022-05-06,OUTSIDE_OBSERVED_RANGE,0,0,False
2022-05-08,OUTSIDE_OBSERVED_RANGE,0,0,False
2022-05-09,OUTSIDE_OBSERVED_RANGE,0,0,False
2022-05-10,OUTSIDE_OBSERVED_RANGE,0,0,False
2022-05-11,OUTSIDE_OBSERVED_RANGE,0,0,False
2022-05-12,OUTSIDE_OBSERVED_RANGE,0,0,False
2022-05-13,OUTSIDE_OBSERVED_RANGE,0,0,False
2022-05-15,OUTSIDE_OBSERVED_RANGE,0,0,False
2022-05-16,OUTSIDE_OBSERVED_RANGE,0,0,False
2022-05-17,OUTSIDE_OBSERVED_RANGE,0,0,False
2022-05-18,OUTSIDE_OBSERVED_RANGE,0,0,False
2022-05-19,OUTSIDE_OBSERVED_RANGE,0,0,False
2022-05-20,OUTSIDE_OBSERVED_RANGE,0,0,False
2022-05-22,OUTSIDE_OBSERVED_RANGE,0,0,False
2022-05-23,OUTSIDE_OBSERVED_RANGE,0,0,False
2022-05-24,OUTSIDE_OBSERVED_RANGE,0,0,False
2022-05-25,OUTSIDE_OBSERVED_RANGE,0,0,False
2022-05-26,OUTSIDE_OBSERVED_RANGE,0,0,False
2022-05-27,OUTSIDE_OBSERVED_RANGE,0,0,False
2022-05-29,OUTSIDE_OBSERVED_RANGE,0,0,False
2022-05-30,OUTSIDE_OBSERVED_RANGE,0,0,False
2022-05-31,OUTSIDE_OBSERVED_RANGE,0,0,False
2022-06-01,OUTSIDE_OBSERVED_RANGE,0,0,False
2022-06-02,OUTSIDE_OBSERVED_RANGE,0,0,False
2022-06-03,OUTSIDE_OBSERVED_RANGE,0,0,False
2022-06-05,OUTSIDE_OBSERVED_RANGE,0,0,False
2022-06-06,OUTSIDE_OBSERVED_RANGE,0,0,False
2022-06-07,OUTSIDE_OBSERVED_RANGE,0,0,False
2022-06-08,OUTSIDE_OBSERVED_RANGE,0,0,False
2022-06-09,OUTSIDE_OBSERVED_RANGE,0,0,False
2022-06-10,OUTSIDE_OBSERVED_RANGE,0,0,False
2022-06-12,OUTSIDE_OBSERVED_RANGE,0,0,False
2022-06-13,OUTSIDE_OBSERVED_RANGE,0,0,False
2022-06-14,OUTSIDE_OBSERVED_RANGE,0,0,False
2022-06-15,OUTSIDE_OBSERVED_RANGE,0,0,False
2022-06-16,OUTSIDE_OBSERVED_RANGE,0,0,False
2022-06-17,OUTSIDE_OBSERVED_RANGE,0,0,False
2022-06-19,OUTSIDE_OBSERVED_RANGE,0,0,False
2022-06-20,OUTSIDE_OBSERVED_RANGE,0,0,False
2022-06-21,OUTSIDE_OBSERVED_RANGE,0,0,False
2022-06-22,OUTSIDE_OBSERVED_RANGE,0,0,False
2022-06-23,OUTSIDE_OBSERVED_RANGE,0,0,False
2022-06-24,OUTSIDE_OBSERVED_RANGE,0,0,False
2022-06-26,OUTSIDE_OBSERVED_RANGE,0,0,False
2022-06-27,OUTSIDE_OBSERVED_RANGE,0,0,False
2022-06-28,OUTSIDE_OBSERVED_RANGE,0,0,False
2022-06-29,OUTSIDE_OBSERVED_RANGE,0,0,False
2022-06-30,OUTSIDE_OBSERVED_RANGE,0,0,False
2022-07-01,OUTSIDE_OBSERVED_RANGE,0,0,False
2022-07-03,OUTSIDE_OBSERVED_RANGE,0,0,False
2022-07-04,OUTSIDE_OBSERVED_RANGE,0,0,False
2022-07-05,OUTSIDE_OBSERVED_RANGE,0,0,False
2022-07-06,OUTSIDE_OBSERVED_RANGE,0,0,False
2022-07-07,OUTSIDE_OBSERVED_RANGE,0,0,False
2022-07-08,OUTSIDE_OBSERVED_RANGE,0,0,False
2022-07-10,OUTSIDE_OBSERVED_RANGE,0,0,False
2022-07-11,OUTSIDE_OBSERVED_RANGE,0,0,False
2022-07-12,OUTSIDE_OBSERVED_RANGE,0,0,False
2022-07-13,OUTSIDE_OBSERVED_RANGE,0,0,False
2022-07-14,OUTSIDE_OBSERVED_RANGE,0,0,False
2022-07-15,OUTSIDE_OBSERVED_RANGE,0,0,False
2022-07-17,OUTSIDE_OBSERVED_RANGE,0,0,False
2022-07-18,OUTSIDE_OBSERVED_RANGE,0,0,False
2022-07-19,OUTSIDE_OBSERVED_RANGE,0,0,False
2022-07-20,OUTSIDE_OBSERVED_RANGE,0,0,False
2022-07-21,OUTSIDE_OBSERVED_RANGE,0,0,False
2022-07-22,OUTSIDE_OBSERVED_RANGE,0,0,False
2022-07-24,OUTSIDE_OBSERVED_RANGE,0,0,False
2022-07-25,OUTSIDE_OBSERVED_RANGE,0,0,False
2022-07-26,OUTSIDE_OBSERVED_RANGE,0,0,False
2022-07-27,OUTSIDE_OBSERVED_RANGE,0,0,False
2022-07-28,OUTSIDE_OBSERVED_RANGE,0,0,False
2022-07-29,OUTSIDE_OBSERVED_RANGE,0,0,False
2022-07-31,OUTSIDE_OBSERVED_RANGE,0,0,False
2022-08-01,OUTSIDE_OBSERVED_RANGE,0,0,False
2022-08-02,OUTSIDE_OBSERVED_RANGE,0,0,False
2022-08-03,OUTSIDE_OBSERVED_RANGE,0,0,False
2022-08-04,OUTSIDE_OBSERVED_RANGE,0,0,False
2022-08-05,OUTSIDE_OBSERVED_RANGE,0,0,False
2022-08-07,OUTSIDE_OBSERVED_RANGE,0,0,False
2022-08-08,OUTSIDE_OBSERVED_RANGE,0,0,False
2022-08-09,OUTSIDE_OBSERVED_RANGE,0,0,False
2022-08-10,OUTSIDE_OBSERVED_RANGE,0,0,False
2022-08-11,OUTSIDE_OBSERVED_RANGE,0,0,False
2022-08-12,OUTSIDE_OBSERVED_RANGE,0,0,False
2022-08-14,OUTSIDE_OBSERVED_RANGE,0,0,False
2022-08-15,OUTSIDE_OBSERVED_RANGE,0,0,False
2022-08-16,OUTSIDE_OBSERVED_RANGE,0,0,False
2022-08-17,OUTSIDE_OBSERVED_RANGE,0,0,False
2022-08-18,OUTSIDE_OBSERVED_RANGE,0,0,False
2022-08-19,OUTSIDE_OBSERVED_RANGE,0,0,False
2022-08-21,OUTSIDE_OBSERVED_RANGE,0,0,False
2022-08-22,OUTSIDE_OBSERVED_RANGE,0,0,False
2022-08-23,OUTSIDE_OBSERVED_RANGE,0,0,False
2022-08-24,OUTSIDE_OBSERVED_RANGE,0,0,False
2022-08-25,OUTSIDE_OBSERVED_RANGE,0,0,False
2022-08-26,OUTSIDE_OBSERVED_RANGE,0,0,False
2022-08-28,OUTSIDE_OBSERVED_RANGE,0,0,False
2022-08-29,OUTSIDE_OBSERVED_RANGE,0,0,False
2022-08-30,OUTSIDE_OBSERVED_RANGE,0,0,False
2022-08-31,OUTSIDE_OBSERVED_RANGE,0,0,False
2022-09-01,OUTSIDE_OBSERVED_RANGE,0,0,False
2022-09-02,OUTSIDE_OBSERVED_RANGE,0,0,False
2022-09-04,OUTSIDE_OBSERVED_RANGE,0,0,False
2022-09-05,OUTSIDE_OBSERVED_RANGE,0,0,False
2022-09-06,OUTSIDE_OBSERVED_RANGE,0,0,False
2022-09-07,OUTSIDE_OBSERVED_RANGE,0,0,False
2022-09-08,OUTSIDE_OBSERVED_RANGE,0,0,False
2022-09-09,OUTSIDE_OBSERVED_RANGE,0,0,False
2022-09-11,OUTSIDE_OBSERVED_RANGE,0,0,False
2022-09-12,OUTSIDE_OBSERVED_RANGE,0,0,False
2022-09-13,OUTSIDE_OBSERVED_RANGE,0,0,False
2022-09-14,OUTSIDE_OBSERVED_RANGE,0,0,False
2022-09-15,OUTSIDE_OBSERVED_RANGE,0,0,False
2022-09-16,OUTSIDE_OBSERVED_RANGE,0,0,False
2022-09-18,OUTSIDE_OBSERVED_RANGE,0,0,False
2022-09-19,OUTSIDE_OBSERVED_RANGE,0,0,False
2022-09-20,OUTSIDE_OBSERVED_RANGE,0,0,False
2022-09-21,OUTSIDE_OBSERVED_RANGE,0,0,False
2022-09-22,OUTSIDE_OBSERVED_RANGE,0,0,False
2022-09-23,OUTSIDE_OBSERVED_RANGE,0,0,False
2022-09-25,OUTSIDE_OBSERVED_RANGE,0,0,False
2022-09-26,OUTSIDE_OBSERVED_RANGE,0,0,False
2022-09-27,OUTSIDE_OBSERVED_RANGE,0,0,False
2022-09-28,OUTSIDE_OBSERVED_RANGE,0,0,False
2022-09-29,OUTSIDE_OBSERVED_RANGE,0,0,False
2022-09-30,OUTSIDE_OBSERVED_RANGE,0,0,False
2022-10-02,OUTSIDE_OBSERVED_RANGE,0,0,False
2022-10-03,OUTSIDE_OBSERVED_RANGE,0,0,False
2022-10-04,OUTSIDE_OBSERVED_RANGE,0,0,False
2022-10-05,OUTSIDE_OBSERVED_RANGE,0,0,False
2022-10-06,OUTSIDE_OBSERVED_RANGE,0,0,False
2022-10-07,OUTSIDE_OBSERVED_RANGE,0,0,False
2022-10-09,OUTSIDE_OBSERVED_RANGE,0,0,False
2022-10-10,OUTSIDE_OBSERVED_RANGE,0,0,False
2022-10-11,OUTSIDE_OBSERVED_RANGE,0,0,False
2022-10-12,OUTSIDE_OBSERVED_RANGE,0,0,False
2022-10-13,OUTSIDE_OBSERVED_RANGE,0,0,False
2022-10-14,VISIBLE_TRADE,1,1,False
2022-10-16,NO_VISIBLE_TRADE_PARTIAL_SOURCE_COVERAGE,1,1,False
2022-10-17,VISIBLE_TRADE,1,1,False
2022-10-18,VISIBLE_TRADE,1,1,False
2022-10-19,VISIBLE_TRADE,1,1,False
2022-10-20,VISIBLE_TRADE,1,1,False
2022-10-21,VISIBLE_TRADE,1,1,False
2022-10-23,NO_VISIBLE_TRADE_PARTIAL_SOURCE_COVERAGE,1,1,False
2022-10-24,VISIBLE_TRADE,1,1,False
2022-10-25,VISIBLE_TRADE,1,1,False
2022-10-26,VISIBLE_TRADE,1,1,False
2022-10-27,VISIBLE_TRADE,1,1,False
2022-10-28,VISIBLE_TRADE,1,1,False
2022-10-30,NO_VISIBLE_TRADE_PARTIAL_SOURCE_COVERAGE,1,1,False
2022-10-31,VISIBLE_TRADE,2,1,False
2022-11-01,VISIBLE_TRADE,2,1,False
2022-11-02,VISIBLE_TRADE,1,0,False
2022-11-03,VISIBLE_TRADE,2,0,False
2022-11-04,VISIBLE_TRADE,2,0,False
2022-11-06,NO_VISIBLE_TRADE_FULL_SOURCE_COVERAGE,2,0,False
2022-11-07,VISIBLE_TRADE,2,0,False
2022-11-08,VISIBLE_TRADE,2,0,False
2022-11-09,VISIBLE_TRADE,2,0,False
2022-11-10,NO_VISIBLE_TRADE_FULL_SOURCE_COVERAGE,1,0,False
2022-11-11,NO_VISIBLE_TRADE_FULL_SOURCE_COVERAGE,1,0,False
2022-11-13,NO_VISIBLE_TRADE_FULL_SOURCE_COVERAGE,1,0,False
2022-11-14,NO_VISIBLE_TRADE_FULL_SOURCE_COVERAGE,1,0,False
2022-11-15,NO_VISIBLE_TRADE_FULL_SOURCE_COVERAGE,1,0,False
2022-11-16,NO_VISIBLE_TRADE_FULL_SOURCE_COVERAGE,1,0,False
2022-11-17,NO_VISIBLE_TRADE_FULL_SOURCE_COVERAGE,1,0,False
2022-11-18,VISIBLE_TRADE,2,1,False
2022-11-20,NO_VISIBLE_TRADE_PARTIAL_SOURCE_COVERAGE,2,1,False
2022-11-21,NO_VISIBLE_TRADE_PARTIAL_SOURCE_COVERAGE,2,1,False
2022-11-22,VISIBLE_TRADE,2,1,False
2022-11-23,VISIBLE_TRADE,2,1,False
2022-11-24,VISIBLE_TRADE,2,1,False
2022-11-25,VISIBLE_TRADE,2,1,False
2022-11-27,NO_VISIBLE_TRADE_PARTIAL_SOURCE_COVERAGE,2,1,False
2022-11-28,VISIBLE_TRADE,2,1,False
2022-11-29,NO_VISIBLE_TRADE_PARTIAL_SOURCE_COVERAGE,2,1,False
2022-11-30,NO_VISIBLE_TRADE_PARTIAL_SOURCE_COVERAGE,2,1,False
2022-12-01,NO_VISIBLE_TRADE_PARTIAL_SOURCE_COVERAGE,2,1,False
2022-12-02,NO_VISIBLE_TRADE_PARTIAL_SOURCE_COVERAGE,1,1,False
2022-12-04,NO_VISIBLE_TRADE_PARTIAL_SOURCE_COVERAGE,1,1,False
2022-12-05,NO_VISIBLE_TRADE_PARTIAL_SOURCE_COVERAGE,1,1,False
2022-12-06,NO_VISIBLE_TRADE_PARTIAL_SOURCE_COVERAGE,1,1,False
2022-12-07,NO_VISIBLE_TRADE_PARTIAL_SOURCE_COVERAGE,1,1,False
2022-12-08,NO_VISIBLE_TRADE_PARTIAL_SOURCE_COVERAGE,1,1,False
2022-12-09,NO_VISIBLE_TRADE_PARTIAL_SOURCE_COVERAGE,1,1,False
2022-12-11,NO_VISIBLE_TRADE_PARTIAL_SOURCE_COVERAGE,1,1,False
2022-12-12,NO_VISIBLE_TRADE_PARTIAL_SOURCE_COVERAGE,1,1,False
2022-12-13,NO_VISIBLE_TRADE_PARTIAL_SOURCE_COVERAGE,1,1,False
2022-12-14,NO_VISIBLE_TRADE_PARTIAL_SOURCE_COVERAGE,1,1,False
2022-12-15,NO_VISIBLE_TRADE_PARTIAL_SOURCE_COVERAGE,1,1,False
2022-12-16,NO_VISIBLE_TRADE_PARTIAL_SOURCE_COVERAGE,1,1,False
2022-12-18,NO_VISIBLE_TRADE_PARTIAL_SOURCE_COVERAGE,1,1,False
2022-12-19,NO_VISIBLE_TRADE_PARTIAL_SOURCE_COVERAGE,1,1,False
2022-12-20,NO_VISIBLE_TRADE_PARTIAL_SOURCE_COVERAGE,1,1,False
2022-12-21,NO_VISIBLE_TRADE_PARTIAL_SOURCE_COVERAGE,1,1,False
2022-12-22,NO_VISIBLE_TRADE_PARTIAL_SOURCE_COVERAGE,1,1,False
2022-12-23,VISIBLE_TRADE,2,2,False
2022-12-26,VISIBLE_TRADE,2,2,False
2022-12-27,VISIBLE_TRADE,3,2,False
2022-12-28,VISIBLE_TRADE,2,2,False
2022-12-29,VISIBLE_TRADE,2,2,False
2022-12-30,VISIBLE_TRADE,2,2,False
2023-01-02,NO_VISIBLE_TRADE_PARTIAL_SOURCE_COVERAGE,2,2,False
2023-01-03,NO_VISIBLE_TRADE_PARTIAL_SOURCE_COVERAGE,2,2,False
2023-01-04,NO_VISIBLE_TRADE_PARTIAL_SOURCE_COVERAGE,2,2,False
2023-01-05,NO_VISIBLE_TRADE_PARTIAL_SOURCE_COVERAGE,2,2,False
2023-01-06,VISIBLE_TRADE,2,2,False
2023-01-08,NO_VISIBLE_TRADE_PARTIAL_SOURCE_COVERAGE,2,2,False
2023-01-09,NO_VISIBLE_TRADE_PARTIAL_SOURCE_COVERAGE,2,2,False
2023-01-10,NO_VISIBLE_TRADE_PARTIAL_SOURCE_COVERAGE,2,2,False
2023-01-11,NO_VISIBLE_TRADE_PARTIAL_SOURCE_COVERAGE,2,2,False
2023-01-12,VISIBLE_TRADE,3,3,False
2023-01-13,VISIBLE_TRADE,4,4,False
2023-01-15,NO_VISIBLE_TRADE_PARTIAL_SOURCE_COVERAGE,4,4,False
2023-01-16,VISIBLE_TRADE,4,4,False
2023-01-17,VISIBLE_TRADE,4,4,False
2023-01-18,NO_VISIBLE_TRADE_PARTIAL_SOURCE_COVERAGE,4,4,False
2023-01-19,NO_VISIBLE_TRADE_PARTIAL_SOURCE_COVERAGE,4,4,False
2023-01-20,VISIBLE_TRADE,5,5,False
2023-01-22,NO_VISIBLE_TRADE_PARTIAL_SOURCE_COVERAGE,5,5,False
2023-01-23,VISIBLE_TRADE,5,5,False
2023-01-24,NO_VISIBLE_TRADE_PARTIAL_SOURCE_COVERAGE,5,5,False
2023-01-25,NO_VISIBLE_TRADE_PARTIAL_SOURCE_COVERAGE,5,5,False
2023-01-26,VISIBLE_TRADE,6,6,False
2023-01-27,VISIBLE_TRADE,6,6,False
2023-01-29,VISIBLE_TRADE,6,6,False
2023-01-30,VISIBLE_TRADE,6,6,False
2023-01-31,VISIBLE_TRADE,6,6,False
2023-02-01,VISIBLE_TRADE,7,7,False
2023-02-02,VISIBLE_TRADE,7,7,False
2023-02-03,VISIBLE_TRADE,7,7,False
2023-02-05,NO_VISIBLE_TRADE_PARTIAL_SOURCE_COVERAGE,6,6,False
2023-02-06,NO_VISIBLE_TRADE_PARTIAL_SOURCE_COVERAGE,6,6,False
2023-02-07,VISIBLE_TRADE,6,6,False
2023-02-08,VISIBLE_TRADE,6,6,False
2023-02-09,NO_VISIBLE_TRADE_PARTIAL_SOURCE_COVERAGE,6,6,False
2023-02-10,NO_VISIBLE_TRADE_PARTIAL_SOURCE_COVERAGE,6,6,False
2023-02-12,NO_VISIBLE_TRADE_PARTIAL_SOURCE_COVERAGE,6,6,False
2023-02-13,NO_VISIBLE_TRADE_PARTIAL_SOURCE_COVERAGE,6,6,False
2023-02-14,NO_VISIBLE_TRADE_PARTIAL_SOURCE_COVERAGE,6,6,False
2023-02-15,NO_VISIBLE_TRADE_PARTIAL_SOURCE_COVERAGE,6,6,False
2023-02-16,NO_VISIBLE_TRADE_PARTIAL_SOURCE_COVERAGE,6,6,False
2023-02-17,NO_VISIBLE_TRADE_PARTIAL_SOURCE_COVERAGE,6,6,False
2023-02-19,NO_VISIBLE_TRADE_PARTIAL_SOURCE_COVERAGE,6,6,False
2023-02-20,NO_VISIBLE_TRADE_PARTIAL_SOURCE_COVERAGE,6,6,False
2023-02-21,NO_VISIBLE_TRADE_PARTIAL_SOURCE_COVERAGE,6,6,False
2023-02-22,NO_VISIBLE_TRADE_PARTIAL_SOURCE_COVERAGE,6,6,False
2023-02-23,NO_VISIBLE_TRADE_PARTIAL_SOURCE_COVERAGE,6,6,False
2023-02-24,NO_VISIBLE_TRADE_PARTIAL_SOURCE_COVERAGE,3,3,False
2023-02-26,NO_VISIBLE_TRADE_PARTIAL_SOURCE_COVERAGE,3,3,False
2023-02-27,NO_VISIBLE_TRADE_PARTIAL_SOURCE_COVERAGE,3,3,False
2023-02-28,NO_VISIBLE_TRADE_PARTIAL_SOURCE_COVERAGE,3,3,False
2023-03-01,NO_VISIBLE_TRADE_PARTIAL_SOURCE_COVERAGE,3,3,False
2023-03-02,NO_VISIBLE_TRADE_PARTIAL_SOURCE_COVERAGE,3,3,False
2023-03-03,NO_VISIBLE_TRADE_PARTIAL_SOURCE_COVERAGE,2,2,False
2023-03-05,NO_VISIBLE_TRADE_PARTIAL_SOURCE_COVERAGE,2,2,False
2023-03-06,NO_VISIBLE_TRADE_PARTIAL_SOURCE_COVERAGE,2,2,False
2023-03-07,NO_VISIBLE_TRADE_PARTIAL_SOURCE_COVERAGE,2,2,False
2023-03-08,NO_VISIBLE_TRADE_PARTIAL_SOURCE_COVERAGE,2,2,False
2023-03-09,NO_VISIBLE_TRADE_PARTIAL_SOURCE_COVERAGE,1,1,False
2023-03-10,NO_VISIBLE_TRADE_PARTIAL_SOURCE_COVERAGE,1,1,False
2023-03-12,NO_VISIBLE_TRADE_PARTIAL_SOURCE_COVERAGE,1,1,False
2023-03-13,NO_VISIBLE_TRADE_PARTIAL_SOURCE_COVERAGE,1,1,False
2023-03-14,NO_VISIBLE_TRADE_PARTIAL_SOURCE_COVERAGE,1,1,False
2023-03-15,NO_VISIBLE_TRADE_PARTIAL_SOURCE_COVERAGE,1,1,False
2023-03-16,NO_VISIBLE_TRADE_PARTIAL_SOURCE_COVERAGE,1,1,False
2023-03-17,NO_VISIBLE_TRADE_PARTIAL_SOURCE_COVERAGE,1,1,False
2023-03-19,OUTSIDE_OBSERVED_RANGE,0,0,False
2023-03-20,OUTSIDE_OBSERVED_RANGE,0,0,False
2023-03-21,OUTSIDE_OBSERVED_RANGE,0,0,False
2023-03-22,OUTSIDE_OBSERVED_RANGE,0,0,False
2023-03-23,OUTSIDE_OBSERVED_RANGE,0,0,False
2023-03-24,OUTSIDE_OBSERVED_RANGE,0,0,False
2023-03-26,OUTSIDE_OBSERVED_RANGE,0,0,False
2023-03-27,VISIBLE_TRADE,1,1,False
2023-03-28,VISIBLE_TRADE,1,1,False
2023-03-29,VISIBLE_TRADE,1,1,False
2023-03-30,VISIBLE_TRADE,1,1,False
2023-03-31,VISIBLE_TRADE,1,1,False
2023-04-02,NO_VISIBLE_TRADE_PARTIAL_SOURCE_COVERAGE,1,1,False
2023-04-03,NO_VISIBLE_TRADE_PARTIAL_SOURCE_COVERAGE,1,1,False
2023-04-04,OUTSIDE_OBSERVED_RANGE,0,0,False
2023-04-05,OUTSIDE_OBSERVED_RANGE,0,0,False
2023-04-06,OUTSIDE_OBSERVED_RANGE,0,0,False
2023-04-09,OUTSIDE_OBSERVED_RANGE,0,0,False
2023-04-10,OUTSIDE_OBSERVED_RANGE,0,0,False
2023-04-11,OUTSIDE_OBSERVED_RANGE,0,0,False
2023-04-12,OUTSIDE_OBSERVED_RANGE,0,0,False
2023-04-13,OUTSIDE_OBSERVED_RANGE,0,0,False
2023-04-14,VISIBLE_TRADE,1,1,False
2023-04-16,NO_VISIBLE_TRADE_PARTIAL_SOURCE_COVERAGE,1,1,False
2023-04-17,VISIBLE_TRADE,1,1,False
2023-04-18,VISIBLE_TRADE,1,1,False
2023-04-19,VISIBLE_TRADE,1,1,False
2023-04-20,VISIBLE_TRADE,1,1,False
2023-04-21,VISIBLE_TRADE,1,1,False
2023-04-23,NO_VISIBLE_TRADE_PARTIAL_SOURCE_COVERAGE,1,1,False
2023-04-24,VISIBLE_TRADE,1,1,False
2023-04-25,NO_VISIBLE_TRADE_PARTIAL_SOURCE_COVERAGE,1,1,False
2023-04-26,NO_VISIBLE_TRADE_PARTIAL_SOURCE_COVERAGE,1,1,False
2023-04-27,NO_VISIBLE_TRADE_PARTIAL_SOURCE_COVERAGE,1,1,False
2023-04-28,NO_VISIBLE_TRADE_PARTIAL_SOURCE_COVERAGE,1,1,False
2023-04-30,NO_VISIBLE_TRADE_PARTIAL_SOURCE_COVERAGE,1,1,False
2023-05-01,NO_VISIBLE_TRADE_PARTIAL_SOURCE_COVERAGE,1,1,False
2023-05-02,NO_VISIBLE_TRADE_PARTIAL_SOURCE_COVERAGE,1,1,False
2023-05-03,NO_VISIBLE_TRADE_PARTIAL_SOURCE_COVERAGE,1,1,False
2023-05-04,NO_VISIBLE_TRADE_PARTIAL_SOURCE_COVERAGE,1,1,False
2023-05-05,NO_VISIBLE_TRADE_PARTIAL_SOURCE_COVERAGE,1,1,False
2023-05-07,NO_VISIBLE_TRADE_PARTIAL_SOURCE_COVERAGE,1,1,False
2023-05-08,NO_VISIBLE_TRADE_PARTIAL_SOURCE_COVERAGE,1,1,False
2023-05-09,NO_VISIBLE_TRADE_PARTIAL_SOURCE_COVERAGE,1,1,False
2023-05-10,NO_VISIBLE_TRADE_PARTIAL_SOURCE_COVERAGE,1,1,False
2023-05-11,NO_VISIBLE_TRADE_PARTIAL_SOURCE_COVERAGE,1,1,False
2023-05-12,NO_VISIBLE_TRADE_PARTIAL_SOURCE_COVERAGE,1,1,False
2023-05-14,NO_VISIBLE_TRADE_PARTIAL_SOURCE_COVERAGE,1,1,False
2023-05-15,NO_VISIBLE_TRADE_PARTIAL_SOURCE_COVERAGE,1,1,False
2023-05-16,NO_VISIBLE_TRADE_PARTIAL_SOURCE_COVERAGE,1,1,False
2023-05-17,NO_VISIBLE_TRADE_PARTIAL_SOURCE_COVERAGE,1,1,False
2023-05-18,NO_VISIBLE_TRADE_PARTIAL_SOURCE_COVERAGE,1,1,False
2023-05-19,NO_VISIBLE_TRADE_PARTIAL_SOURCE_COVERAGE,1,1,False
2023-05-21,NO_VISIBLE_TRADE_PARTIAL_SOURCE_COVERAGE,1,1,False
2023-05-22,NO_VISIBLE_TRADE_PARTIAL_SOURCE_COVERAGE,1,1,False
2023-05-23,NO_VISIBLE_TRADE_PARTIAL_SOURCE_COVERAGE,1,1,False
2023-05-24,OUTSIDE_OBSERVED_RANGE,0,0,False
2023-05-25,OUTSIDE_OBSERVED_RANGE,0,0,False
2023-05-26,OUTSIDE_OBSERVED_RANGE,0,0,False
2023-05-28,OUTSIDE_OBSERVED_RANGE,0,0,False
2023-05-29,OUTSIDE_OBSERVED_RANGE,0,0,False
2023-05-30,OUTSIDE_OBSERVED_RANGE,0,0,False
2023-05-31,OUTSIDE_OBSERVED_RANGE,0,0,False
2023-06-01,OUTSIDE_OBSERVED_RANGE,0,0,False
2023-06-02,OUTSIDE_OBSERVED_RANGE,0,0,False
2023-06-04,OUTSIDE_OBSERVED_RANGE,0,0,False
2023-06-05,OUTSIDE_OBSERVED_RANGE,0,0,False
2023-06-06,OUTSIDE_OBSERVED_RANGE,0,0,False
2023-06-07,OUTSIDE_OBSERVED_RANGE,0,0,False
2023-06-08,OUTSIDE_OBSERVED_RANGE,0,0,False
2023-06-09,OUTSIDE_OBSERVED_RANGE,0,0,False
2023-06-11,OUTSIDE_OBSERVED_RANGE,0,0,False
2023-06-12,OUTSIDE_OBSERVED_RANGE,0,0,False
2023-06-13,OUTSIDE_OBSERVED_RANGE,0,0,False
2023-06-14,OUTSIDE_OBSERVED_RANGE,0,0,False
2023-06-15,OUTSIDE_OBSERVED_RANGE,0,0,False
2023-06-16,OUTSIDE_OBSERVED_RANGE,0,0,False
2023-06-18,OUTSIDE_OBSERVED_RANGE,0,0,False
2023-06-19,OUTSIDE_OBSERVED_RANGE,0,0,False
2023-06-20,OUTSIDE_OBSERVED_RANGE,0,0,False
2023-06-21,OUTSIDE_OBSERVED_RANGE,0,0,False
2023-06-22,OUTSIDE_OBSERVED_RANGE,0,0,False
2023-06-23,OUTSIDE_OBSERVED_RANGE,0,0,False
2023-06-25,OUTSIDE_OBSERVED_RANGE,0,0,False
2023-06-26,OUTSIDE_OBSERVED_RANGE,0,0,False
2023-06-27,OUTSIDE_OBSERVED_RANGE,0,0,False
2023-06-28,OUTSIDE_OBSERVED_RANGE,0,0,False
2023-06-29,OUTSIDE_OBSERVED_RANGE,0,0,False
2023-06-30,OUTSIDE_OBSERVED_RANGE,0,0,False
2023-07-02,OUTSIDE_OBSERVED_RANGE,0,0,False
2023-07-03,OUTSIDE_OBSERVED_RANGE,0,0,False
2023-07-04,OUTSIDE_OBSERVED_RANGE,0,0,False
2023-07-05,OUTSIDE_OBSERVED_RANGE,0,0,False
2023-07-06,OUTSIDE_OBSERVED_RANGE,0,0,False
2023-07-07,OUTSIDE_OBSERVED_RANGE,0,0,False
2023-07-09,OUTSIDE_OBSERVED_RANGE,0,0,False
2023-07-10,OUTSIDE_OBSERVED_RANGE,0,0,False
2023-07-11,OUTSIDE_OBSERVED_RANGE,0,0,False
2023-07-12,OUTSIDE_OBSERVED_RANGE,0,0,False
2023-07-13,OUTSIDE_OBSERVED_RANGE,0,0,False
2023-07-14,OUTSIDE_OBSERVED_RANGE,0,0,False
2023-07-16,OUTSIDE_OBSERVED_RANGE,0,0,False
2023-07-17,OUTSIDE_OBSERVED_RANGE,0,0,False
2023-07-18,OUTSIDE_OBSERVED_RANGE,0,0,False
2023-07-19,VISIBLE_TRADE,1,1,False
2023-07-20,VISIBLE_TRADE,1,1,False
2023-07-21,VISIBLE_TRADE,1,1,False
2023-07-23,NO_VISIBLE_TRADE_PARTIAL_SOURCE_COVERAGE,1,1,False
2023-07-24,VISIBLE_TRADE,1,1,False
2023-07-25,VISIBLE_TRADE,1,1,False
2023-07-26,NO_VISIBLE_TRADE_PARTIAL_SOURCE_COVERAGE,1,1,False
2023-07-27,NO_VISIBLE_TRADE_PARTIAL_SOURCE_COVERAGE,1,1,False
2023-07-28,NO_VISIBLE_TRADE_PARTIAL_SOURCE_COVERAGE,1,1,False
2023-07-30,NO_VISIBLE_TRADE_PARTIAL_SOURCE_COVERAGE,1,1,False
2023-07-31,NO_VISIBLE_TRADE_PARTIAL_SOURCE_COVERAGE,1,1,False
2023-08-01,NO_VISIBLE_TRADE_PARTIAL_SOURCE_COVERAGE,1,1,False
2023-08-02,OUTSIDE_OBSERVED_RANGE,0,0,False
2023-08-03,OUTSIDE_OBSERVED_RANGE,0,0,False
2023-08-04,OUTSIDE_OBSERVED_RANGE,0,0,False
2023-08-06,OUTSIDE_OBSERVED_RANGE,0,0,False
2023-08-07,OUTSIDE_OBSERVED_RANGE,0,0,False
2023-08-08,OUTSIDE_OBSERVED_RANGE,0,0,False
2023-08-09,OUTSIDE_OBSERVED_RANGE,0,0,False
2023-08-10,OUTSIDE_OBSERVED_RANGE,0,0,False
2023-08-11,OUTSIDE_OBSERVED_RANGE,0,0,False
2023-08-13,OUTSIDE_OBSERVED_RANGE,0,0,False
2023-08-14,OUTSIDE_OBSERVED_RANGE,0,0,False
2023-08-15,OUTSIDE_OBSERVED_RANGE,0,0,False
2023-08-16,OUTSIDE_OBSERVED_RANGE,0,0,False
2023-08-17,OUTSIDE_OBSERVED_RANGE,0,0,False
2023-08-18,OUTSIDE_OBSERVED_RANGE,0,0,False
2023-08-20,OUTSIDE_OBSERVED_RANGE,0,0,False
2023-08-21,OUTSIDE_OBSERVED_RANGE,0,0,False
2023-08-22,OUTSIDE_OBSERVED_RANGE,0,0,False
2023-08-23,OUTSIDE_OBSERVED_RANGE,0,0,False
2023-08-24,OUTSIDE_OBSERVED_RANGE,0,0,False
2023-08-25,OUTSIDE_OBSERVED_RANGE,0,0,False
2023-08-27,OUTSIDE_OBSERVED_RANGE,0,0,False
2023-08-28,OUTSIDE_OBSERVED_RANGE,0,0,False
2023-08-29,OUTSIDE_OBSERVED_RANGE,0,0,False
2023-08-30,OUTSIDE_OBSERVED_RANGE,0,0,False
2023-08-31,OUTSIDE_OBSERVED_RANGE,0,0,False
2023-09-01,OUTSIDE_OBSERVED_RANGE,0,0,False
2023-09-03,OUTSIDE_OBSERVED_RANGE,0,0,False
2023-09-04,OUTSIDE_OBSERVED_RANGE,0,0,False
2023-09-05,OUTSIDE_OBSERVED_RANGE,0,0,False
2023-09-06,OUTSIDE_OBSERVED_RANGE,0,0,False
2023-09-07,OUTSIDE_OBSERVED_RANGE,0,0,False
2023-09-08,OUTSIDE_OBSERVED_RANGE,0,0,False
2023-09-10,OUTSIDE_OBSERVED_RANGE,0,0,False
2023-09-11,OUTSIDE_OBSERVED_RANGE,0,0,False
2023-09-12,OUTSIDE_OBSERVED_RANGE,0,0,False
2023-09-13,OUTSIDE_OBSERVED_RANGE,0,0,False
2023-09-14,OUTSIDE_OBSERVED_RANGE,0,0,False
2023-09-15,OUTSIDE_OBSERVED_RANGE,0,0,False
2023-09-17,OUTSIDE_OBSERVED_RANGE,0,0,False
2023-09-18,OUTSIDE_OBSERVED_RANGE,0,0,False
2023-09-19,OUTSIDE_OBSERVED_RANGE,0,0,False
2023-09-20,OUTSIDE_OBSERVED_RANGE,0,0,False
2023-09-21,OUTSIDE_OBSERVED_RANGE,0,0,False
2023-09-22,OUTSIDE_OBSERVED_RANGE,0,0,False
2023-09-24,OUTSIDE_OBSERVED_RANGE,0,0,False
2023-09-25,OUTSIDE_OBSERVED_RANGE,0,0,False
2023-09-26,OUTSIDE_OBSERVED_RANGE,0,0,False
2023-09-27,OUTSIDE_OBSERVED_RANGE,0,0,False
2023-09-28,OUTSIDE_OBSERVED_RANGE,0,0,False
2023-09-29,OUTSIDE_OBSERVED_RANGE,0,0,False
2023-10-01,OUTSIDE_OBSERVED_RANGE,0,0,False
2023-10-02,OUTSIDE_OBSERVED_RANGE,0,0,False
2023-10-03,OUTSIDE_OBSERVED_RANGE,0,0,False
2023-10-04,OUTSIDE_OBSERVED_RANGE,0,0,False
2023-10-05,OUTSIDE_OBSERVED_RANGE,0,0,False
2023-10-06,OUTSIDE_OBSERVED_RANGE,0,0,False
2023-10-08,OUTSIDE_OBSERVED_RANGE,0,0,False
2023-10-09,OUTSIDE_OBSERVED_RANGE,0,0,False
2023-10-10,OUTSIDE_OBSERVED_RANGE,0,0,False
2023-10-11,OUTSIDE_OBSERVED_RANGE,0,0,False
2023-10-12,OUTSIDE_OBSERVED_RANGE,0,0,False
2023-10-13,OUTSIDE_OBSERVED_RANGE,0,0,False
2023-10-15,OUTSIDE_OBSERVED_RANGE,0,0,False
2023-10-16,OUTSIDE_OBSERVED_RANGE,0,0,False
2023-10-17,OUTSIDE_OBSERVED_RANGE,0,0,False
2023-10-18,OUTSIDE_OBSERVED_RANGE,0,0,False
2023-10-19,OUTSIDE_OBSERVED_RANGE,0,0,False
2023-10-20,OUTSIDE_OBSERVED_RANGE,0,0,False
2023-10-22,OUTSIDE_OBSERVED_RANGE,0,0,False
2023-10-23,OUTSIDE_OBSERVED_RANGE,0,0,False
2023-10-24,OUTSIDE_OBSERVED_RANGE,0,0,False
2023-10-25,OUTSIDE_OBSERVED_RANGE,0,0,False
2023-10-26,OUTSIDE_OBSERVED_RANGE,0,0,False
2023-10-27,OUTSIDE_OBSERVED_RANGE,0,0,False
2023-10-29,OUTSIDE_OBSERVED_RANGE,0,0,False
2023-10-30,OUTSIDE_OBSERVED_RANGE,0,0,False
2023-10-31,OUTSIDE_OBSERVED_RANGE,0,0,False
2023-11-01,OUTSIDE_OBSERVED_RANGE,0,0,False
2023-11-02,OUTSIDE_OBSERVED_RANGE,0,0,False
2023-11-03,OUTSIDE_OBSERVED_RANGE,0,0,False
2023-11-05,OUTSIDE_OBSERVED_RANGE,0,0,False
2023-11-06,OUTSIDE_OBSERVED_RANGE,0,0,False
2023-11-07,OUTSIDE_OBSERVED_RANGE,0,0,False
2023-11-08,OUTSIDE_OBSERVED_RANGE,0,0,False
2023-11-09,OUTSIDE_OBSERVED_RANGE,0,0,False
2023-11-10,OUTSIDE_OBSERVED_RANGE,0,0,False
2023-11-12,OUTSIDE_OBSERVED_RANGE,0,0,False
2023-11-13,OUTSIDE_OBSERVED_RANGE,0,0,False
2023-11-14,OUTSIDE_OBSERVED_RANGE,0,0,False
2023-11-15,OUTSIDE_OBSERVED_RANGE,0,0,False
2023-11-16,OUTSIDE_OBSERVED_RANGE,0,0,False
2023-11-17,OUTSIDE_OBSERVED_RANGE,0,0,False
2023-11-19,OUTSIDE_OBSERVED_RANGE,0,0,False
2023-11-20,OUTSIDE_OBSERVED_RANGE,0,0,False
2023-11-21,OUTSIDE_OBSERVED_RANGE,0,0,False
2023-11-22,OUTSIDE_OBSERVED_RANGE,0,0,False
2023-11-23,OUTSIDE_OBSERVED_RANGE,0,0,False
2023-11-24,OUTSIDE_OBSERVED_RANGE,0,0,False
2023-11-26,OUTSIDE_OBSERVED_RANGE,0,0,False
2023-11-27,OUTSIDE_OBSERVED_RANGE,0,0,False
2023-11-28,OUTSIDE_OBSERVED_RANGE,0,0,False
2023-11-29,OUTSIDE_OBSERVED_RANGE,0,0,False
2023-11-30,OUTSIDE_OBSERVED_RANGE,0,0,False
2023-12-01,OUTSIDE_OBSERVED_RANGE,0,0,False
2023-12-03,OUTSIDE_OBSERVED_RANGE,0,0,False
2023-12-04,OUTSIDE_OBSERVED_RANGE,0,0,False
2023-12-05,OUTSIDE_OBSERVED_RANGE,0,0,False
2023-12-06,OUTSIDE_OBSERVED_RANGE,0,0,False
2023-12-07,OUTSIDE_OBSERVED_RANGE,0,0,False
2023-12-08,OUTSIDE_OBSERVED_RANGE,0,0,False
2023-12-10,OUTSIDE_OBSERVED_RANGE,0,0,False
2023-12-11,OUTSIDE_OBSERVED_RANGE,0,0,False
2023-12-12,OUTSIDE_OBSERVED_RANGE,0,0,False
2023-12-13,OUTSIDE_OBSERVED_RANGE,0,0,False
2023-12-14,OUTSIDE_OBSERVED_RANGE,0,0,False
2023-12-15,OUTSIDE_OBSERVED_RANGE,0,0,False
2023-12-17,OUTSIDE_OBSERVED_RANGE,0,0,False
2023-12-18,OUTSIDE_OBSERVED_RANGE,0,0,False
2023-12-19,OUTSIDE_OBSERVED_RANGE,0,0,False
2023-12-20,OUTSIDE_OBSERVED_RANGE,0,0,False
2023-12-21,OUTSIDE_OBSERVED_RANGE,0,0,False
2023-12-22,OUTSIDE_OBSERVED_RANGE,0,0,False
2023-12-25,OUTSIDE_OBSERVED_RANGE,0,0,False
2023-12-26,OUTSIDE_OBSERVED_RANGE,0,0,False
2023-12-27,OUTSIDE_OBSERVED_RANGE,0,0,False
2023-12-28,OUTSIDE_OBSERVED_RANGE,0,0,False
2023-12-29,VISIBLE_TRADE,1,1,False
2024-01-01,NO_VISIBLE_TRADE_PARTIAL_SOURCE_COVERAGE,1,1,False
2024-01-02,VISIBLE_TRADE,1,1,False
2024-01-03,NO_VISIBLE_TRADE_PARTIAL_SOURCE_COVERAGE,1,1,False
2024-01-04,VISIBLE_TRADE,1,1,False
2024-01-05,NO_VISIBLE_TRADE_PARTIAL_SOURCE_COVERAGE,1,1,False
2024-01-07,NO_VISIBLE_TRADE_PARTIAL_SOURCE_COVERAGE,1,1,False
2024-01-08,VISIBLE_TRADE,1,1,False
2024-01-09,NO_VISIBLE_TRADE_PARTIAL_SOURCE_COVERAGE,1,1,False
2024-01-10,NO_VISIBLE_TRADE_PARTIAL_SOURCE_COVERAGE,1,1,False
2024-01-11,NO_VISIBLE_TRADE_PARTIAL_SOURCE_COVERAGE,1,1,False
2024-01-12,VISIBLE_TRADE,1,1,False
2024-01-14,NO_VISIBLE_TRADE_PARTIAL_SOURCE_COVERAGE,1,1,False
2024-01-15,NO_VISIBLE_TRADE_PARTIAL_SOURCE_COVERAGE,1,1,False
2024-01-16,VISIBLE_TRADE,1,1,False
2024-01-17,NO_VISIBLE_TRADE_PARTIAL_SOURCE_COVERAGE,1,1,False
2024-01-18,NO_VISIBLE_TRADE_PARTIAL_SOURCE_COVERAGE,1,1,False
2024-01-19,NO_VISIBLE_TRADE_PARTIAL_SOURCE_COVERAGE,1,1,False
2024-01-21,NO_VISIBLE_TRADE_PARTIAL_SOURCE_COVERAGE,1,1,False
2024-01-22,NO_VISIBLE_TRADE_PARTIAL_SOURCE_COVERAGE,1,1,False
2024-01-23,NO_VISIBLE_TRADE_PARTIAL_SOURCE_COVERAGE,1,1,False
2024-01-24,NO_VISIBLE_TRADE_PARTIAL_SOURCE_COVERAGE,1,1,False
2024-01-25,VISIBLE_TRADE,2,2,False
2024-01-26,VISIBLE_TRADE,2,2,False
2024-01-28,NO_VISIBLE_TRADE_PARTIAL_SOURCE_COVERAGE,2,2,False
2024-01-29,NO_VISIBLE_TRADE_PARTIAL_SOURCE_COVERAGE,2,2,False
2024-01-30,VISIBLE_TRADE,3,3,False
2024-01-31,VISIBLE_TRADE,3,3,False
2024-02-01,VISIBLE_TRADE,3,3,False
2024-02-02,VISIBLE_TRADE,3,3,False
2024-02-04,NO_VISIBLE_TRADE_PARTIAL_SOURCE_COVERAGE,2,2,False
2024-02-05,NO_VISIBLE_TRADE_PARTIAL_SOURCE_COVERAGE,2,2,False
2024-02-06,NO_VISIBLE_TRADE_PARTIAL_SOURCE_COVERAGE,2,2,False
2024-02-07,VISIBLE_TRADE,3,3,False
2024-02-08,VISIBLE_TRADE,3,3,False
2024-02-09,VISIBLE_TRADE,3,3,False
2024-02-11,NO_VISIBLE_TRADE_PARTIAL_SOURCE_COVERAGE,3,3,False
2024-02-12,NO_VISIBLE_TRADE_PARTIAL_SOURCE_COVERAGE,3,3,False
2024-02-13,NO_VISIBLE_TRADE_PARTIAL_SOURCE_COVERAGE,3,3,False
2024-02-14,NO_VISIBLE_TRADE_PARTIAL_SOURCE_COVERAGE,3,3,False
2024-02-15,NO_VISIBLE_TRADE_PARTIAL_SOURCE_COVERAGE,3,3,False
2024-02-16,NO_VISIBLE_TRADE_PARTIAL_SOURCE_COVERAGE,3,3,False
2024-02-18,NO_VISIBLE_TRADE_PARTIAL_SOURCE_COVERAGE,3,3,False
2024-02-19,NO_VISIBLE_TRADE_PARTIAL_SOURCE_COVERAGE,3,3,False
2024-02-20,NO_VISIBLE_TRADE_PARTIAL_SOURCE_COVERAGE,3,3,False
2024-02-21,VISIBLE_TRADE,3,3,False
2024-02-22,VISIBLE_TRADE,3,3,False
2024-02-23,VISIBLE_TRADE,3,3,False
2024-02-25,NO_VISIBLE_TRADE_PARTIAL_SOURCE_COVERAGE,2,2,False
2024-02-26,NO_VISIBLE_TRADE_PARTIAL_SOURCE_COVERAGE,2,2,False
2024-02-27,NO_VISIBLE_TRADE_PARTIAL_SOURCE_COVERAGE,2,2,False
2024-02-28,NO_VISIBLE_TRADE_PARTIAL_SOURCE_COVERAGE,2,2,False
2024-02-29,NO_VISIBLE_TRADE_PARTIAL_SOURCE_COVERAGE,2,2,False
2024-03-01,NO_VISIBLE_TRADE_PARTIAL_SOURCE_COVERAGE,2,2,False
2024-03-03,NO_VISIBLE_TRADE_PARTIAL_SOURCE_COVERAGE,2,2,False
2024-03-04,NO_VISIBLE_TRADE_PARTIAL_SOURCE_COVERAGE,2,2,False
2024-03-05,NO_VISIBLE_TRADE_PARTIAL_SOURCE_COVERAGE,2,2,False
2024-03-06,NO_VISIBLE_TRADE_PARTIAL_SOURCE_COVERAGE,2,2,False
2024-03-07,NO_VISIBLE_TRADE_PARTIAL_SOURCE_COVERAGE,2,2,False
2024-03-08,NO_VISIBLE_TRADE_PARTIAL_SOURCE_COVERAGE,2,2,False
2024-03-10,NO_VISIBLE_TRADE_PARTIAL_SOURCE_COVERAGE,2,2,False
2024-03-11,NO_VISIBLE_TRADE_PARTIAL_SOURCE_COVERAGE,2,2,False
2024-03-12,NO_VISIBLE_TRADE_PARTIAL_SOURCE_COVERAGE,2,2,False
2024-03-13,NO_VISIBLE_TRADE_PARTIAL_SOURCE_COVERAGE,2,2,False
2024-03-14,NO_VISIBLE_TRADE_PARTIAL_SOURCE_COVERAGE,2,2,False
2024-03-15,NO_VISIBLE_TRADE_PARTIAL_SOURCE_COVERAGE,2,2,False
2024-03-17,NO_VISIBLE_TRADE_PARTIAL_SOURCE_COVERAGE,2,2,False
2024-03-18,NO_VISIBLE_TRADE_PARTIAL_SOURCE_COVERAGE,2,2,False
2024-03-19,NO_VISIBLE_TRADE_PARTIAL_SOURCE_COVERAGE,2,2,False
2024-03-20,NO_VISIBLE_TRADE_PARTIAL_SOURCE_COVERAGE,2,2,False
2024-03-21,NO_VISIBLE_TRADE_PARTIAL_SOURCE_COVERAGE,2,2,False
2024-03-22,NO_VISIBLE_TRADE_PARTIAL_SOURCE_COVERAGE,2,2,False
2024-03-24,NO_VISIBLE_TRADE_PARTIAL_SOURCE_COVERAGE,2,2,False
2024-03-25,NO_VISIBLE_TRADE_PARTIAL_SOURCE_COVERAGE,2,2,False
2024-03-26,NO_VISIBLE_TRADE_PARTIAL_SOURCE_COVERAGE,2,2,False
2024-03-27,NO_VISIBLE_TRADE_PARTIAL_SOURCE_COVERAGE,2,2,False
2024-03-28,NO_VISIBLE_TRADE_PARTIAL_SOURCE_COVERAGE,2,2,False
2024-03-31,NO_VISIBLE_TRADE_PARTIAL_SOURCE_COVERAGE,2,2,False
2024-04-01,NO_VISIBLE_TRADE_PARTIAL_SOURCE_COVERAGE,2,2,False
2024-04-02,NO_VISIBLE_TRADE_PARTIAL_SOURCE_COVERAGE,2,2,False
2024-04-03,NO_VISIBLE_TRADE_PARTIAL_SOURCE_COVERAGE,2,2,False
2024-04-04,NO_VISIBLE_TRADE_PARTIAL_SOURCE_COVERAGE,2,2,False
2024-04-05,NO_VISIBLE_TRADE_PARTIAL_SOURCE_COVERAGE,2,2,False
2024-04-07,NO_VISIBLE_TRADE_PARTIAL_SOURCE_COVERAGE,2,2,False
2024-04-08,NO_VISIBLE_TRADE_PARTIAL_SOURCE_COVERAGE,2,2,False
2024-04-09,NO_VISIBLE_TRADE_PARTIAL_SOURCE_COVERAGE,2,2,False
2024-04-10,NO_VISIBLE_TRADE_PARTIAL_SOURCE_COVERAGE,2,2,False
2024-04-11,NO_VISIBLE_TRADE_PARTIAL_SOURCE_COVERAGE,2,2,False
2024-04-12,NO_VISIBLE_TRADE_PARTIAL_SOURCE_COVERAGE,2,2,False
2024-04-14,NO_VISIBLE_TRADE_PARTIAL_SOURCE_COVERAGE,2,2,False
2024-04-15,NO_VISIBLE_TRADE_PARTIAL_SOURCE_COVERAGE,2,2,False
2024-04-16,NO_VISIBLE_TRADE_PARTIAL_SOURCE_COVERAGE,2,2,False
2024-04-17,NO_VISIBLE_TRADE_PARTIAL_SOURCE_COVERAGE,2,2,False
2024-04-18,NO_VISIBLE_TRADE_PARTIAL_SOURCE_COVERAGE,2,2,False
2024-04-19,NO_VISIBLE_TRADE_PARTIAL_SOURCE_COVERAGE,2,2,False
2024-04-21,NO_VISIBLE_TRADE_PARTIAL_SOURCE_COVERAGE,2,2,False
2024-04-22,NO_VISIBLE_TRADE_PARTIAL_SOURCE_COVERAGE,2,2,False
2024-04-23,NO_VISIBLE_TRADE_PARTIAL_SOURCE_COVERAGE,2,2,False
2024-04-24,NO_VISIBLE_TRADE_PARTIAL_SOURCE_COVERAGE,2,2,False
2024-04-25,NO_VISIBLE_TRADE_PARTIAL_SOURCE_COVERAGE,2,2,False
2024-04-26,NO_VISIBLE_TRADE_PARTIAL_SOURCE_COVERAGE,2,2,False
2024-04-28,NO_VISIBLE_TRADE_PARTIAL_SOURCE_COVERAGE,2,2,False
2024-04-29,NO_VISIBLE_TRADE_PARTIAL_SOURCE_COVERAGE,2,2,False
2024-04-30,NO_VISIBLE_TRADE_PARTIAL_SOURCE_COVERAGE,2,2,False
2024-05-01,NO_VISIBLE_TRADE_PARTIAL_SOURCE_COVERAGE,2,2,False
2024-05-02,NO_VISIBLE_TRADE_PARTIAL_SOURCE_COVERAGE,2,2,False
2024-05-03,NO_VISIBLE_TRADE_PARTIAL_SOURCE_COVERAGE,2,2,False
2024-05-05,NO_VISIBLE_TRADE_PARTIAL_SOURCE_COVERAGE,2,2,False
2024-05-06,NO_VISIBLE_TRADE_PARTIAL_SOURCE_COVERAGE,2,2,False
2024-05-07,NO_VISIBLE_TRADE_PARTIAL_SOURCE_COVERAGE,2,2,False
2024-05-08,NO_VISIBLE_TRADE_PARTIAL_SOURCE_COVERAGE,2,2,False
2024-05-09,NO_VISIBLE_TRADE_PARTIAL_SOURCE_COVERAGE,2,2,False
2024-05-10,NO_VISIBLE_TRADE_PARTIAL_SOURCE_COVERAGE,2,2,False
2024-05-12,NO_VISIBLE_TRADE_PARTIAL_SOURCE_COVERAGE,2,2,False
2024-05-13,NO_VISIBLE_TRADE_PARTIAL_SOURCE_COVERAGE,2,2,False
2024-05-14,NO_VISIBLE_TRADE_PARTIAL_SOURCE_COVERAGE,2,2,False
2024-05-15,NO_VISIBLE_TRADE_PARTIAL_SOURCE_COVERAGE,2,2,False
2024-05-16,NO_VISIBLE_TRADE_PARTIAL_SOURCE_COVERAGE,2,2,False
2024-05-17,NO_VISIBLE_TRADE_PARTIAL_SOURCE_COVERAGE,2,2,False
2024-05-19,NO_VISIBLE_TRADE_PARTIAL_SOURCE_COVERAGE,2,2,False
2024-05-20,NO_VISIBLE_TRADE_PARTIAL_SOURCE_COVERAGE,2,2,False
2024-05-21,NO_VISIBLE_TRADE_PARTIAL_SOURCE_COVERAGE,2,2,False
2024-05-22,NO_VISIBLE_TRADE_PARTIAL_SOURCE_COVERAGE,2,2,False
2024-05-23,NO_VISIBLE_TRADE_PARTIAL_SOURCE_COVERAGE,2,2,False
2024-05-24,NO_VISIBLE_TRADE_PARTIAL_SOURCE_COVERAGE,2,2,False
2024-05-26,NO_VISIBLE_TRADE_PARTIAL_SOURCE_COVERAGE,2,2,False
2024-05-27,NO_VISIBLE_TRADE_PARTIAL_SOURCE_COVERAGE,2,2,False
2024-05-28,NO_VISIBLE_TRADE_PARTIAL_SOURCE_COVERAGE,2,2,False
2024-05-29,NO_VISIBLE_TRADE_PARTIAL_SOURCE_COVERAGE,2,2,False
2024-05-30,NO_VISIBLE_TRADE_PARTIAL_SOURCE_COVERAGE,2,2,False
2024-05-31,NO_VISIBLE_TRADE_PARTIAL_SOURCE_COVERAGE,2,2,False
2024-06-02,NO_VISIBLE_TRADE_PARTIAL_SOURCE_COVERAGE,2,2,False
2024-06-03,NO_VISIBLE_TRADE_PARTIAL_SOURCE_COVERAGE,2,2,False
2024-06-04,NO_VISIBLE_TRADE_PARTIAL_SOURCE_COVERAGE,2,2,False
2024-06-05,VISIBLE_TRADE,3,3,False
2024-06-06,NO_VISIBLE_TRADE_PARTIAL_SOURCE_COVERAGE,3,3,False
2024-06-07,NO_VISIBLE_TRADE_PARTIAL_SOURCE_COVERAGE,2,2,False
2024-06-09,NO_VISIBLE_TRADE_PARTIAL_SOURCE_COVERAGE,2,2,False
2024-06-10,NO_VISIBLE_TRADE_PARTIAL_SOURCE_COVERAGE,2,2,False
2024-06-11,NO_VISIBLE_TRADE_PARTIAL_SOURCE_COVERAGE,2,2,False
2024-06-12,NO_VISIBLE_TRADE_PARTIAL_SOURCE_COVERAGE,2,2,False
2024-06-13,NO_VISIBLE_TRADE_PARTIAL_SOURCE_COVERAGE,2,2,False
2024-06-14,NO_VISIBLE_TRADE_PARTIAL_SOURCE_COVERAGE,2,2,False
2024-06-16,NO_VISIBLE_TRADE_PARTIAL_SOURCE_COVERAGE,2,2,False
2024-06-17,NO_VISIBLE_TRADE_PARTIAL_SOURCE_COVERAGE,2,2,False
2024-06-18,NO_VISIBLE_TRADE_PARTIAL_SOURCE_COVERAGE,2,2,False
2024-06-19,NO_VISIBLE_TRADE_PARTIAL_SOURCE_COVERAGE,2,2,False
2024-06-20,VISIBLE_TRADE,3,2,False
2024-06-21,VISIBLE_TRADE,3,2,False
2024-06-23,NO_VISIBLE_TRADE_PARTIAL_SOURCE_COVERAGE,3,2,False
2024-06-24,VISIBLE_TRADE,3,2,False
2024-06-25,VISIBLE_TRADE,3,2,False
2024-06-26,NO_VISIBLE_TRADE_PARTIAL_SOURCE_COVERAGE,2,2,False
2024-06-27,NO_VISIBLE_TRADE_PARTIAL_SOURCE_COVERAGE,2,2,False
2024-06-28,NO_VISIBLE_TRADE_PARTIAL_SOURCE_COVERAGE,2,2,False
2024-06-30,NO_VISIBLE_TRADE_PARTIAL_SOURCE_COVERAGE,2,2,False
2024-07-01,NO_VISIBLE_TRADE_PARTIAL_SOURCE_COVERAGE,2,2,False
2024-07-02,NO_VISIBLE_TRADE_PARTIAL_SOURCE_COVERAGE,2,2,False
2024-07-03,NO_VISIBLE_TRADE_PARTIAL_SOURCE_COVERAGE,2,2,False
2024-07-04,NO_VISIBLE_TRADE_PARTIAL_SOURCE_COVERAGE,2,2,False
2024-07-05,NO_VISIBLE_TRADE_PARTIAL_SOURCE_COVERAGE,2,2,False
2024-07-07,NO_VISIBLE_TRADE_PARTIAL_SOURCE_COVERAGE,2,2,False
2024-07-08,NO_VISIBLE_TRADE_PARTIAL_SOURCE_COVERAGE,2,2,False
2024-07-09,NO_VISIBLE_TRADE_PARTIAL_SOURCE_COVERAGE,2,2,False
2024-07-10,NO_VISIBLE_TRADE_PARTIAL_SOURCE_COVERAGE,2,2,False
2024-07-11,NO_VISIBLE_TRADE_PARTIAL_SOURCE_COVERAGE,2,2,False
2024-07-12,NO_VISIBLE_TRADE_PARTIAL_SOURCE_COVERAGE,2,2,False
2024-07-14,NO_VISIBLE_TRADE_PARTIAL_SOURCE_COVERAGE,1,1,False
2024-07-15,NO_VISIBLE_TRADE_PARTIAL_SOURCE_COVERAGE,1,1,False
2024-07-16,NO_VISIBLE_TRADE_PARTIAL_SOURCE_COVERAGE,1,1,False
2024-07-17,VISIBLE_TRADE,2,1,False
2024-07-18,VISIBLE_TRADE,2,1,False
2024-07-19,NO_VISIBLE_TRADE_PARTIAL_SOURCE_COVERAGE,2,1,False
2024-07-21,NO_VISIBLE_TRADE_PARTIAL_SOURCE_COVERAGE,2,1,False
2024-07-22,NO_VISIBLE_TRADE_PARTIAL_SOURCE_COVERAGE,2,1,False
2024-07-23,NO_VISIBLE_TRADE_PARTIAL_SOURCE_COVERAGE,2,1,False
2024-07-24,NO_VISIBLE_TRADE_PARTIAL_SOURCE_COVERAGE,2,1,False
2024-07-25,NO_VISIBLE_TRADE_FULL_SOURCE_COVERAGE,1,0,False
2024-07-26,NO_VISIBLE_TRADE_FULL_SOURCE_COVERAGE,1,0,False
2024-07-28,NO_VISIBLE_TRADE_FULL_SOURCE_COVERAGE,1,0,False
2024-07-29,NO_VISIBLE_TRADE_FULL_SOURCE_COVERAGE,1,0,False
2024-07-30,NO_VISIBLE_TRADE_FULL_SOURCE_COVERAGE,1,0,False
2024-07-31,NO_VISIBLE_TRADE_FULL_SOURCE_COVERAGE,1,0,False
2024-08-01,NO_VISIBLE_TRADE_FULL_SOURCE_COVERAGE,1,0,False
2024-08-02,NO_VISIBLE_TRADE_FULL_SOURCE_COVERAGE,1,0,False
2024-08-04,NO_VISIBLE_TRADE_FULL_SOURCE_COVERAGE,1,0,False
2024-08-05,NO_VISIBLE_TRADE_FULL_SOURCE_COVERAGE,1,0,False
2024-08-06,NO_VISIBLE_TRADE_FULL_SOURCE_COVERAGE,1,0,False
2024-08-07,NO_VISIBLE_TRADE_FULL_SOURCE_COVERAGE,1,0,False
2024-08-08,NO_VISIBLE_TRADE_FULL_SOURCE_COVERAGE,1,0,False
2024-08-09,NO_VISIBLE_TRADE_FULL_SOURCE_COVERAGE,1,0,False
2024-08-11,NO_VISIBLE_TRADE_FULL_SOURCE_COVERAGE,1,0,False
2024-08-12,NO_VISIBLE_TRADE_FULL_SOURCE_COVERAGE,1,0,False
2024-08-13,NO_VISIBLE_TRADE_FULL_SOURCE_COVERAGE,1,0,False
2024-08-14,NO_VISIBLE_TRADE_FULL_SOURCE_COVERAGE,1,0,False
2024-08-15,NO_VISIBLE_TRADE_FULL_SOURCE_COVERAGE,1,0,False
2024-08-16,NO_VISIBLE_TRADE_FULL_SOURCE_COVERAGE,1,0,False
2024-08-18,NO_VISIBLE_TRADE_FULL_SOURCE_COVERAGE,1,0,False
2024-08-19,NO_VISIBLE_TRADE_FULL_SOURCE_COVERAGE,1,0,False
2024-08-20,NO_VISIBLE_TRADE_FULL_SOURCE_COVERAGE,1,0,False
2024-08-21,NO_VISIBLE_TRADE_FULL_SOURCE_COVERAGE,1,0,False
2024-08-22,NO_VISIBLE_TRADE_FULL_SOURCE_COVERAGE,1,0,False
2024-08-23,NO_VISIBLE_TRADE_FULL_SOURCE_COVERAGE,1,0,False
2024-08-25,NO_VISIBLE_TRADE_FULL_SOURCE_COVERAGE,1,0,False
2024-08-26,NO_VISIBLE_TRADE_FULL_SOURCE_COVERAGE,1,0,False
2024-08-27,NO_VISIBLE_TRADE_FULL_SOURCE_COVERAGE,1,0,False
2024-08-28,NO_VISIBLE_TRADE_FULL_SOURCE_COVERAGE,1,0,False
2024-08-29,NO_VISIBLE_TRADE_FULL_SOURCE_COVERAGE,1,0,False
2024-08-30,NO_VISIBLE_TRADE_FULL_SOURCE_COVERAGE,1,0,False
2024-09-01,NO_VISIBLE_TRADE_FULL_SOURCE_COVERAGE,1,0,False
2024-09-02,NO_VISIBLE_TRADE_FULL_SOURCE_COVERAGE,1,0,False
2024-09-03,NO_VISIBLE_TRADE_FULL_SOURCE_COVERAGE,1,0,False
2024-09-04,NO_VISIBLE_TRADE_FULL_SOURCE_COVERAGE,1,0,False
2024-09-05,NO_VISIBLE_TRADE_FULL_SOURCE_COVERAGE,1,0,False
2024-09-06,NO_VISIBLE_TRADE_FULL_SOURCE_COVERAGE,1,0,False
2024-09-08,NO_VISIBLE_TRADE_FULL_SOURCE_COVERAGE,1,0,False
2024-09-09,NO_VISIBLE_TRADE_FULL_SOURCE_COVERAGE,1,0,False
2024-09-10,NO_VISIBLE_TRADE_FULL_SOURCE_COVERAGE,1,0,False
2024-09-11,NO_VISIBLE_TRADE_FULL_SOURCE_COVERAGE,1,0,False
2024-09-12,NO_VISIBLE_TRADE_FULL_SOURCE_COVERAGE,1,0,False
2024-09-13,NO_VISIBLE_TRADE_FULL_SOURCE_COVERAGE,1,0,False
2024-09-15,NO_VISIBLE_TRADE_FULL_SOURCE_COVERAGE,1,0,False
2024-09-16,NO_VISIBLE_TRADE_FULL_SOURCE_COVERAGE,1,0,False
2024-09-17,NO_VISIBLE_TRADE_FULL_SOURCE_COVERAGE,1,0,False
2024-09-18,NO_VISIBLE_TRADE_FULL_SOURCE_COVERAGE,1,0,False
2024-09-19,NO_VISIBLE_TRADE_FULL_SOURCE_COVERAGE,1,0,False
2024-09-20,NO_VISIBLE_TRADE_FULL_SOURCE_COVERAGE,1,0,False
2024-09-22,NO_VISIBLE_TRADE_FULL_SOURCE_COVERAGE,1,0,False
2024-09-23,NO_VISIBLE_TRADE_FULL_SOURCE_COVERAGE,1,0,False
2024-09-24,NO_VISIBLE_TRADE_FULL_SOURCE_COVERAGE,1,0,False
2024-09-25,NO_VISIBLE_TRADE_FULL_SOURCE_COVERAGE,1,0,False
2024-09-26,NO_VISIBLE_TRADE_FULL_SOURCE_COVERAGE,1,0,False
2024-09-27,NO_VISIBLE_TRADE_FULL_SOURCE_COVERAGE,1,0,False
2024-09-29,NO_VISIBLE_TRADE_FULL_SOURCE_COVERAGE,1,0,False
2024-09-30,VISIBLE_TRADE,1,0,False
2024-10-01,VISIBLE_TRADE,1,0,False
2024-10-02,OUTSIDE_OBSERVED_RANGE,0,0,False
2024-10-03,OUTSIDE_OBSERVED_RANGE,0,0,False
2024-10-04,OUTSIDE_OBSERVED_RANGE,0,0,False
2024-10-06,OUTSIDE_OBSERVED_RANGE,0,0,False
2024-10-07,OUTSIDE_OBSERVED_RANGE,0,0,False
2024-10-08,OUTSIDE_OBSERVED_RANGE,0,0,False
2024-10-09,OUTSIDE_OBSERVED_RANGE,0,0,False
2024-10-10,OUTSIDE_OBSERVED_RANGE,0,0,False
2024-10-11,OUTSIDE_OBSERVED_RANGE,0,0,False
2024-10-13,OUTSIDE_OBSERVED_RANGE,0,0,False
2024-10-14,OUTSIDE_OBSERVED_RANGE,0,0,False
2024-10-15,OUTSIDE_OBSERVED_RANGE,0,0,False
2024-10-16,OUTSIDE_OBSERVED_RANGE,0,0,False
2024-10-17,OUTSIDE_OBSERVED_RANGE,0,0,False
2024-10-18,OUTSIDE_OBSERVED_RANGE,0,0,False
2024-10-20,OUTSIDE_OBSERVED_RANGE,0,0,False
2024-10-21,OUTSIDE_OBSERVED_RANGE,0,0,False
2024-10-22,OUTSIDE_OBSERVED_RANGE,0,0,False
2024-10-23,OUTSIDE_OBSERVED_RANGE,0,0,False
2024-10-24,OUTSIDE_OBSERVED_RANGE,0,0,False
2024-10-25,OUTSIDE_OBSERVED_RANGE,0,0,False
2024-10-27,OUTSIDE_OBSERVED_RANGE,0,0,False
2024-10-28,OUTSIDE_OBSERVED_RANGE,0,0,False
2024-10-29,OUTSIDE_OBSERVED_RANGE,0,0,False
2024-10-30,VISIBLE_TRADE,1,1,False
2024-10-31,VISIBLE_TRADE,1,1,False
2024-11-01,OUTSIDE_OBSERVED_RANGE,0,0,False
2024-11-03,OUTSIDE_OBSERVED_RANGE,0,0,False
2024-11-04,OUTSIDE_OBSERVED_RANGE,0,0,False
2024-11-05,OUTSIDE_OBSERVED_RANGE,0,0,False
2024-11-06,OUTSIDE_OBSERVED_RANGE,0,0,False
2024-11-07,VISIBLE_TRADE,1,1,False
2024-11-08,VISIBLE_TRADE,1,1,False
2024-11-10,NO_VISIBLE_TRADE_PARTIAL_SOURCE_COVERAGE,1,1,False
2024-11-11,VISIBLE_TRADE,1,1,False
2024-11-12,VISIBLE_TRADE,1,1,False
2024-11-13,VISIBLE_TRADE,1,1,False
2024-11-14,VISIBLE_TRADE,2,2,False
2024-11-15,NO_VISIBLE_TRADE_PARTIAL_SOURCE_COVERAGE,2,2,False
2024-11-17,NO_VISIBLE_TRADE_PARTIAL_SOURCE_COVERAGE,2,2,False
2024-11-18,NO_VISIBLE_TRADE_PARTIAL_SOURCE_COVERAGE,2,2,False
2024-11-19,NO_VISIBLE_TRADE_PARTIAL_SOURCE_COVERAGE,2,2,False
2024-11-20,NO_VISIBLE_TRADE_PARTIAL_SOURCE_COVERAGE,2,2,False
2024-11-21,NO_VISIBLE_TRADE_PARTIAL_SOURCE_COVERAGE,2,2,False
2024-11-22,NO_VISIBLE_TRADE_PARTIAL_SOURCE_COVERAGE,2,2,False
2024-11-24,NO_VISIBLE_TRADE_PARTIAL_SOURCE_COVERAGE,2,2,False
2024-11-25,VISIBLE_TRADE,2,2,False
2024-11-26,VISIBLE_TRADE,2,2,False
2024-11-27,VISIBLE_TRADE,2,2,False
2024-11-28,VISIBLE_TRADE,2,2,False
2024-11-29,NO_VISIBLE_TRADE_PARTIAL_SOURCE_COVERAGE,2,2,False
2024-12-01,NO_VISIBLE_TRADE_PARTIAL_SOURCE_COVERAGE,2,2,False
2024-12-02,VISIBLE_TRADE,2,2,False
2024-12-03,NO_VISIBLE_TRADE_PARTIAL_SOURCE_COVERAGE,2,2,False
2024-12-04,NO_VISIBLE_TRADE_PARTIAL_SOURCE_COVERAGE,2,2,False
2024-12-05,VISIBLE_TRADE,2,2,False
2024-12-06,NO_VISIBLE_TRADE_PARTIAL_SOURCE_COVERAGE,2,2,False
2024-12-08,NO_VISIBLE_TRADE_PARTIAL_SOURCE_COVERAGE,2,2,False
2024-12-09,NO_VISIBLE_TRADE_PARTIAL_SOURCE_COVERAGE,2,2,False
2024-12-10,NO_VISIBLE_TRADE_PARTIAL_SOURCE_COVERAGE,2,2,False
2024-12-11,NO_VISIBLE_TRADE_PARTIAL_SOURCE_COVERAGE,2,2,False
2024-12-12,VISIBLE_TRADE,2,2,False
2024-12-13,VISIBLE_TRADE,2,2,False
2024-12-15,NO_VISIBLE_TRADE_PARTIAL_SOURCE_COVERAGE,2,2,False
2024-12-16,VISIBLE_TRADE,2,2,False
2024-12-17,VISIBLE_TRADE,2,2,False
2024-12-18,NO_VISIBLE_TRADE_PARTIAL_SOURCE_COVERAGE,1,1,False
2024-12-19,NO_VISIBLE_TRADE_PARTIAL_SOURCE_COVERAGE,1,1,False
2024-12-20,NO_VISIBLE_TRADE_PARTIAL_SOURCE_COVERAGE,1,1,False
2024-12-22,NO_VISIBLE_TRADE_PARTIAL_SOURCE_COVERAGE,1,1,False
2024-12-23,NO_VISIBLE_TRADE_PARTIAL_SOURCE_COVERAGE,1,1,False
2024-12-24,NO_VISIBLE_TRADE_PARTIAL_SOURCE_COVERAGE,1,1,False
2024-12-25,NO_VISIBLE_TRADE_PARTIAL_SOURCE_COVERAGE,1,1,False
2024-12-26,NO_VISIBLE_TRADE_PARTIAL_SOURCE_COVERAGE,1,1,False
2024-12-27,NO_VISIBLE_TRADE_PARTIAL_SOURCE_COVERAGE,2,1,False
2024-12-29,NO_VISIBLE_TRADE_PARTIAL_SOURCE_COVERAGE,2,1,False
2024-12-30,NO_VISIBLE_TRADE_PARTIAL_SOURCE_COVERAGE,2,1,False
2024-12-31,NO_VISIBLE_TRADE_PARTIAL_SOURCE_COVERAGE,2,1,False
2025-01-01,NO_VISIBLE_TRADE_PARTIAL_SOURCE_COVERAGE,2,1,False
2025-01-02,NO_VISIBLE_TRADE_PARTIAL_SOURCE_COVERAGE,2,1,False
2025-01-03,NO_VISIBLE_TRADE_PARTIAL_SOURCE_COVERAGE,2,1,False
2025-01-05,NO_VISIBLE_TRADE_PARTIAL_SOURCE_COVERAGE,2,1,False
2025-01-06,NO_VISIBLE_TRADE_PARTIAL_SOURCE_COVERAGE,2,1,False
2025-01-07,NO_VISIBLE_TRADE_PARTIAL_SOURCE_COVERAGE,2,1,False
2025-01-08,NO_VISIBLE_TRADE_PARTIAL_SOURCE_COVERAGE,2,1,False
2025-01-09,NO_VISIBLE_TRADE_PARTIAL_SOURCE_COVERAGE,2,1,False
2025-01-10,NO_VISIBLE_TRADE_PARTIAL_SOURCE_COVERAGE,2,1,False
2025-01-12,NO_VISIBLE_TRADE_PARTIAL_SOURCE_COVERAGE,2,1,False
2025-01-13,NO_VISIBLE_TRADE_PARTIAL_SOURCE_COVERAGE,2,1,False
2025-01-14,NO_VISIBLE_TRADE_PARTIAL_SOURCE_COVERAGE,2,1,False
2025-01-15,NO_VISIBLE_TRADE_PARTIAL_SOURCE_COVERAGE,2,1,False
2025-01-16,NO_VISIBLE_TRADE_PARTIAL_SOURCE_COVERAGE,2,1,False
2025-01-17,NO_VISIBLE_TRADE_PARTIAL_SOURCE_COVERAGE,2,1,False
2025-01-19,NO_VISIBLE_TRADE_PARTIAL_SOURCE_COVERAGE,2,1,False
2025-01-20,NO_VISIBLE_TRADE_PARTIAL_SOURCE_COVERAGE,2,1,False
2025-01-21,NO_VISIBLE_TRADE_PARTIAL_SOURCE_COVERAGE,2,1,False
2025-01-22,NO_VISIBLE_TRADE_PARTIAL_SOURCE_COVERAGE,2,1,False
2025-01-23,NO_VISIBLE_TRADE_PARTIAL_SOURCE_COVERAGE,2,1,False
2025-01-24,NO_VISIBLE_TRADE_PARTIAL_SOURCE_COVERAGE,2,1,False
2025-01-26,NO_VISIBLE_TRADE_PARTIAL_SOURCE_COVERAGE,2,1,False
2025-01-27,NO_VISIBLE_TRADE_PARTIAL_SOURCE_COVERAGE,2,1,False
2025-01-28,NO_VISIBLE_TRADE_PARTIAL_SOURCE_COVERAGE,2,1,False
2025-01-29,NO_VISIBLE_TRADE_PARTIAL_SOURCE_COVERAGE,2,1,False
2025-01-30,NO_VISIBLE_TRADE_PARTIAL_SOURCE_COVERAGE,2,1,False
2025-01-31,NO_VISIBLE_TRADE_PARTIAL_SOURCE_COVERAGE,2,1,False
2025-02-02,NO_VISIBLE_TRADE_PARTIAL_SOURCE_COVERAGE,2,1,False
2025-02-03,NO_VISIBLE_TRADE_PARTIAL_SOURCE_COVERAGE,2,1,False
2025-02-04,NO_VISIBLE_TRADE_PARTIAL_SOURCE_COVERAGE,2,1,False
2025-02-05,NO_VISIBLE_TRADE_PARTIAL_SOURCE_COVERAGE,2,1,False
2025-02-06,NO_VISIBLE_TRADE_PARTIAL_SOURCE_COVERAGE,4,1,False
2025-02-07,VISIBLE_TRADE,4,1,False
2025-02-09,NO_VISIBLE_TRADE_PARTIAL_SOURCE_COVERAGE,3,1,False
2025-02-10,VISIBLE_TRADE,3,1,False
2025-02-11,VISIBLE_TRADE,3,1,False
2025-02-12,VISIBLE_TRADE,2,1,False
2025-02-13,NO_VISIBLE_TRADE_PARTIAL_SOURCE_COVERAGE,1,1,False
2025-02-14,NO_VISIBLE_TRADE_PARTIAL_SOURCE_COVERAGE,1,1,False
2025-02-16,NO_VISIBLE_TRADE_PARTIAL_SOURCE_COVERAGE,1,1,False
2025-02-17,NO_VISIBLE_TRADE_PARTIAL_SOURCE_COVERAGE,1,1,False
2025-02-18,NO_VISIBLE_TRADE_PARTIAL_SOURCE_COVERAGE,1,1,False
2025-02-19,NO_VISIBLE_TRADE_PARTIAL_SOURCE_COVERAGE,1,1,False
2025-02-20,NO_VISIBLE_TRADE_PARTIAL_SOURCE_COVERAGE,1,1,False
2025-02-21,NO_VISIBLE_TRADE_PARTIAL_SOURCE_COVERAGE,1,1,False
2025-02-23,NO_VISIBLE_TRADE_PARTIAL_SOURCE_COVERAGE,1,1,False
2025-02-24,NO_VISIBLE_TRADE_PARTIAL_SOURCE_COVERAGE,1,1,False
2025-02-25,NO_VISIBLE_TRADE_PARTIAL_SOURCE_COVERAGE,1,1,False
2025-02-26,NO_VISIBLE_TRADE_PARTIAL_SOURCE_COVERAGE,1,1,False
2025-02-27,NO_VISIBLE_TRADE_PARTIAL_SOURCE_COVERAGE,1,1,False
2025-02-28,NO_VISIBLE_TRADE_PARTIAL_SOURCE_COVERAGE,1,1,False
2025-03-02,NO_VISIBLE_TRADE_PARTIAL_SOURCE_COVERAGE,1,1,False
2025-03-03,NO_VISIBLE_TRADE_PARTIAL_SOURCE_COVERAGE,1,1,False
2025-03-04,NO_VISIBLE_TRADE_PARTIAL_SOURCE_COVERAGE,1,1,False
2025-03-05,NO_VISIBLE_TRADE_PARTIAL_SOURCE_COVERAGE,1,1,False
2025-03-06,NO_VISIBLE_TRADE_PARTIAL_SOURCE_COVERAGE,1,1,False
2025-03-07,NO_VISIBLE_TRADE_PARTIAL_SOURCE_COVERAGE,1,1,False
2025-03-09,NO_VISIBLE_TRADE_PARTIAL_SOURCE_COVERAGE,1,1,False
2025-03-10,NO_VISIBLE_TRADE_PARTIAL_SOURCE_COVERAGE,1,1,False
2025-03-11,NO_VISIBLE_TRADE_PARTIAL_SOURCE_COVERAGE,1,1,False
2025-03-12,NO_VISIBLE_TRADE_PARTIAL_SOURCE_COVERAGE,1,1,False
2025-03-13,VISIBLE_TRADE,2,2,False
2025-03-14,VISIBLE_TRADE,2,2,False
2025-03-16,NO_VISIBLE_TRADE_PARTIAL_SOURCE_COVERAGE,2,2,False
2025-03-17,VISIBLE_TRADE,2,2,False
2025-03-18,VISIBLE_TRADE,2,2,False
2025-03-19,VISIBLE_TRADE,2,2,False
2025-03-20,VISIBLE_TRADE,2,2,False
2025-03-21,NO_VISIBLE_TRADE_PARTIAL_SOURCE_COVERAGE,2,2,False
2025-03-23,NO_VISIBLE_TRADE_PARTIAL_SOURCE_COVERAGE,2,2,False
2025-03-24,VISIBLE_TRADE,2,2,False
2025-03-25,VISIBLE_TRADE,2,2,False
2025-03-26,VISIBLE_TRADE,2,2,False
2025-03-27,VISIBLE_TRADE,2,2,False
2025-03-28,VISIBLE_TRADE,2,2,False
2025-03-30,NO_VISIBLE_TRADE_PARTIAL_SOURCE_COVERAGE,2,2,False
2025-03-31,NO_VISIBLE_TRADE_PARTIAL_SOURCE_COVERAGE,2,2,False
2025-04-01,VISIBLE_TRADE,2,2,False
2025-04-02,NO_VISIBLE_TRADE_PARTIAL_SOURCE_COVERAGE,1,1,False
2025-04-03,NO_VISIBLE_TRADE_PARTIAL_SOURCE_COVERAGE,1,1,False
2025-04-04,NO_VISIBLE_TRADE_PARTIAL_SOURCE_COVERAGE,1,1,False
2025-04-06,NO_VISIBLE_TRADE_PARTIAL_SOURCE_COVERAGE,1,1,False
2025-04-07,NO_VISIBLE_TRADE_PARTIAL_SOURCE_COVERAGE,1,1,False
2025-04-08,NO_VISIBLE_TRADE_PARTIAL_SOURCE_COVERAGE,1,1,False
2025-04-09,NO_VISIBLE_TRADE_PARTIAL_SOURCE_COVERAGE,1,1,False
2025-04-10,NO_VISIBLE_TRADE_PARTIAL_SOURCE_COVERAGE,1,1,False
2025-04-11,NO_VISIBLE_TRADE_PARTIAL_SOURCE_COVERAGE,1,1,False
2025-04-13,NO_VISIBLE_TRADE_PARTIAL_SOURCE_COVERAGE,1,1,False
2025-04-14,NO_VISIBLE_TRADE_PARTIAL_SOURCE_COVERAGE,1,1,False
2025-04-15,NO_VISIBLE_TRADE_PARTIAL_SOURCE_COVERAGE,1,1,False
2025-04-16,NO_VISIBLE_TRADE_PARTIAL_SOURCE_COVERAGE,1,1,False
2025-04-17,NO_VISIBLE_TRADE_PARTIAL_SOURCE_COVERAGE,1,1,False
2025-04-20,NO_VISIBLE_TRADE_PARTIAL_SOURCE_COVERAGE,1,1,False
2025-04-21,NO_VISIBLE_TRADE_PARTIAL_SOURCE_COVERAGE,1,1,False
2025-04-22,NO_VISIBLE_TRADE_PARTIAL_SOURCE_COVERAGE,1,1,False
2025-04-23,NO_VISIBLE_TRADE_PARTIAL_SOURCE_COVERAGE,1,1,False
2025-04-24,NO_VISIBLE_TRADE_PARTIAL_SOURCE_COVERAGE,1,1,False
2025-04-25,NO_VISIBLE_TRADE_PARTIAL_SOURCE_COVERAGE,1,1,False
2025-04-27,NO_VISIBLE_TRADE_PARTIAL_SOURCE_COVERAGE,1,1,False
2025-04-28,NO_VISIBLE_TRADE_PARTIAL_SOURCE_COVERAGE,1,1,False
2025-04-29,NO_VISIBLE_TRADE_PARTIAL_SOURCE_COVERAGE,1,1,False
2025-04-30,NO_VISIBLE_TRADE_PARTIAL_SOURCE_COVERAGE,1,1,False
2025-05-01,VISIBLE_TRADE,2,2,False
2025-05-02,VISIBLE_TRADE,2,2,False
2025-05-04,NO_VISIBLE_TRADE_PARTIAL_SOURCE_COVERAGE,2,2,False
2025-05-05,NO_VISIBLE_TRADE_PARTIAL_SOURCE_COVERAGE,2,2,False
2025-05-06,NO_VISIBLE_TRADE_PARTIAL_SOURCE_COVERAGE,2,2,False
2025-05-07,NO_VISIBLE_TRADE_PARTIAL_SOURCE_COVERAGE,2,2,False
2025-05-08,VISIBLE_TRADE,2,2,False
2025-05-09,VISIBLE_TRADE,2,2,False
2025-05-11,NO_VISIBLE_TRADE_PARTIAL_SOURCE_COVERAGE,2,2,False
2025-05-12,NO_VISIBLE_TRADE_PARTIAL_SOURCE_COVERAGE,2,2,False
2025-05-13,VISIBLE_TRADE,2,2,False
2025-05-14,VISIBLE_TRADE,2,2,False
2025-05-15,VISIBLE_TRADE,2,2,False
2025-05-16,VISIBLE_TRADE,2,2,False
2025-05-18,NO_VISIBLE_TRADE_PARTIAL_SOURCE_COVERAGE,2,2,False
2025-05-19,NO_VISIBLE_TRADE_PARTIAL_SOURCE_COVERAGE,2,2,False
2025-05-20,NO_VISIBLE_TRADE_PARTIAL_SOURCE_COVERAGE,2,2,False
2025-05-21,NO_VISIBLE_TRADE_PARTIAL_SOURCE_COVERAGE,2,2,False
2025-05-22,VISIBLE_TRADE,2,2,False
2025-05-23,NO_VISIBLE_TRADE_PARTIAL_SOURCE_COVERAGE,2,2,False
2025-05-25,NO_VISIBLE_TRADE_PARTIAL_SOURCE_COVERAGE,2,2,False
2025-05-26,VISIBLE_TRADE,2,2,False
2025-05-27,VISIBLE_TRADE,2,2,False
2025-05-28,NO_VISIBLE_TRADE_PARTIAL_SOURCE_COVERAGE,2,2,False
2025-05-29,NO_VISIBLE_TRADE_PARTIAL_SOURCE_COVERAGE,2,2,False
2025-05-30,NO_VISIBLE_TRADE_PARTIAL_SOURCE_COVERAGE,2,2,False
2025-06-01,NO_VISIBLE_TRADE_PARTIAL_SOURCE_COVERAGE,2,2,False
2025-06-02,NO_VISIBLE_TRADE_PARTIAL_SOURCE_COVERAGE,2,2,False
2025-06-03,NO_VISIBLE_TRADE_PARTIAL_SOURCE_COVERAGE,1,1,False
2025-06-04,NO_VISIBLE_TRADE_PARTIAL_SOURCE_COVERAGE,1,1,False
2025-06-05,VISIBLE_TRADE,1,1,False
2025-06-06,NO_VISIBLE_TRADE_PARTIAL_SOURCE_COVERAGE,1,1,False
2025-06-08,VISIBLE_TRADE,1,1,False
2025-06-09,NO_VISIBLE_TRADE_PARTIAL_SOURCE_COVERAGE,1,1,False
2025-06-10,OUTSIDE_OBSERVED_RANGE,0,0,False
2025-06-11,OUTSIDE_OBSERVED_RANGE,0,0,False
2025-06-12,OUTSIDE_OBSERVED_RANGE,0,0,False
2025-06-13,OUTSIDE_OBSERVED_RANGE,0,0,False
2025-06-15,OUTSIDE_OBSERVED_RANGE,0,0,False
2025-06-16,OUTSIDE_OBSERVED_RANGE,0,0,False
2025-06-17,OUTSIDE_OBSERVED_RANGE,0,0,False
2025-06-18,OUTSIDE_OBSERVED_RANGE,0,0,False
2025-06-19,OUTSIDE_OBSERVED_RANGE,0,0,False
2025-06-20,OUTSIDE_OBSERVED_RANGE,0,0,False
2025-06-22,OUTSIDE_OBSERVED_RANGE,0,0,False
2025-06-23,OUTSIDE_OBSERVED_RANGE,0,0,False
2025-06-24,OUTSIDE_OBSERVED_RANGE,0,0,False
2025-06-25,OUTSIDE_OBSERVED_RANGE,0,0,False
2025-06-26,OUTSIDE_OBSERVED_RANGE,0,0,False
2025-06-27,OUTSIDE_OBSERVED_RANGE,0,0,False
2025-06-29,OUTSIDE_OBSERVED_RANGE,0,0,False
2025-06-30,OUTSIDE_OBSERVED_RANGE,0,0,False
2025-07-01,OUTSIDE_OBSERVED_RANGE,0,0,False
2025-07-02,OUTSIDE_OBSERVED_RANGE,0,0,False
2025-07-03,OUTSIDE_OBSERVED_RANGE,0,0,False
2025-07-04,OUTSIDE_OBSERVED_RANGE,0,0,False
2025-07-06,OUTSIDE_OBSERVED_RANGE,0,0,False
2025-07-07,OUTSIDE_OBSERVED_RANGE,0,0,False
2025-07-08,OUTSIDE_OBSERVED_RANGE,0,0,False
2025-07-09,OUTSIDE_OBSERVED_RANGE,0,0,False
2025-07-10,OUTSIDE_OBSERVED_RANGE,0,0,False
2025-07-11,OUTSIDE_OBSERVED_RANGE,0,0,False
2025-07-13,OUTSIDE_OBSERVED_RANGE,0,0,False
2025-07-14,OUTSIDE_OBSERVED_RANGE,0,0,False
2025-07-15,OUTSIDE_OBSERVED_RANGE,0,0,False
2025-07-16,OUTSIDE_OBSERVED_RANGE,0,0,False
2025-07-17,OUTSIDE_OBSERVED_RANGE,0,0,False
2025-07-18,OUTSIDE_OBSERVED_RANGE,0,0,False
2025-07-20,OUTSIDE_OBSERVED_RANGE,0,0,False
2025-07-21,OUTSIDE_OBSERVED_RANGE,0,0,False
2025-07-22,OUTSIDE_OBSERVED_RANGE,0,0,False
2025-07-23,OUTSIDE_OBSERVED_RANGE,0,0,False
2025-07-24,OUTSIDE_OBSERVED_RANGE,0,0,False
2025-07-25,OUTSIDE_OBSERVED_RANGE,0,0,False
2025-07-27,OUTSIDE_OBSERVED_RANGE,0,0,False
2025-07-28,OUTSIDE_OBSERVED_RANGE,0,0,False
2025-07-29,OUTSIDE_OBSERVED_RANGE,0,0,False
2025-07-30,OUTSIDE_OBSERVED_RANGE,0,0,False
2025-07-31,OUTSIDE_OBSERVED_RANGE,0,0,False
2025-08-01,OUTSIDE_OBSERVED_RANGE,0,0,False
2025-08-03,OUTSIDE_OBSERVED_RANGE,0,0,False
2025-08-04,OUTSIDE_OBSERVED_RANGE,0,0,False
2025-08-05,OUTSIDE_OBSERVED_RANGE,0,0,False
2025-08-06,OUTSIDE_OBSERVED_RANGE,0,0,False
2025-08-07,OUTSIDE_OBSERVED_RANGE,0,0,False
2025-08-08,OUTSIDE_OBSERVED_RANGE,0,0,False
2025-08-10,OUTSIDE_OBSERVED_RANGE,0,0,False
2025-08-11,OUTSIDE_OBSERVED_RANGE,0,0,False
2025-08-12,OUTSIDE_OBSERVED_RANGE,0,0,False
2025-08-13,OUTSIDE_OBSERVED_RANGE,0,0,False
2025-08-14,OUTSIDE_OBSERVED_RANGE,0,0,False
2025-08-15,OUTSIDE_OBSERVED_RANGE,0,0,False
2025-08-17,OUTSIDE_OBSERVED_RANGE,0,0,False
2025-08-18,OUTSIDE_OBSERVED_RANGE,0,0,False
2025-08-19,OUTSIDE_OBSERVED_RANGE,0,0,False
2025-08-20,OUTSIDE_OBSERVED_RANGE,0,0,False
2025-08-21,OUTSIDE_OBSERVED_RANGE,0,0,False
2025-08-22,VISIBLE_TRADE,1,1,False
2025-08-24,NO_VISIBLE_TRADE_PARTIAL_SOURCE_COVERAGE,1,1,False
2025-08-25,VISIBLE_TRADE,1,1,False
2025-08-26,VISIBLE_TRADE,1,1,False
2025-08-27,VISIBLE_TRADE,1,1,False
2025-08-28,NO_VISIBLE_TRADE_PARTIAL_SOURCE_COVERAGE,1,1,False
2025-08-29,VISIBLE_TRADE,1,1,False
2025-08-31,NO_VISIBLE_TRADE_PARTIAL_SOURCE_COVERAGE,1,1,False
2025-09-01,VISIBLE_TRADE,1,1,False
2025-09-02,VISIBLE_TRADE,2,2,False
2025-09-03,VISIBLE_TRADE,2,2,False
2025-09-04,NO_VISIBLE_TRADE_PARTIAL_SOURCE_COVERAGE,2,2,False
2025-09-05,NO_VISIBLE_TRADE_PARTIAL_SOURCE_COVERAGE,2,2,False
2025-09-07,NO_VISIBLE_TRADE_PARTIAL_SOURCE_COVERAGE,2,2,False
2025-09-08,VISIBLE_TRADE,2,2,False
2025-09-09,VISIBLE_TRADE,2,2,False
2025-09-10,NO_VISIBLE_TRADE_PARTIAL_SOURCE_COVERAGE,2,2,False
2025-09-11,VISIBLE_TRADE,2,2,False
2025-09-12,NO_VISIBLE_TRADE_PARTIAL_SOURCE_COVERAGE,2,2,False
2025-09-14,NO_VISIBLE_TRADE_PARTIAL_SOURCE_COVERAGE,2,2,False
2025-09-15,VISIBLE_TRADE,2,2,False
2025-09-16,NO_VISIBLE_TRADE_PARTIAL_SOURCE_COVERAGE,2,2,False
2025-09-17,VISIBLE_TRADE,2,2,False
2025-09-18,VISIBLE_TRADE,2,2,False
2025-09-19,NO_VISIBLE_TRADE_PARTIAL_SOURCE_COVERAGE,2,2,False
2025-09-21,NO_VISIBLE_TRADE_PARTIAL_SOURCE_COVERAGE,2,2,False
2025-09-22,NO_VISIBLE_TRADE_PARTIAL_SOURCE_COVERAGE,2,2,False
2025-09-23,NO_VISIBLE_TRADE_PARTIAL_SOURCE_COVERAGE,2,2,False
2025-09-24,NO_VISIBLE_TRADE_PARTIAL_SOURCE_COVERAGE,2,2,False
2025-09-25,VISIBLE_TRADE,2,2,False
2025-09-26,VISIBLE_TRADE,2,2,False
2025-09-28,NO_VISIBLE_TRADE_PARTIAL_SOURCE_COVERAGE,2,2,False
2025-09-29,NO_VISIBLE_TRADE_PARTIAL_SOURCE_COVERAGE,2,2,False
2025-09-30,NO_VISIBLE_TRADE_PARTIAL_SOURCE_COVERAGE,2,2,False
2025-10-01,NO_VISIBLE_TRADE_PARTIAL_SOURCE_COVERAGE,2,2,False
2025-10-02,VISIBLE_TRADE,2,2,False
2025-10-03,NO_VISIBLE_TRADE_PARTIAL_SOURCE_COVERAGE,2,2,False
2025-10-05,NO_VISIBLE_TRADE_PARTIAL_SOURCE_COVERAGE,2,2,False
2025-10-06,NO_VISIBLE_TRADE_PARTIAL_SOURCE_COVERAGE,2,2,False
2025-10-07,NO_VISIBLE_TRADE_PARTIAL_SOURCE_COVERAGE,2,2,False
2025-10-08,NO_VISIBLE_TRADE_PARTIAL_SOURCE_COVERAGE,2,2,False
2025-10-09,NO_VISIBLE_TRADE_PARTIAL_SOURCE_COVERAGE,2,2,False
2025-10-10,NO_VISIBLE_TRADE_PARTIAL_SOURCE_COVERAGE,2,2,False
2025-10-12,NO_VISIBLE_TRADE_PARTIAL_SOURCE_COVERAGE,2,2,False
2025-10-13,NO_VISIBLE_TRADE_PARTIAL_SOURCE_COVERAGE,2,2,False
2025-10-14,NO_VISIBLE_TRADE_PARTIAL_SOURCE_COVERAGE,2,2,False
2025-10-15,NO_VISIBLE_TRADE_PARTIAL_SOURCE_COVERAGE,2,2,False
2025-10-16,NO_VISIBLE_TRADE_PARTIAL_SOURCE_COVERAGE,2,2,False
2025-10-17,VISIBLE_TRADE,2,2,False
2025-10-19,NO_VISIBLE_TRADE_PARTIAL_SOURCE_COVERAGE,2,2,False
2025-10-20,VISIBLE_TRADE,2,2,False
2025-10-21,OUTSIDE_OBSERVED_RANGE,0,0,False
2025-10-22,OUTSIDE_OBSERVED_RANGE,0,0,False
2025-10-23,OUTSIDE_OBSERVED_RANGE,0,0,False
2025-10-24,OUTSIDE_OBSERVED_RANGE,0,0,False
2025-10-26,OUTSIDE_OBSERVED_RANGE,0,0,False
2025-10-27,OUTSIDE_OBSERVED_RANGE,0,0,False
2025-10-28,OUTSIDE_OBSERVED_RANGE,0,0,False
2025-10-29,OUTSIDE_OBSERVED_RANGE,0,0,False
2025-10-30,OUTSIDE_OBSERVED_RANGE,0,0,False
2025-10-31,OUTSIDE_OBSERVED_RANGE,0,0,False
2025-11-02,OUTSIDE_OBSERVED_RANGE,0,0,False
2025-11-03,OUTSIDE_OBSERVED_RANGE,0,0,False
2025-11-04,OUTSIDE_OBSERVED_RANGE,0,0,False
2025-11-05,OUTSIDE_OBSERVED_RANGE,0,0,False
2025-11-06,OUTSIDE_OBSERVED_RANGE,0,0,False
2025-11-07,OUTSIDE_OBSERVED_RANGE,0,0,False
2025-11-09,OUTSIDE_OBSERVED_RANGE,0,0,False
2025-11-10,OUTSIDE_OBSERVED_RANGE,0,0,False
2025-11-11,OUTSIDE_OBSERVED_RANGE,0,0,False
2025-11-12,OUTSIDE_OBSERVED_RANGE,0,0,False
2025-11-13,OUTSIDE_OBSERVED_RANGE,0,0,False
2025-11-14,OUTSIDE_OBSERVED_RANGE,0,0,False
2025-11-16,OUTSIDE_OBSERVED_RANGE,0,0,False
2025-11-17,OUTSIDE_OBSERVED_RANGE,0,0,False
2025-11-18,OUTSIDE_OBSERVED_RANGE,0,0,False
2025-11-19,OUTSIDE_OBSERVED_RANGE,0,0,False
2025-11-20,OUTSIDE_OBSERVED_RANGE,0,0,False
2025-11-21,OUTSIDE_OBSERVED_RANGE,0,0,False
2025-11-23,OUTSIDE_OBSERVED_RANGE,0,0,False
2025-11-24,OUTSIDE_OBSERVED_RANGE,0,0,False
2025-11-25,OUTSIDE_OBSERVED_RANGE,0,0,False
2025-11-26,OUTSIDE_OBSERVED_RANGE,0,0,False
2025-11-27,OUTSIDE_OBSERVED_RANGE,0,0,False
2025-11-28,OUTSIDE_OBSERVED_RANGE,0,0,False
2025-11-30,OUTSIDE_OBSERVED_RANGE,0,0,False
2025-12-01,OUTSIDE_OBSERVED_RANGE,0,0,False
2025-12-02,OUTSIDE_OBSERVED_RANGE,0,0,False
2025-12-03,OUTSIDE_OBSERVED_RANGE,0,0,False
2025-12-04,OUTSIDE_OBSERVED_RANGE,0,0,False
2025-12-05,OUTSIDE_OBSERVED_RANGE,0,0,False
2025-12-07,OUTSIDE_OBSERVED_RANGE,0,0,False
2025-12-08,OUTSIDE_OBSERVED_RANGE,0,0,False
2025-12-09,OUTSIDE_OBSERVED_RANGE,0,0,False
2025-12-10,OUTSIDE_OBSERVED_RANGE,0,0,False
2025-12-11,OUTSIDE_OBSERVED_RANGE,0,0,False
2025-12-12,OUTSIDE_OBSERVED_RANGE,0,0,False
2025-12-14,OUTSIDE_OBSERVED_RANGE,0,0,False
2025-12-15,OUTSIDE_OBSERVED_RANGE,0,0,False
2025-12-16,OUTSIDE_OBSERVED_RANGE,0,0,False
2025-12-17,OUTSIDE_OBSERVED_RANGE,0,0,False
2025-12-18,OUTSIDE_OBSERVED_RANGE,0,0,False
2025-12-19,OUTSIDE_OBSERVED_RANGE,0,0,False
2025-12-21,OUTSIDE_OBSERVED_RANGE,0,0,False
2025-12-22,OUTSIDE_OBSERVED_RANGE,0,0,False
2025-12-23,OUTSIDE_OBSERVED_RANGE,0,0,False
2025-12-24,OUTSIDE_OBSERVED_RANGE,0,0,False
2025-12-25,OUTSIDE_OBSERVED_RANGE,0,0,False
2025-12-26,OUTSIDE_OBSERVED_RANGE,0,0,False
2025-12-28,OUTSIDE_OBSERVED_RANGE,0,0,False
2025-12-29,OUTSIDE_OBSERVED_RANGE,0,0,False
2025-12-30,OUTSIDE_OBSERVED_RANGE,0,0,False
