source,sha256,bytes,extension,duplicate_of,scope,environment,visible_rows,declared_rows,declared_visible_gap,completeness,scope_basis
2025/2021-2024/2021/statement (1).html,f7789f9b32b39910a2e9dece7834677f881579b14ca2bddb6064db5539613211,157720,.html,,H001,HTML_MAIN,100,227,127,UNVERIFIED,
2025/2021-2024/2021/statement (2).html,46c6f793fd1b4d6c41325416660d912093f63f9f89184f5ff7c83d6feed36394,156474,.html,,H002,HTML_MAIN,100,240,140,UNVERIFIED,
2025/2021-2024/2021/statement (3).html,bcf02d26327ec509dfb0aff166592646ea9535947a397366fec39cf1de295412,148653,.html,,H003,HTML_MAIN,92,92,0,UNVERIFIED,
2025/2021-2024/2021/statement (4).html,7703d72f2b8d753d079b9b0ae2cdddf65cb8dffb78ff655f66d8edb3d7640619,163951,.html,,H004,HTML_MAIN,100,748,648,UNVERIFIED,
2025/2021-2024/2021/statement (5).html,37412bbacd85301618a9e6cf083b2e4a527d9a69c1376ede473d65c44e1bd6d5,158979,.html,,H005,HTML_MAIN,100,237,137,UNVERIFIED,
2025/2021-2024/2021/statement (6).html,212fd92ecc4ec5a9d434bd16973be19a3d31e6b180864b6fb65f475b3bc7a3ea,158554,.html,,H006,HTML_MAIN,100,148,48,UNVERIFIED,
2025/2021-2024/2021/statement (7).html,0033eb325bebc82fd11d8607fafde3ee557abe384cba07e9f778006421b8579f,130680,.html,,H007,HTML_MAIN,86,86,0,UNVERIFIED,
2025/2021-2024/2021/statement (8).html,7087523e6fabcf5cf113404c78178d9916ff1ce45f309d0d46403b7fad8e1e38,161137,.html,,H008,HTML_MAIN,100,191,91,UNVERIFIED,
2025/2021-2024/2021/statement.html,de6bf8f91f0687f07d05fcb9a5dba2c87ec0ade894a9ab736a6cf72e6b939978,156635,.html,,H009,HTML_MAIN,100,132,32,UNVERIFIED,
2025/2021-2024/2022/statement (1).html,9e4fb67ed07492afbaeec225818e04386e711c639daa63e758596422fc58f905,29034,.html,,H010,HTML_MAIN,12,12,0,UNVERIFIED,
2025/2021-2024/2022/statement (2).html,938ddd7cd893de398afb419f0fc9572ce667d7c3e88be5f9ed100089c4577f31,161300,.html,,H011,HTML_MAIN,100,140,40,UNVERIFIED,
2025/2021-2024/2022/statement (3).html,7f7331808ed47cf1dbb4a66f62c381783a1344f305d63681feaa7c3a210fddde,117714,.html,,H012,HTML_MAIN,74,74,0,UNVERIFIED,
2025/2021-2024/2022/statement (4).html,0365a228917f81db56a00907a511ba33ab43a80916ba9d87c4d24c782be54263,133215,.html,,H013,HTML_MAIN,85,85,0,UNVERIFIED,
2025/2021-2024/2022/statement (5).html,9f935f4d97a85b16c6657fd65f449dd9c5815129f404a7a0e290e43e8d143157,161724,.html,,H014,HTML_MAIN,100,265,165,UNVERIFIED,
2025/2021-2024/2022/statement (6).html,5433e495060fd993432f6338449e165d40ab608726863aed12b9bfd0862beac4,162045,.html,,H015,HTML_MAIN,100,893,793,UNVERIFIED,
2025/2021-2024/2022/statement.html,e8b64afb877e24a79f9ada3daf4d15236f871c67e0098f2eea82c15ab24984de,165692,.html,,H016,HTML_MAIN,100,449,349,UNVERIFIED,
2025/2021-2024/2023/statement (1).html,73ab4cebd1ab7f719e34de705b23cdf986605ed0ae13ec0ddc35e9fc768d708e,160684,.html,,H017,HTML_MAIN,100,440,340,UNVERIFIED,
2025/2021-2024/2023/statement (2).html,e6826b5823f2e02eba05ca4f8da935e66e8b97f23a0e96c5af5678b63e019a1c,161512,.html,,H018,HTML_MAIN,100,247,147,UNVERIFIED,
2025/2021-2024/2023/statement (3).html,4f71920af803ea079dad678824b33c3de5c1214a82b6fb6be61cb3dd5768eb5b,159870,.html,,H019,HTML_MAIN,100,230,130,UNVERIFIED,
2025/2021-2024/2023/statement (4).html,1b639601d714a52ec905395b7b3947d188383210a7e849fb05e57a425150486c,157099,.html,,H020,HTML_MAIN,100,127,27,UNVERIFIED,
2025/2021-2024/2023/statement (5).html,14b27af3a8439348bedfdfea06ae937a2cb323a1b2b1050317cecae93d93b08b,157833,.html,,H021,HTML_MAIN,100,308,208,UNVERIFIED,
2025/2021-2024/2023/statement (6).html,b30d92c360cfaa64859dca450428e78bf27a600dda604dacea7f74e0d2285175,159961,.html,,H022,HTML_MAIN,100,411,311,UNVERIFIED,
2025/2021-2024/2023/statement.html,a00ed153b1a8353c59e136626256f76d474d57d79096ab4bd592bdf4a41c2c7c,158164,.html,,H023,HTML_MAIN,100,519,419,UNVERIFIED,
2025/2021-2024/2024/statement (1).html,a3d8aa357ed00075c48b8fb3080b9d30154c3b50318377a0d417f09b3cb93ea0,157272,.html,,H024,HTML_MAIN,100,233,133,UNVERIFIED,
2025/2021-2024/2024/statement (10).html,4210298b64d7453d5c6e212f1e0fdc281131d061089b3ecb1769a1415b477982,162311,.html,,H025,HTML_MAIN,100,293,193,UNVERIFIED,
2025/2021-2024/2024/statement (11).html,7653c2e7043e5a6faff4f86da14a2ef782d0ee2632eac434ff4b9e00cb075c16,154587,.html,,H026,HTML_MAIN,100,279,179,UNVERIFIED,
2025/2021-2024/2024/statement (12).html,88c36853adafdd2faefd85b6f0ea8810c0371398dc590cbf9c33497a7902922d,157819,.html,,H027,HTML_MAIN,100,155,55,UNVERIFIED,
2025/2021-2024/2024/statement (2).html,896f78c04f6f995ba8662d00347aea31585bb1303244bed0072969c69f1b4c57,166162,.html,,H028,HTML_MAIN,100,581,481,UNVERIFIED,
2025/2021-2024/2024/statement (3).html,19cc2b28ed7dd39043b49ea896959b51f8963edeb5c2e34600a0a8700fc819e7,164472,.html,,H029,HTML_MAIN,100,451,351,UNVERIFIED,
2025/2021-2024/2024/statement (4).html,b267e7f7c8581a1851ba6c43a3575b4419b38c091e10b540a3a650e60d98acdc,145616,.html,,H030,HTML_MAIN,96,96,0,UNVERIFIED,
2025/2021-2024/2024/statement (5).html,482e8fffc8d8057dc6bb0b3fbed6f798028a905cc37aba6d8840402418a605eb,112025,.html,,H031,HTML_MAIN,68,68,0,UNVERIFIED,
2025/2021-2024/2024/statement (6).html,b41472352e068df83cef5a462ab199833cac6d1ba5b3a65decf43df7437e51c1,160244,.html,,H032,HTML_MAIN,100,294,194,UNVERIFIED,
2025/2021-2024/2024/statement (7).html,1ddf774812d42d892d29e4f8b760ebdb781972e741ed506cd9edb6917ce4907d,160591,.html,,H033,HTML_MAIN,100,315,215,UNVERIFIED,
2025/2021-2024/2024/statement (8).html,3712e625bb2ce7a64e8b0cb1935d3b2a476a57d7c54e38fb55083ce869950d66,150330,.html,,H034,HTML_MAIN,100,298,198,UNVERIFIED,
2025/2021-2024/2024/statement (9).html,01d39540ebfe2543e6bd81526f4a078bc79c1c10bb673e15b59cfef1e032f7dd,158752,.html,,H035,HTML_MAIN,100,159,59,UNVERIFIED,
2025/2021-2024/2024/statement.html,e8954b96d6dc5257698ec5878d15aeea48d98bdd622abb2c3323d87d303bcdd4,108888,.html,,H036,HTML_MAIN,59,59,0,UNVERIFIED,
2025/statement (1).html,2ae9fdc559af6f0442b3c025a73352226e072f7728f8567925265036e4825ee5,162674,.html,,H037,HTML_MAIN,100,120,20,UNVERIFIED,
2025/statement (2).html,8791f50d01531325541c99c6045a5b05116d8822f499c6f0fb37b32a0b43e749,168728,.html,,H038,HTML_MAIN,100,105,5,UNVERIFIED,
2025/statement (3).html,b528e58cbcd4b71cac166d21497ae0d27090b795d6bc8f2b260cb1f8297cb471,171681,.html,,H039,HTML_MAIN,100,280,180,UNVERIFIED,
2025/statement (4).html,84e9dcb1d3b9fbf73d47e4097506721c7269f27374575ca08b3416c244e91080,95973,.html,,H040,HTML_MAIN,58,58,0,UNVERIFIED,
2025/statement (5).html,6cb91d2740f38acd4f86eb1030351854a001b7807ce03504c1fe628590651b69,134190,.html,,H041,HTML_MAIN,80,80,0,UNVERIFIED,
2025/statement.html,14d80cd44beb05b150565519f8a1f17376877e6feef9090bd020a409ac945cc7,162660,.html,,H042,HTML_MAIN,100,186,86,UNVERIFIED,
手動交易2024後策略較固定/2020含更久以前交易/statement (1).html,d0fb8c757ff7939e9c28811b34c208f42fd91c2aa57c895542eabe2f6fff6f35,157300,.html,,H043,HTML_MAIN,100,162,62,UNVERIFIED,
手動交易2024後策略較固定/2020含更久以前交易/statement (10).html,bb686576943ffbd6862b2e7e17930c444e536ef2a0569c7d7a5cab18d711fe63,160476,.html,,H044,HTML_MAIN,100,150,50,UNVERIFIED,
手動交易2024後策略較固定/2020含更久以前交易/statement (11).html,baeb8ee7cbb521dc2bf82209abd0c7139f2a9c5c9bc6f838e84a9f24c44c1b05,159665,.html,,H045,HTML_MAIN,100,247,147,UNVERIFIED,
手動交易2024後策略較固定/2020含更久以前交易/statement (12).html,e109a511194aedef72511755694869f8c5ed3d60e728f007876ee0affd81b73f,100297,.html,,H046,HTML_MAIN,61,61,0,UNVERIFIED,
手動交易2024後策略較固定/2020含更久以前交易/statement (13).html,134e2f90442c0a0e47cd1ba4295c6a2c7578aef3928a445d28a8e5f836ba0124,160348,.html,,H047,HTML_MAIN,100,108,8,UNVERIFIED,
手動交易2024後策略較固定/2020含更久以前交易/statement (2).html,73953b09908a559166c201df5bf584beddbe217a2a594aa712b7cd2c38057808,158772,.html,,H048,HTML_MAIN,100,946,846,UNVERIFIED,
手動交易2024後策略較固定/2020含更久以前交易/statement (3).html,ebc45f10a5fb43d14454b2985f4d06b0dbab8279c610b46d8ca05bb839940113,63370,.html,,H049,HTML_MAIN,37,37,0,UNVERIFIED,
手動交易2024後策略較固定/2020含更久以前交易/statement (4).html,a32e21d09bcb0ae1e8d747a67b20f207ade1d1be5d299c5ace0034bd31c0ea76,155386,.html,,H050,HTML_MAIN,100,120,20,UNVERIFIED,
手動交易2024後策略較固定/2020含更久以前交易/statement (5).html,1c462771bfe3016cab11a0d9bf2cea15bec4c11249f4bf7d5b2851dc1d878cb4,159758,.html,,H051,HTML_MAIN,100,611,511,UNVERIFIED,
手動交易2024後策略較固定/2020含更久以前交易/statement (6).html,4dda3b170903e54ecd631249c6c1e9b57db113cf4d51b86c51b2f57c14f6a691,161158,.html,,H052,HTML_MAIN,100,678,578,UNVERIFIED,
手動交易2024後策略較固定/2020含更久以前交易/statement (7).html,b89214192dde4ce4746f213d3aaebd771465269ed508879d759d1872e8c7b89f,98568,.html,,H053,HTML_MAIN,63,63,0,UNVERIFIED,
手動交易2024後策略較固定/2020含更久以前交易/statement (8).html,ed4d4f9aac1f9203e7ca00898afb1a9662a14609b9a4674cedf7e1977bf82e15,158316,.html,,H054,HTML_MAIN,100,322,222,UNVERIFIED,
手動交易2024後策略較固定/2020含更久以前交易/statement (9).html,f195815328c345b143ef568da4313acaf5e5f13cbc4a3dcb0873723c492365a7,114340,.html,,H055,HTML_MAIN,73,73,0,UNVERIFIED,
手動交易2024後策略較固定/2020含更久以前交易/statement.html,e63f4d1c3d4b68a67c753b935770508da5ec3ca69cb878506cec6441d86ab76d,142639,.html,,H056,HTML_MAIN,100,152,52,UNVERIFIED,
手動交易2024後策略較固定/2021/statement (1).html,f7789f9b32b39910a2e9dece7834677f881579b14ca2bddb6064db5539613211,157720,.html,2025/2021-2024/2021/statement (1).html,,,,,,,
手動交易2024後策略較固定/2021/statement (2).html,46c6f793fd1b4d6c41325416660d912093f63f9f89184f5ff7c83d6feed36394,156474,.html,2025/2021-2024/2021/statement (2).html,,,,,,,
手動交易2024後策略較固定/2021/statement (3).html,bcf02d26327ec509dfb0aff166592646ea9535947a397366fec39cf1de295412,148653,.html,2025/2021-2024/2021/statement (3).html,,,,,,,
手動交易2024後策略較固定/2021/statement (4).html,7703d72f2b8d753d079b9b0ae2cdddf65cb8dffb78ff655f66d8edb3d7640619,163951,.html,2025/2021-2024/2021/statement (4).html,,,,,,,
手動交易2024後策略較固定/2021/statement (5).html,37412bbacd85301618a9e6cf083b2e4a527d9a69c1376ede473d65c44e1bd6d5,158979,.html,2025/2021-2024/2021/statement (5).html,,,,,,,
手動交易2024後策略較固定/2021/statement (6).html,212fd92ecc4ec5a9d434bd16973be19a3d31e6b180864b6fb65f475b3bc7a3ea,158554,.html,2025/2021-2024/2021/statement (6).html,,,,,,,
手動交易2024後策略較固定/2021/statement (7).html,0033eb325bebc82fd11d8607fafde3ee557abe384cba07e9f778006421b8579f,130680,.html,2025/2021-2024/2021/statement (7).html,,,,,,,
手動交易2024後策略較固定/2021/statement (8).html,7087523e6fabcf5cf113404c78178d9916ff1ce45f309d0d46403b7fad8e1e38,161137,.html,2025/2021-2024/2021/statement (8).html,,,,,,,
手動交易2024後策略較固定/2021/statement.html,de6bf8f91f0687f07d05fcb9a5dba2c87ec0ade894a9ab736a6cf72e6b939978,156635,.html,2025/2021-2024/2021/statement.html,,,,,,,
手動交易2024後策略較固定/2022/statement (1).html,9e4fb67ed07492afbaeec225818e04386e711c639daa63e758596422fc58f905,29034,.html,2025/2021-2024/2022/statement (1).html,,,,,,,
手動交易2024後策略較固定/2022/statement (2).html,938ddd7cd893de398afb419f0fc9572ce667d7c3e88be5f9ed100089c4577f31,161300,.html,2025/2021-2024/2022/statement (2).html,,,,,,,
手動交易2024後策略較固定/2022/statement (3).html,7f7331808ed47cf1dbb4a66f62c381783a1344f305d63681feaa7c3a210fddde,117714,.html,2025/2021-2024/2022/statement (3).html,,,,,,,
手動交易2024後策略較固定/2022/statement (4).html,0365a228917f81db56a00907a511ba33ab43a80916ba9d87c4d24c782be54263,133215,.html,2025/2021-2024/2022/statement (4).html,,,,,,,
手動交易2024後策略較固定/2022/statement (5).html,9f935f4d97a85b16c6657fd65f449dd9c5815129f404a7a0e290e43e8d143157,161724,.html,2025/2021-2024/2022/statement (5).html,,,,,,,
手動交易2024後策略較固定/2022/statement (6).html,5433e495060fd993432f6338449e165d40ab608726863aed12b9bfd0862beac4,162045,.html,2025/2021-2024/2022/statement (6).html,,,,,,,
手動交易2024後策略較固定/2022/statement.html,e8b64afb877e24a79f9ada3daf4d15236f871c67e0098f2eea82c15ab24984de,165692,.html,2025/2021-2024/2022/statement.html,,,,,,,
手動交易2024後策略較固定/2023/statement (1).html,73ab4cebd1ab7f719e34de705b23cdf986605ed0ae13ec0ddc35e9fc768d708e,160684,.html,2025/2021-2024/2023/statement (1).html,,,,,,,
手動交易2024後策略較固定/2023/statement (2).html,e6826b5823f2e02eba05ca4f8da935e66e8b97f23a0e96c5af5678b63e019a1c,161512,.html,2025/2021-2024/2023/statement (2).html,,,,,,,
手動交易2024後策略較固定/2023/statement (3).html,4f71920af803ea079dad678824b33c3de5c1214a82b6fb6be61cb3dd5768eb5b,159870,.html,2025/2021-2024/2023/statement (3).html,,,,,,,
手動交易2024後策略較固定/2023/statement (4).html,1b639601d714a52ec905395b7b3947d188383210a7e849fb05e57a425150486c,157099,.html,2025/2021-2024/2023/statement (4).html,,,,,,,
手動交易2024後策略較固定/2023/statement (5).html,14b27af3a8439348bedfdfea06ae937a2cb323a1b2b1050317cecae93d93b08b,157833,.html,2025/2021-2024/2023/statement (5).html,,,,,,,
手動交易2024後策略較固定/2023/statement (6).html,b30d92c360cfaa64859dca450428e78bf27a600dda604dacea7f74e0d2285175,159961,.html,2025/2021-2024/2023/statement (6).html,,,,,,,
手動交易2024後策略較固定/2023/statement.html,a00ed153b1a8353c59e136626256f76d474d57d79096ab4bd592bdf4a41c2c7c,158164,.html,2025/2021-2024/2023/statement.html,,,,,,,
手動交易2024後策略較固定/2024/statement (1).html,a3d8aa357ed00075c48b8fb3080b9d30154c3b50318377a0d417f09b3cb93ea0,157272,.html,2025/2021-2024/2024/statement (1).html,,,,,,,
手動交易2024後策略較固定/2024/statement (10).html,4210298b64d7453d5c6e212f1e0fdc281131d061089b3ecb1769a1415b477982,162311,.html,2025/2021-2024/2024/statement (10).html,,,,,,,
手動交易2024後策略較固定/2024/statement (11).html,7653c2e7043e5a6faff4f86da14a2ef782d0ee2632eac434ff4b9e00cb075c16,154587,.html,2025/2021-2024/2024/statement (11).html,,,,,,,
手動交易2024後策略較固定/2024/statement (12).html,88c36853adafdd2faefd85b6f0ea8810c0371398dc590cbf9c33497a7902922d,157819,.html,2025/2021-2024/2024/statement (12).html,,,,,,,
手動交易2024後策略較固定/2024/statement (2).html,896f78c04f6f995ba8662d00347aea31585bb1303244bed0072969c69f1b4c57,166162,.html,2025/2021-2024/2024/statement (2).html,,,,,,,
手動交易2024後策略較固定/2024/statement (3).html,19cc2b28ed7dd39043b49ea896959b51f8963edeb5c2e34600a0a8700fc819e7,164472,.html,2025/2021-2024/2024/statement (3).html,,,,,,,
手動交易2024後策略較固定/2024/statement (4).html,b267e7f7c8581a1851ba6c43a3575b4419b38c091e10b540a3a650e60d98acdc,145616,.html,2025/2021-2024/2024/statement (4).html,,,,,,,
手動交易2024後策略較固定/2024/statement (5).html,482e8fffc8d8057dc6bb0b3fbed6f798028a905cc37aba6d8840402418a605eb,112025,.html,2025/2021-2024/2024/statement (5).html,,,,,,,
手動交易2024後策略較固定/2024/statement (6).html,b41472352e068df83cef5a462ab199833cac6d1ba5b3a65decf43df7437e51c1,160244,.html,2025/2021-2024/2024/statement (6).html,,,,,,,
手動交易2024後策略較固定/2024/statement (7).html,1ddf774812d42d892d29e4f8b760ebdb781972e741ed506cd9edb6917ce4907d,160591,.html,2025/2021-2024/2024/statement (7).html,,,,,,,
手動交易2024後策略較固定/2024/statement (8).html,3712e625bb2ce7a64e8b0cb1935d3b2a476a57d7c54e38fb55083ce869950d66,150330,.html,2025/2021-2024/2024/statement (8).html,,,,,,,
手動交易2024後策略較固定/2024/statement (9).html,01d39540ebfe2543e6bd81526f4a078bc79c1c10bb673e15b59cfef1e032f7dd,158752,.html,2025/2021-2024/2024/statement (9).html,,,,,,,
手動交易2024後策略較固定/2024/statement.html,e8954b96d6dc5257698ec5878d15aeea48d98bdd622abb2c3323d87d303bcdd4,108888,.html,2025/2021-2024/2024/statement.html,,,,,,,
手動交易2024後策略較固定/2025/statement (1).html,2ae9fdc559af6f0442b3c025a73352226e072f7728f8567925265036e4825ee5,162674,.html,2025/statement (1).html,,,,,,,
手動交易2024後策略較固定/2025/statement (2).html,8791f50d01531325541c99c6045a5b05116d8822f499c6f0fb37b32a0b43e749,168728,.html,2025/statement (2).html,,,,,,,
手動交易2024後策略較固定/2025/statement (3).html,b528e58cbcd4b71cac166d21497ae0d27090b795d6bc8f2b260cb1f8297cb471,171681,.html,2025/statement (3).html,,,,,,,
手動交易2024後策略較固定/2025/statement (4).html,84e9dcb1d3b9fbf73d47e4097506721c7269f27374575ca08b3416c244e91080,95973,.html,2025/statement (4).html,,,,,,,
手動交易2024後策略較固定/2025/statement (5).html,6cb91d2740f38acd4f86eb1030351854a001b7807ce03504c1fe628590651b69,134190,.html,2025/statement (5).html,,,,,,,
手動交易2024後策略較固定/2025/statement.html,14d80cd44beb05b150565519f8a1f17376877e6feef9090bd020a409ac945cc7,162660,.html,2025/statement.html,,,,,,,
手動交易2024後策略較固定/2026/statement (1).html,5edf4babb39b787d27cf8b4665d4f0937ca1fb4237fcec41167195459550a1bb,158983,.html,,H057,HTML_MAIN,100,407,307,UNVERIFIED,
手動交易2024後策略較固定/2026/statement (2).html,515cb75e36cca184fd4fd284799dc6e174437541a56f5fa5055bd60dbb611ca3,158776,.html,,H058,HTML_MAIN,100,234,134,UNVERIFIED,
手動交易2024後策略較固定/2026/statement.html,c0888baf8559c928a0eca852d8775c03ca182db0b7e55518ed67c96196a3a0eb,151441,.html,,H059,HTML_MAIN,100,133,33,UNVERIFIED,
手動交易2024後策略較固定/交易員機構交易紀錄/ftmo(第一)/5%第一.pdf,62554f02b4e781ce1d799f0909cc2cbae18c42b28036f89b242c1cd7ca054c33,18377,.pdf,,,,,,,,
手動交易2024後策略較固定/交易員機構交易紀錄/ftmo(第一)/trading-journal (1).xlsx,ebb28a7cd056a540d428c2c99d391c4f7899d74a24ee553a1118b8ce5ef04f7f,14306,.xlsx,,X001,XLSX_ftmo(第一),93,,,UNVERIFIED,XLSX_FILE_UNCONFIRMED_ACCOUNT
手動交易2024後策略較固定/交易員機構交易紀錄/ftmo(第一)/trading-journal (2).xlsx,cafdab7036d4dd6518181c2aba6ca04c45e682b9c622b117402e9b47fabb311d,16217,.xlsx,,X002,XLSX_ftmo(第一),118,,,UNVERIFIED,XLSX_FILE_UNCONFIRMED_ACCOUNT
手動交易2024後策略較固定/交易員機構交易紀錄/ftmo(第一)/trading-journal (3).xlsx,77d3e1c02f6ba16f912871a64b6d0d36a8fa8aadd31a96ae75840839278098d6,13034,.xlsx,,X003,XLSX_ftmo(第一),82,,,UNVERIFIED,XLSX_FILE_UNCONFIRMED_ACCOUNT
手動交易2024後策略較固定/交易員機構交易紀錄/ftmo(第一)/trading-journal (4).xlsx,fe31d141ee36d9021b3f3d8f72dd5f5bc88f1e59cf1c0364432aaef793078363,18290,.xlsx,,X004,XLSX_ftmo(第一),145,,,UNVERIFIED,XLSX_FILE_UNCONFIRMED_ACCOUNT
手動交易2024後策略較固定/交易員機構交易紀錄/ftmo(第一)/trading-journal (5).xlsx,8256c3ecbcf7ce807ce469f2cd5e62a1b998ec92607906e903e131b155dc4fcd,13667,.xlsx,,X005,XLSX_ftmo(第一),89,,,UNVERIFIED,XLSX_FILE_UNCONFIRMED_ACCOUNT
手動交易2024後策略較固定/交易員機構交易紀錄/ftmo(第一)/trading-journal (6).xlsx,062175e23a63e78973bf9fc69a529eb99c93280134abdb33982507024e27a557,22032,.xlsx,,X006,XLSX_ftmo(第一),190,,,UNVERIFIED,XLSX_FILE_UNCONFIRMED_ACCOUNT
手動交易2024後策略較固定/交易員機構交易紀錄/ftmo(第一)/trading-journal (7).xlsx,64674f5347c5b73481481736dcf15942121c14b881e4b75276cf3487016864f8,12087,.xlsx,,X007,XLSX_ftmo(第一),68,,,UNVERIFIED,XLSX_FILE_UNCONFIRMED_ACCOUNT
手動交易2024後策略較固定/交易員機構交易紀錄/ftmo(第一)/trading-journal.xlsx,42610ce8528d5c95d53a60395e0c3fe8a6834eae8e308b00de4bdf7ecc8a156c,26875,.xlsx,,X008,XLSX_ftmo(第一),259,,,UNVERIFIED,XLSX_FILE_UNCONFIRMED_ACCOUNT
手動交易2024後策略較固定/交易員機構交易紀錄/ftmo(第一) -失敗/trading-journal (1).xlsx,0975c2f6c7dec0c78e1210fed80a487e37ff110b6227469f40dff7629cb90b68,15057,.xlsx,,X009,XLSX_ftmo(第一) -失敗,103,,,UNVERIFIED,XLSX_FILE_UNCONFIRMED_ACCOUNT
手動交易2024後策略較固定/交易員機構交易紀錄/ftmo(第一) -失敗/trading-journal (2).xlsx,0b8a144a480c241cbaa218f48e51a7c520c880378ddad4e1333c758ceac813b2,51790,.xlsx,,X010,XLSX_ftmo(第一) -失敗,576,,,UNVERIFIED,XLSX_FILE_UNCONFIRMED_ACCOUNT
手動交易2024後策略較固定/交易員機構交易紀錄/ftmo(第一) -失敗/trading-journal (3).xlsx,c5c33f09bf360c983c3488eb1ccd5f91d5f870a1677fe705320c6732d39f995a,21379,.xlsx,,X011,XLSX_ftmo(第一) -失敗,184,,,UNVERIFIED,XLSX_FILE_UNCONFIRMED_ACCOUNT
手動交易2024後策略較固定/交易員機構交易紀錄/ftmo(第一) -失敗/trading-journal (4).xlsx,3af44cede4ef8754eee148b7fe0b733b64f16b2472b28565fa6312406ae5fd4d,18976,.xlsx,,X012,XLSX_ftmo(第一) -失敗,151,,,UNVERIFIED,XLSX_FILE_UNCONFIRMED_ACCOUNT
手動交易2024後策略較固定/交易員機構交易紀錄/ftmo(第一) -失敗/trading-journal (5).xlsx,fb0582ed64dd14546a3e946f8fd1777cc13b47c8c393ff957b63bcf133a2582b,18038,.xlsx,,X013,XLSX_ftmo(第一) -失敗,156,,,UNVERIFIED,XLSX_FILE_UNCONFIRMED_ACCOUNT
手動交易2024後策略較固定/交易員機構交易紀錄/ftmo(第一) -失敗/trading-journal (6).xlsx,539a8c62f35a7bb1739762987d6759c381e913edadb173f0e24d6d4edd435ecc,18193,.xlsx,,X014,XLSX_ftmo(第一) -失敗,151,,,UNVERIFIED,XLSX_FILE_UNCONFIRMED_ACCOUNT
手動交易2024後策略較固定/交易員機構交易紀錄/ftmo(第一) -失敗/trading-journal.xlsx,d943afc73f1a92e5b4d064e9684710398ab9179949c43a2c44efc990c166167b,10361,.xlsx,,X015,XLSX_ftmo(第一) -失敗,46,,,UNVERIFIED,XLSX_FILE_UNCONFIRMED_ACCOUNT
手動交易2024後策略較固定/交易員機構交易紀錄/ftmo(第三階段真倉)/trading-journal (1).xlsx,e6cc621d97600f661e435ea1322217e1453c92ba344fc0467a21ae7e26d4799c,27135,.xlsx,,X016,XLSX_ftmo(第三階段真倉),247,,,UNVERIFIED,XLSX_FILE_UNCONFIRMED_ACCOUNT
手動交易2024後策略較固定/交易員機構交易紀錄/ftmo(第三階段真倉)/trading-journal (10).xlsx,802a65ce836ef2a987ade0ea8ad27da36a2d8e92443bf1559465478509fabd06,18032,.xlsx,,X017,XLSX_ftmo(第三階段真倉),145,,,UNVERIFIED,XLSX_FILE_UNCONFIRMED_ACCOUNT
手動交易2024後策略較固定/交易員機構交易紀錄/ftmo(第三階段真倉)/trading-journal (11).xlsx,99197a68b6abd5ee14133e0ce1f62aa5a8af4bdfd4aa7eeab354b72639b2dc55,40535,.xlsx,,X018,XLSX_ftmo(第三階段真倉),456,,,UNVERIFIED,XLSX_FILE_UNCONFIRMED_ACCOUNT
手動交易2024後策略較固定/交易員機構交易紀錄/ftmo(第三階段真倉)/trading-journal (12).xlsx,a222540b527fe7b4de1746bc1f019b08892485663b271b844cfe207a4273c2a0,21685,.xlsx,,X019,XLSX_ftmo(第三階段真倉),202,,,UNVERIFIED,XLSX_FILE_UNCONFIRMED_ACCOUNT
手動交易2024後策略較固定/交易員機構交易紀錄/ftmo(第三階段真倉)/trading-journal (13).xlsx,ced8d56d15e79629ea5d650311644367ba752f38c60ed497a502a6ee636fc046,25330,.xlsx,,X020,XLSX_ftmo(第三階段真倉),240,,,UNVERIFIED,XLSX_FILE_UNCONFIRMED_ACCOUNT
手動交易2024後策略較固定/交易員機構交易紀錄/ftmo(第三階段真倉)/trading-journal (14).xlsx,8c42103eb013db9a8c4e79d708fc5ccf05a926a55fc147b42ca6afdf2eeb9bf9,12940,.xlsx,,X021,XLSX_ftmo(第三階段真倉),73,,,UNVERIFIED,XLSX_FILE_UNCONFIRMED_ACCOUNT
手動交易2024後策略較固定/交易員機構交易紀錄/ftmo(第三階段真倉)/trading-journal (2).xlsx,e17528255cc8b2437efbdb6b5e60df8029cfaa53f0c95bda11655147cef1ebcd,9386,.xlsx,,X022,XLSX_ftmo(第三階段真倉),32,,,UNVERIFIED,XLSX_FILE_UNCONFIRMED_ACCOUNT
手動交易2024後策略較固定/交易員機構交易紀錄/ftmo(第三階段真倉)/trading-journal (3).xlsx,3cd2c30846d39859c9b3646a4e515bde1b023196675de8fd1e693bfe45d73838,21001,.xlsx,,X023,XLSX_ftmo(第三階段真倉),176,,,UNVERIFIED,XLSX_FILE_UNCONFIRMED_ACCOUNT
手動交易2024後策略較固定/交易員機構交易紀錄/ftmo(第三階段真倉)/trading-journal (4).xlsx,a1b1e7753309a44e26df5f29f78a37f93966d7e210cc26410c01e18992827c3a,18088,.xlsx,,X024,XLSX_ftmo(第三階段真倉),144,,,UNVERIFIED,XLSX_FILE_UNCONFIRMED_ACCOUNT
手動交易2024後策略較固定/交易員機構交易紀錄/ftmo(第三階段真倉)/trading-journal (5).xlsx,59cda3f6825f2cc21db9c81bc313e1a31bc6cf325f99564e78929b8865292819,19820,.xlsx,,X025,XLSX_ftmo(第三階段真倉),172,,,UNVERIFIED,XLSX_FILE_UNCONFIRMED_ACCOUNT
手動交易2024後策略較固定/交易員機構交易紀錄/ftmo(第三階段真倉)/trading-journal (6).xlsx,083e344728e6cc8084b82b5aabf054b9cebd3ec657f64fcf1c39609af1df533c,16199,.xlsx,,X026,XLSX_ftmo(第三階段真倉),121,,,UNVERIFIED,XLSX_FILE_UNCONFIRMED_ACCOUNT
手動交易2024後策略較固定/交易員機構交易紀錄/ftmo(第三階段真倉)/trading-journal (7).xlsx,e6975ad4e4c0131fa8565b7eaf0df37d938d32b8e7527bb884c856dcb4cc4063,14789,.xlsx,,X027,XLSX_ftmo(第三階段真倉),101,,,UNVERIFIED,XLSX_FILE_UNCONFIRMED_ACCOUNT
手動交易2024後策略較固定/交易員機構交易紀錄/ftmo(第三階段真倉)/trading-journal (8).xlsx,9e38b287422f3fbe273d73f4090675d71e576e46353ce2e454330149021d031c,28198,.xlsx,,X028,XLSX_ftmo(第三階段真倉),273,,,UNVERIFIED,XLSX_FILE_UNCONFIRMED_ACCOUNT
手動交易2024後策略較固定/交易員機構交易紀錄/ftmo(第三階段真倉)/trading-journal (9).xlsx,c91183318fdce165ecde60750dc1d3d2b4f1cf21b5c5f5f7e39a20b7044a5574,31309,.xlsx,,X029,XLSX_ftmo(第三階段真倉),321,,,UNVERIFIED,XLSX_FILE_UNCONFIRMED_ACCOUNT
手動交易2024後策略較固定/交易員機構交易紀錄/ftmo(第三階段真倉)/trading-journal.xlsx,dc601dd4a011df224a618c80370dca83f6734b64afc5a94a8ccb19f6ab38aada,7408,.xlsx,,X030,XLSX_ftmo(第三階段真倉),10,,,UNVERIFIED,XLSX_FILE_UNCONFIRMED_ACCOUNT
手動交易2024後策略較固定/交易員機構交易紀錄/ftmo(第二次確認)/trading-journal (1).xlsx,ff70abcda07b7ef576c05208564c2ff2848ab2f5d6b674d7f89c685783a1b225,6942,.xlsx,,X031,XLSX_ftmo(第二次確認),6,,,UNVERIFIED,XLSX_FILE_UNCONFIRMED_ACCOUNT
手動交易2024後策略較固定/交易員機構交易紀錄/ftmo(第二次確認)/trading-journal (2).xlsx,c1218a87de9188f2935ffe62df8d04fbe58a4af5c98332043ffb5f4b96f22fbd,8865,.xlsx,,X032,XLSX_ftmo(第二次確認),28,,,UNVERIFIED,XLSX_FILE_UNCONFIRMED_ACCOUNT
手動交易2024後策略較固定/交易員機構交易紀錄/ftmo(第二次確認)/trading-journal (3).xlsx,6e5aacd1847475067167c3e83c9548199c32350c554f10714af15e9a67ba5146,10479,.xlsx,,X033,XLSX_ftmo(第二次確認),47,,,UNVERIFIED,XLSX_FILE_UNCONFIRMED_ACCOUNT
手動交易2024後策略較固定/交易員機構交易紀錄/ftmo(第二次確認)/trading-journal (4).xlsx,8436a99c0691c51738c5a382dd69ec179ce741021cc42acd3d54cabddfabf013,8581,.xlsx,,X034,XLSX_ftmo(第二次確認),26,,,UNVERIFIED,XLSX_FILE_UNCONFIRMED_ACCOUNT
手動交易2024後策略較固定/交易員機構交易紀錄/ftmo(第二次確認)/trading-journal (5).xlsx,9431fb28739ed7dc60a8f4c0f1928a286f171bacd33f87599a49d00a5b45aa97,11623,.xlsx,,X035,XLSX_ftmo(第二次確認),62,,,UNVERIFIED,XLSX_FILE_UNCONFIRMED_ACCOUNT
手動交易2024後策略較固定/交易員機構交易紀錄/ftmo(第二次確認)/trading-journal (6).xlsx,11b6244031c88eebba05f0cc5f643a8f6fa9dc0f784fe6db7f87b13043f90733,11282,.xlsx,,X036,XLSX_ftmo(第二次確認),57,,,UNVERIFIED,XLSX_FILE_UNCONFIRMED_ACCOUNT
手動交易2024後策略較固定/交易員機構交易紀錄/ftmo(第二次確認)/trading-journal (7).xlsx,e83aef98ebab0eab5e2f11388857f743caa542c29e5234fc0ca08494695a3bde,14094,.xlsx,,X037,XLSX_ftmo(第二次確認),93,,,UNVERIFIED,XLSX_FILE_UNCONFIRMED_ACCOUNT
手動交易2024後策略較固定/交易員機構交易紀錄/ftmo(第二次確認)/trading-journal.xlsx,c11949c135a2717c04b963dc3b4de29cede533bbde5215f2f3f9a2e505fea031,10245,.xlsx,,X038,XLSX_ftmo(第二次確認),46,,,UNVERIFIED,XLSX_FILE_UNCONFIRMED_ACCOUNT
手動交易2024後策略較固定/其他/statement (1).html,64f5c51f8d253d762c44e705b750fe3440151f71bb6b5479a01c289b57362203,162048,.html,,H060,HTML_OTHER_FOLDER,100,589,489,UNVERIFIED,
手動交易2024後策略較固定/其他/statement (2).html,dc676e1cb75edc49cebb423205427ac5efbe567207cab40da7a59a6ea8d91e41,142754,.html,,H061,HTML_OTHER_FOLDER,94,94,0,UNVERIFIED,
手動交易2024後策略較固定/其他/statement (3).html,4250bf31b24679af4085e2875e2f89acd8a5ce2f2b0726f4d0e466d9dd729cb5,158214,.html,,H062,HTML_OTHER_FOLDER,100,578,478,UNVERIFIED,
手動交易2024後策略較固定/其他/statement (4).html,7689d9320fd164a2932783102e8895e9f8a6103d423a504f5e37b0602db4c078,160548,.html,,H063,HTML_OTHER_FOLDER,100,615,515,UNVERIFIED,
手動交易2024後策略較固定/其他/statement (5).html,f5798f1bbe8c00e3494652024588d4b0a89e93cbc06e6a62b4cbe358110a3eb7,124918,.html,,H064,HTML_OTHER_FOLDER,79,79,0,UNVERIFIED,
手動交易2024後策略較固定/其他/statement.html,b840d14af9d8eb75d4c7e6224d2aaa2f0e4cbad6f9ce0d727e2c494d916a3eaa,162911,.html,,H065,HTML_OTHER_FOLDER,100,997,897,UNVERIFIED,
手動交易2024後策略較固定/模擬倉/statement (1).html,5c8e66d827d4b35350161e1d6b9501cb473c05254d125041f12b1f46e1fcf3e1,164418,.html,,H066,HTML_DEMO_FOLDER,100,137,37,UNVERIFIED,
手動交易2024後策略較固定/模擬倉/statement (2).html,b11157907efa6dd405fea0f83dc6a6bd68af8d66b4520e47da56da275648c07a,95706,.html,,H067,HTML_DEMO_FOLDER,57,57,0,UNVERIFIED,
手動交易2024後策略較固定/模擬倉/statement (3).html,688fa2897373826d2dd676ed0fd25025b95c45e114ad5008a059713fe438c8ef,135199,.html,,H068,HTML_DEMO_FOLDER,84,84,0,UNVERIFIED,
手動交易2024後策略較固定/模擬倉/statement (4).html,bc6f8668242f91fcb1fcc2ff07d7b2226c7ba41d485640f2fdfa86fc3723343a,120883,.html,,H069,HTML_DEMO_FOLDER,66,66,0,UNVERIFIED,
手動交易2024後策略較固定/模擬倉/statement (5).html,16715c4f6a958a2411e5c63a4d36176674f01424a6d492560f97a77808baa615,81648,.html,,H070,HTML_DEMO_FOLDER,41,41,0,UNVERIFIED,
手動交易2024後策略較固定/模擬倉/statement (6).html,c4a9740b0e26c6f6859bd711cc7baaa65e08cc0b567b45d0993f95552df6e834,50597,.html,,H071,HTML_DEMO_FOLDER,26,26,0,UNVERIFIED,
手動交易2024後策略較固定/模擬倉/statement (7).html,08f475ca074fdd852b134b3e96f47e7f8ad6604cb23a94803cc9e02af44b92c6,243940,.html,,H072,HTML_DEMO_FOLDER,100,1101,1001,UNVERIFIED,
手動交易2024後策略較固定/模擬倉/statement (8).html,0df4c5f570b1ded723aae10d0d928ed65baeaa9e34369e4be01473d435e83436,166727,.html,,H073,HTML_DEMO_FOLDER,100,277,177,UNVERIFIED,
手動交易2024後策略較固定/模擬倉/statement.html,5aab3a9d9e550753e7e794297a1aede33d7a5c05604121e20b9c513755cc64ee,82766,.html,,H074,HTML_DEMO_FOLDER,48,48,0,UNVERIFIED,
