source_format,behavior,observation_rows
HTML,NO_OBSERVED_POSITION,491
HTML,ADD_ADVERSE,1487
HTML,ADD_FAVORABLE,753
HTML,ADD_FLAT,5
HTML,OPPOSITE,3
HTML,MIXED,47
HTML,TIME_TIE,2328
HTML,INVALID,0
XLSX,NO_OBSERVED_POSITION,924
XLSX,ADD_ADVERSE,2841
XLSX,ADD_FAVORABLE,1135
XLSX,ADD_FLAT,35
XLSX,OPPOSITE,7
XLSX,MIXED,1
XLSX,TIME_TIE,444
XLSX,INVALID,0
CSV,NO_OBSERVED_POSITION,1498
CSV,ADD_ADVERSE,5444
CSV,ADD_FAVORABLE,2346
CSV,ADD_FLAT,7
CSV,OPPOSITE,20
CSV,MIXED,109
CSV,TIME_TIE,5731
CSV,INVALID,0
