evidence_id,source,page,source_text_line,raw_line,open_time_raw,close_time_raw,symbol,side_raw,side,included_in_trade_statistics,excluded_reason,timezone_status,timestamp_precision,lot,lot_raw,sl,sl_raw,tp,tp_raw,open_price,open_price_raw,close_price,close_price_raw,pips,pips_raw,reported_profit,reported_profit_raw
pdf_fcf0e910de88619485fb,手動交易2024後策略較固定/交易員機構交易紀錄/ftmo(第一)/5%第一.pdf,1,3,10/29/2025 22:20 10/29/2025 22:21 XAUUSD?? 0.01 0.00000 0.00000 3965.41000 3968.86000 345.0 3.41,10/29/2025 22:20,10/29/2025 22:21,XAUUSD,??,UNKNOWN,False,SOURCE_DIRECTION_UNREADABLE,UNKNOWN,MINUTE,0.01,0.01,0.00000,0.00000,0.00000,0.00000,3965.41000,3965.41000,3968.86000,3968.86000,345.0,345.0,3.41,3.41
pdf_87a658de187f2b114bc5,手動交易2024後策略較固定/交易員機構交易紀錄/ftmo(第一)/5%第一.pdf,1,4,10/29/2025 22:19 10/29/2025 22:21 XAUUSD?? 0.01 0.00000 0.00000 3967.97000 3968.86000 89.0 0.85,10/29/2025 22:19,10/29/2025 22:21,XAUUSD,??,UNKNOWN,False,SOURCE_DIRECTION_UNREADABLE,UNKNOWN,MINUTE,0.01,0.01,0.00000,0.00000,0.00000,0.00000,3967.97000,3967.97000,3968.86000,3968.86000,89.0,89.0,0.85,0.85
pdf_f552aca4defa119f927d,手動交易2024後策略較固定/交易員機構交易紀錄/ftmo(第一)/5%第一.pdf,1,5,10/29/2025 10:39 10/29/2025 11:46 XAUUSD?? 0.05 0.00000 0.00000 3991.11000 4014.55000 2344.0 117.00,10/29/2025 10:39,10/29/2025 11:46,XAUUSD,??,UNKNOWN,False,SOURCE_DIRECTION_UNREADABLE,UNKNOWN,MINUTE,0.05,0.05,0.00000,0.00000,0.00000,0.00000,3991.11000,3991.11000,4014.55000,4014.55000,2344.0,2344.0,117.00,117.00
pdf_3fb03d1f23951ebe0b68,手動交易2024後策略較固定/交易員機構交易紀錄/ftmo(第一)/5%第一.pdf,1,6,10/29/2025 10:00 10/29/2025 11:46 XAUUSD?? 0.09 0.00000 0.00000 3977.04000 4014.55000 3751.0 337.23,10/29/2025 10:00,10/29/2025 11:46,XAUUSD,??,UNKNOWN,False,SOURCE_DIRECTION_UNREADABLE,UNKNOWN,MINUTE,0.09,0.09,0.00000,0.00000,0.00000,0.00000,3977.04000,3977.04000,4014.55000,4014.55000,3751.0,3751.0,337.23,337.23
pdf_bbd0d57de1e4ca65d1f3,手動交易2024後策略較固定/交易員機構交易紀錄/ftmo(第一)/5%第一.pdf,1,7,10/29/2025 10:07 10/29/2025 11:45 XAUUSD?? 0.05 0.00000 4014.00000 3984.17000 4014.18000 3001.0 149.85,10/29/2025 10:07,10/29/2025 11:45,XAUUSD,??,UNKNOWN,False,SOURCE_DIRECTION_UNREADABLE,UNKNOWN,MINUTE,0.05,0.05,0.00000,0.00000,4014.00000,4014.00000,3984.17000,3984.17000,4014.18000,4014.18000,3001.0,3001.0,149.85,149.85
pdf_90dd55ccd4702d13647c,手動交易2024後策略較固定/交易員機構交易紀錄/ftmo(第一)/5%第一.pdf,1,8,10/29/2025 11:29 10/29/2025 11:29 XAUUSD?? 0.09 0.00000 0.00000 4009.93000 4011.09000 -116.0 -10.80,10/29/2025 11:29,10/29/2025 11:29,XAUUSD,??,UNKNOWN,False,SOURCE_DIRECTION_UNREADABLE,UNKNOWN,MINUTE,0.09,0.09,0.00000,0.00000,0.00000,0.00000,4009.93000,4009.93000,4011.09000,4011.09000,-116.0,-116.0,-10.80,-10.80
pdf_6713f0c284b8bf9cc621,手動交易2024後策略較固定/交易員機構交易紀錄/ftmo(第一)/5%第一.pdf,1,9,10/29/2025 08:23 10/29/2025 11:28 XAUUSD?? 0.09 0.00000 0.00000 3960.08000 4010.02000 4994.0 449.10,10/29/2025 08:23,10/29/2025 11:28,XAUUSD,??,UNKNOWN,False,SOURCE_DIRECTION_UNREADABLE,UNKNOWN,MINUTE,0.09,0.09,0.00000,0.00000,0.00000,0.00000,3960.08000,3960.08000,4010.02000,4010.02000,4994.0,4994.0,449.10,449.10
pdf_892cd2e79c0d239e5f1a,手動交易2024後策略較固定/交易員機構交易紀錄/ftmo(第一)/5%第一.pdf,1,10,10/29/2025 08:56 10/29/2025 11:28 XAUUSD?? 0.09 0.00000 0.00000 3961.13000 4010.02000 4889.0 439.65,10/29/2025 08:56,10/29/2025 11:28,XAUUSD,??,UNKNOWN,False,SOURCE_DIRECTION_UNREADABLE,UNKNOWN,MINUTE,0.09,0.09,0.00000,0.00000,0.00000,0.00000,3961.13000,3961.13000,4010.02000,4010.02000,4889.0,4889.0,439.65,439.65
pdf_90dac2445479ad7c240d,手動交易2024後策略較固定/交易員機構交易紀錄/ftmo(第一)/5%第一.pdf,1,11,10/29/2025 08:23 10/29/2025 11:28 XAUUSD?? 0.09 0.00000 0.00000 3960.44000 4009.81000 4937.0 443.97,10/29/2025 08:23,10/29/2025 11:28,XAUUSD,??,UNKNOWN,False,SOURCE_DIRECTION_UNREADABLE,UNKNOWN,MINUTE,0.09,0.09,0.00000,0.00000,0.00000,0.00000,3960.44000,3960.44000,4009.81000,4009.81000,4937.0,4937.0,443.97,443.97
pdf_d54df7f963cb9527db4e,手動交易2024後策略較固定/交易員機構交易紀錄/ftmo(第一)/5%第一.pdf,1,12,10/29/2025 08:23 10/29/2025 11:28 XAUUSD?? 0.09 0.00000 0.00000 3959.63000 4009.69000 5006.0 450.18,10/29/2025 08:23,10/29/2025 11:28,XAUUSD,??,UNKNOWN,False,SOURCE_DIRECTION_UNREADABLE,UNKNOWN,MINUTE,0.09,0.09,0.00000,0.00000,0.00000,0.00000,3959.63000,3959.63000,4009.69000,4009.69000,5006.0,5006.0,450.18,450.18
pdf_49719fa48a96e3791fa3,手動交易2024後策略較固定/交易員機構交易紀錄/ftmo(第一)/5%第一.pdf,1,13,10/27/2025 08:02 10/27/2025 08:32 XAUUSD?? 0.09 0.00000 0.00000 4070.39000 4080.49000 1010.0 90.54,10/27/2025 08:02,10/27/2025 08:32,XAUUSD,??,UNKNOWN,False,SOURCE_DIRECTION_UNREADABLE,UNKNOWN,MINUTE,0.09,0.09,0.00000,0.00000,0.00000,0.00000,4070.39000,4070.39000,4080.49000,4080.49000,1010.0,1010.0,90.54,90.54
pdf_35c7ecb6c4e19fa4ee47,手動交易2024後策略較固定/交易員機構交易紀錄/ftmo(第一)/5%第一.pdf,1,14,10/27/2025 02:10 10/27/2025 08:32 XAUUSD?? 0.03 0.00000 0.00000 4085.02000 4080.49000 -453.0 -13.71,10/27/2025 02:10,10/27/2025 08:32,XAUUSD,??,UNKNOWN,False,SOURCE_DIRECTION_UNREADABLE,UNKNOWN,MINUTE,0.03,0.03,0.00000,0.00000,0.00000,0.00000,4085.02000,4085.02000,4080.49000,4080.49000,-453.0,-453.0,-13.71,-13.71
pdf_6e9a82a6c0721940d9dd,手動交易2024後策略較固定/交易員機構交易紀錄/ftmo(第一)/5%第一.pdf,1,15,10/27/2025 02:08 10/27/2025 08:32 XAUUSD?? 0.03 0.00000 0.00000 4087.59000 4080.49000 -710.0 -21.42,10/27/2025 02:08,10/27/2025 08:32,XAUUSD,??,UNKNOWN,False,SOURCE_DIRECTION_UNREADABLE,UNKNOWN,MINUTE,0.03,0.03,0.00000,0.00000,0.00000,0.00000,4087.59000,4087.59000,4080.49000,4080.49000,-710.0,-710.0,-21.42,-21.42
pdf_126acb05ec6e87297411,手動交易2024後策略較固定/交易員機構交易紀錄/ftmo(第一)/5%第一.pdf,1,16,10/27/2025 01:21 10/27/2025 01:26 XAUUSD?? 0.05 0.00000 0.00000 4103.59000 4100.80000 -279.0 -14.15,10/27/2025 01:21,10/27/2025 01:26,XAUUSD,??,UNKNOWN,False,SOURCE_DIRECTION_UNREADABLE,UNKNOWN,MINUTE,0.05,0.05,0.00000,0.00000,0.00000,0.00000,4103.59000,4103.59000,4100.80000,4100.80000,-279.0,-279.0,-14.15,-14.15
pdf_de4f989c5e4dd27c4a32,手動交易2024後策略較固定/交易員機構交易紀錄/ftmo(第一)/5%第一.pdf,1,17,10/27/2025 01:09 10/27/2025 01:26 XAUUSD?? 0.05 0.00000 0.00000 4090.53000 4100.80000 1027.0 51.15,10/27/2025 01:09,10/27/2025 01:26,XAUUSD,??,UNKNOWN,False,SOURCE_DIRECTION_UNREADABLE,UNKNOWN,MINUTE,0.05,0.05,0.00000,0.00000,0.00000,0.00000,4090.53000,4090.53000,4100.80000,4100.80000,1027.0,1027.0,51.15,51.15
pdf_1e7bce2dd2a5676b8f23,手動交易2024後策略較固定/交易員機構交易紀錄/ftmo(第一)/5%第一.pdf,1,18,10/27/2025 01:07 10/27/2025 01:26 XAUUSD?? 0.05 0.00000 0.00000 4084.27000 4100.80000 1653.0 82.45,10/27/2025 01:07,10/27/2025 01:26,XAUUSD,??,UNKNOWN,False,SOURCE_DIRECTION_UNREADABLE,UNKNOWN,MINUTE,0.05,0.05,0.00000,0.00000,0.00000,0.00000,4084.27000,4084.27000,4100.80000,4100.80000,1653.0,1653.0,82.45,82.45
pdf_4d59e869b149aac07594,手動交易2024後策略較固定/交易員機構交易紀錄/ftmo(第一)/5%第一.pdf,1,19,10/27/2025 01:07 10/27/2025 01:26 XAUUSD?? 0.05 0.00000 0.00000 4079.41000 4100.80000 2139.0 106.75,10/27/2025 01:07,10/27/2025 01:26,XAUUSD,??,UNKNOWN,False,SOURCE_DIRECTION_UNREADABLE,UNKNOWN,MINUTE,0.05,0.05,0.00000,0.00000,0.00000,0.00000,4079.41000,4079.41000,4100.80000,4100.80000,2139.0,2139.0,106.75,106.75
pdf_9537b52e7620382edb65,手動交易2024後策略較固定/交易員機構交易紀錄/ftmo(第一)/5%第一.pdf,1,20,10/27/2025 01:06 10/27/2025 01:26 XAUUSD?? 0.05 0.00000 0.00000 4078.55000 4100.80000 2225.0 111.05,10/27/2025 01:06,10/27/2025 01:26,XAUUSD,??,UNKNOWN,False,SOURCE_DIRECTION_UNREADABLE,UNKNOWN,MINUTE,0.05,0.05,0.00000,0.00000,0.00000,0.00000,4078.55000,4078.55000,4100.80000,4100.80000,2225.0,2225.0,111.05,111.05
pdf_5193fb412b5f1233bb37,手動交易2024後策略較固定/交易員機構交易紀錄/ftmo(第一)/5%第一.pdf,1,21,10/27/2025 01:06 10/27/2025 01:26 XAUUSD?? 0.05 0.00000 0.00000 4076.63000 4100.80000 2417.0 120.65,10/27/2025 01:06,10/27/2025 01:26,XAUUSD,??,UNKNOWN,False,SOURCE_DIRECTION_UNREADABLE,UNKNOWN,MINUTE,0.05,0.05,0.00000,0.00000,0.00000,0.00000,4076.63000,4076.63000,4100.80000,4100.80000,2417.0,2417.0,120.65,120.65
pdf_b1ba40e55025f42bec2d,手動交易2024後策略較固定/交易員機構交易紀錄/ftmo(第一)/5%第一.pdf,1,22,10/27/2025 01:05 10/27/2025 01:26 XAUUSD?? 0.05 0.00000 0.00000 4078.57000 4100.80000 2223.0 110.95,10/27/2025 01:05,10/27/2025 01:26,XAUUSD,??,UNKNOWN,False,SOURCE_DIRECTION_UNREADABLE,UNKNOWN,MINUTE,0.05,0.05,0.00000,0.00000,0.00000,0.00000,4078.57000,4078.57000,4100.80000,4100.80000,2223.0,2223.0,110.95,110.95
pdf_5c0195a59a07df254aec,手動交易2024後策略較固定/交易員機構交易紀錄/ftmo(第一)/5%第一.pdf,1,23,10/27/2025 01:05 10/27/2025 01:26 XAUUSD?? 0.05 0.00000 0.00000 4081.26000 4100.80000 1954.0 97.50,10/27/2025 01:05,10/27/2025 01:26,XAUUSD,??,UNKNOWN,False,SOURCE_DIRECTION_UNREADABLE,UNKNOWN,MINUTE,0.05,0.05,0.00000,0.00000,0.00000,0.00000,4081.26000,4081.26000,4100.80000,4100.80000,1954.0,1954.0,97.50,97.50
pdf_0a5be2086daf39467dc0,手動交易2024後策略較固定/交易員機構交易紀錄/ftmo(第一)/5%第一.pdf,1,24,10/23/2025 18:47 10/23/2025 19:49 XAUUSD?? 0.10 0.00000 0.00000 4140.58000 4130.48500 1009.5 100.55,10/23/2025 18:47,10/23/2025 19:49,XAUUSD,??,UNKNOWN,False,SOURCE_DIRECTION_UNREADABLE,UNKNOWN,MINUTE,0.10,0.10,0.00000,0.00000,0.00000,0.00000,4140.58000,4140.58000,4130.48500,4130.48500,1009.5,1009.5,100.55,100.55
pdf_5b0c8b0c37a259344987,手動交易2024後策略較固定/交易員機構交易紀錄/ftmo(第一)/5%第一.pdf,1,25,10/23/2025 09:47 10/23/2025 09:47 XAUUSD?? 0.10 0.00000 0.00000 4119.15000 4120.02000 87.0 8.30,10/23/2025 09:47,10/23/2025 09:47,XAUUSD,??,UNKNOWN,False,SOURCE_DIRECTION_UNREADABLE,UNKNOWN,MINUTE,0.10,0.10,0.00000,0.00000,0.00000,0.00000,4119.15000,4119.15000,4120.02000,4120.02000,87.0,87.0,8.30,8.30
pdf_260683ae4ce614f40f90,手動交易2024後策略較固定/交易員機構交易紀錄/ftmo(第一)/5%第一.pdf,1,26,10/23/2025 01:17 10/23/2025 09:37 XAUUSD?? 0.10 0.00000 0.00000 4105.45000 4119.35000 1390.0 138.60,10/23/2025 01:17,10/23/2025 09:37,XAUUSD,??,UNKNOWN,False,SOURCE_DIRECTION_UNREADABLE,UNKNOWN,MINUTE,0.10,0.10,0.00000,0.00000,0.00000,0.00000,4105.45000,4105.45000,4119.35000,4119.35000,1390.0,1390.0,138.60,138.60
pdf_2a8a2db6663d2de57428,手動交易2024後策略較固定/交易員機構交易紀錄/ftmo(第一)/5%第一.pdf,1,27,10/23/2025 01:15 10/23/2025 09:37 XAUUSD?? 0.20 0.00000 0.00000 4102.80000 4119.42000 1662.0 331.60,10/23/2025 01:15,10/23/2025 09:37,XAUUSD,??,UNKNOWN,False,SOURCE_DIRECTION_UNREADABLE,UNKNOWN,MINUTE,0.20,0.20,0.00000,0.00000,0.00000,0.00000,4102.80000,4102.80000,4119.42000,4119.42000,1662.0,1662.0,331.60,331.60
pdf_f5113e2ec74ba7d98f6e,手動交易2024後策略較固定/交易員機構交易紀錄/ftmo(第一)/5%第一.pdf,1,28,10/23/2025 01:14 10/23/2025 09:37 XAUUSD?? 0.10 0.00000 0.00000 4096.86000 4119.42000 2256.0 225.20,10/23/2025 01:14,10/23/2025 09:37,XAUUSD,??,UNKNOWN,False,SOURCE_DIRECTION_UNREADABLE,UNKNOWN,MINUTE,0.10,0.10,0.00000,0.00000,0.00000,0.00000,4096.86000,4096.86000,4119.42000,4119.42000,2256.0,2256.0,225.20,225.20
pdf_57de24ef21fbbd386f0f,手動交易2024後策略較固定/交易員機構交易紀錄/ftmo(第一)/5%第一.pdf,1,29,10/23/2025 01:11 10/23/2025 09:37 XAUUSD?? 0.20 0.00000 0.00000 4098.97000 4119.45000 2048.0 408.80,10/23/2025 01:11,10/23/2025 09:37,XAUUSD,??,UNKNOWN,False,SOURCE_DIRECTION_UNREADABLE,UNKNOWN,MINUTE,0.20,0.20,0.00000,0.00000,0.00000,0.00000,4098.97000,4098.97000,4119.45000,4119.45000,2048.0,2048.0,408.80,408.80
pdf_820d64456ae6d8abdd75,手動交易2024後策略較固定/交易員機構交易紀錄/ftmo(第一)/5%第一.pdf,1,30,10/23/2025 01:06 10/23/2025 09:37 XAUUSD?? 0.20 0.00000 0.00000 4107.87000 4119.47000 1160.0 231.20,10/23/2025 01:06,10/23/2025 09:37,XAUUSD,??,UNKNOWN,False,SOURCE_DIRECTION_UNREADABLE,UNKNOWN,MINUTE,0.20,0.20,0.00000,0.00000,0.00000,0.00000,4107.87000,4107.87000,4119.47000,4119.47000,1160.0,1160.0,231.20,231.20
pdf_07ba64c70a7add3403f5,手動交易2024後策略較固定/交易員機構交易紀錄/ftmo(第一)/5%第一.pdf,1,31,10/23/2025 01:35 10/23/2025 09:34 XAUUSD?? 0.10 0.00000 0.00000 4096.47000 4121.66000 2519.0 251.50,10/23/2025 01:35,10/23/2025 09:34,XAUUSD,??,UNKNOWN,False,SOURCE_DIRECTION_UNREADABLE,UNKNOWN,MINUTE,0.10,0.10,0.00000,0.00000,0.00000,0.00000,4096.47000,4096.47000,4121.66000,4121.66000,2519.0,2519.0,251.50,251.50
pdf_5b3d982ac45d98d4535e,手動交易2024後策略較固定/交易員機構交易紀錄/ftmo(第一)/5%第一.pdf,1,32,10/23/2025 03:40 10/23/2025 06:53 XAUUSD?? 0.20 0.00000 0.00000 4080.62000 4091.08000 1046.0 208.40,10/23/2025 03:40,10/23/2025 06:53,XAUUSD,??,UNKNOWN,False,SOURCE_DIRECTION_UNREADABLE,UNKNOWN,MINUTE,0.20,0.20,0.00000,0.00000,0.00000,0.00000,4080.62000,4080.62000,4091.08000,4091.08000,1046.0,1046.0,208.40,208.40
