scope,source_format,observation_rows,scopes,behavior_counts,positive_reported_profit_rows,negative_reported_profit_rows,zero_reported_profit_rows,profit_unavailable_rows
C002,CSV,776,1,"{'TIME_TIE': 319, 'ADD_FAVORABLE': 187, 'ADD_ADVERSE': 187, 'NO_OBSERVED_POSITION': 58, 'MIXED': 23, 'OPPOSITE': 2}",503,270,3,0
C003,CSV,504,1,"{'ADD_FAVORABLE': 99, 'TIME_TIE': 149, 'NO_OBSERVED_POSITION': 66, 'ADD_ADVERSE': 190}",335,167,2,0
C004,CSV,469,1,"{'ADD_FAVORABLE': 120, 'TIME_TIE': 261, 'NO_OBSERVED_POSITION': 73, 'ADD_ADVERSE': 7, 'MIXED': 7, 'OPPOSITE': 1}",190,278,1,0
C005,CSV,49,1,"{'NO_OBSERVED_POSITION': 6, 'ADD_ADVERSE': 4, 'ADD_FAVORABLE': 24, 'TIME_TIE': 15}",23,26,0,0
C006,CSV,89,1,"{'TIME_TIE': 47, 'ADD_FAVORABLE': 10, 'NO_OBSERVED_POSITION': 19, 'ADD_ADVERSE': 13}",51,38,0,0
C007,CSV,27,1,"{'ADD_ADVERSE': 3, 'TIME_TIE': 18, 'ADD_FAVORABLE': 3, 'NO_OBSERVED_POSITION': 3}",19,8,0,0
C008,CSV,665,1,"{'TIME_TIE': 143, 'ADD_FAVORABLE': 108, 'ADD_ADVERSE': 310, 'NO_OBSERVED_POSITION': 104}",471,192,2,0
C009,CSV,140,1,"{'TIME_TIE': 44, 'ADD_ADVERSE': 34, 'ADD_FAVORABLE': 50, 'NO_OBSERVED_POSITION': 10, 'MIXED': 1, 'OPPOSITE': 1}",92,47,1,0
C010,CSV,182,1,"{'TIME_TIE': 62, 'ADD_FAVORABLE': 19, 'ADD_ADVERSE': 70, 'ADD_FLAT': 1, 'NO_OBSERVED_POSITION': 23, 'MIXED': 5, 'OPPOSITE': 2}",134,47,1,0
C011,CSV,128,1,"{'ADD_ADVERSE': 52, 'ADD_FAVORABLE': 43, 'NO_OBSERVED_POSITION': 6, 'TIME_TIE': 27}",102,26,0,0
C012,CSV,207,1,"{'ADD_FAVORABLE': 51, 'TIME_TIE': 66, 'ADD_ADVERSE': 77, 'NO_OBSERVED_POSITION': 13}",166,41,0,0
C013,CSV,67,1,"{'ADD_ADVERSE': 17, 'TIME_TIE': 14, 'ADD_FAVORABLE': 34, 'NO_OBSERVED_POSITION': 2}",46,21,0,0
C014,CSV,698,1,"{'ADD_ADVERSE': 379, 'TIME_TIE': 187, 'NO_OBSERVED_POSITION': 33, 'ADD_FAVORABLE': 82, 'OPPOSITE': 1, 'MIXED': 16}",501,196,1,0
C015,CSV,186,1,"{'NO_OBSERVED_POSITION': 26, 'ADD_ADVERSE': 86, 'TIME_TIE': 58, 'MIXED': 2, 'ADD_FAVORABLE': 13, 'ADD_FLAT': 1}",130,56,0,0
C016,CSV,73,1,"{'ADD_ADVERSE': 43, 'NO_OBSERVED_POSITION': 4, 'ADD_FAVORABLE': 14, 'TIME_TIE': 12}",59,14,0,0
C017,CSV,193,1,"{'ADD_FAVORABLE': 25, 'NO_OBSERVED_POSITION': 23, 'TIME_TIE': 64, 'ADD_ADVERSE': 81}",127,66,0,0
C018,CSV,107,1,"{'NO_OBSERVED_POSITION': 16, 'TIME_TIE': 28, 'ADD_FAVORABLE': 18, 'ADD_ADVERSE': 45}",71,36,0,0
C019,CSV,558,1,"{'ADD_FAVORABLE': 56, 'TIME_TIE': 233, 'NO_OBSERVED_POSITION': 19, 'ADD_ADVERSE': 230, 'OPPOSITE': 4, 'MIXED': 16}",422,136,0,0
C020,CSV,134,1,"{'NO_OBSERVED_POSITION': 12, 'MIXED': 14, 'TIME_TIE': 67, 'ADD_ADVERSE': 35, 'OPPOSITE': 1, 'ADD_FAVORABLE': 5}",96,37,1,0
C021,CSV,68,1,"{'ADD_ADVERSE': 24, 'TIME_TIE': 32, 'NO_OBSERVED_POSITION': 4, 'ADD_FAVORABLE': 8}",49,19,0,0
C022,CSV,827,1,"{'NO_OBSERVED_POSITION': 75, 'ADD_ADVERSE': 382, 'ADD_FAVORABLE': 104, 'TIME_TIE': 260, 'MIXED': 5, 'OPPOSITE': 1}",588,237,2,0
C023,CSV,79,1,"{'ADD_FAVORABLE': 20, 'ADD_ADVERSE': 16, 'TIME_TIE': 36, 'NO_OBSERVED_POSITION': 7}",47,32,0,0
C024,CSV,254,1,"{'ADD_ADVERSE': 118, 'TIME_TIE': 79, 'ADD_FAVORABLE': 25, 'NO_OBSERVED_POSITION': 26, 'MIXED': 5, 'OPPOSITE': 1}",180,73,1,0
C025,CSV,436,1,"{'ADD_ADVERSE': 158, 'NO_OBSERVED_POSITION': 85, 'TIME_TIE': 146, 'ADD_FAVORABLE': 45, 'OPPOSITE': 2}",311,124,1,0
C026,CSV,8,1,"{'TIME_TIE': 6, 'ADD_FAVORABLE': 2}",6,2,0,0
C027,CSV,70,1,"{'NO_OBSERVED_POSITION': 11, 'TIME_TIE': 35, 'ADD_FAVORABLE': 16, 'ADD_ADVERSE': 8}",28,42,0,0
C028,CSV,212,1,"{'ADD_ADVERSE': 74, 'ADD_FAVORABLE': 36, 'NO_OBSERVED_POSITION': 20, 'TIME_TIE': 81, 'ADD_FLAT': 1}",151,61,0,0
C029,CSV,109,1,"{'ADD_ADVERSE': 46, 'TIME_TIE': 44, 'NO_OBSERVED_POSITION': 8, 'ADD_FAVORABLE': 11}",69,40,0,0
C030,CSV,269,1,"{'TIME_TIE': 101, 'ADD_FAVORABLE': 34, 'NO_OBSERVED_POSITION': 16, 'ADD_ADVERSE': 117, 'ADD_FLAT': 1}",192,77,0,0
C031,CSV,227,1,"{'ADD_ADVERSE': 74, 'TIME_TIE': 104, 'NO_OBSERVED_POSITION': 29, 'ADD_FAVORABLE': 20}",177,47,3,0
C032,CSV,398,1,"{'ADD_ADVERSE': 161, 'TIME_TIE': 196, 'NO_OBSERVED_POSITION': 23, 'ADD_FAVORABLE': 18}",277,121,0,0
C033,CSV,466,1,"{'NO_OBSERVED_POSITION': 9, 'TIME_TIE': 243, 'ADD_ADVERSE': 189, 'ADD_FAVORABLE': 16, 'ADD_FLAT': 1, 'MIXED': 6, 'OPPOSITE': 2}",358,108,0,0
C034,CSV,228,1,"{'ADD_ADVERSE': 85, 'NO_OBSERVED_POSITION': 8, 'ADD_FAVORABLE': 33, 'TIME_TIE': 102}",154,74,0,0
C035,CSV,133,1,"{'ADD_FAVORABLE': 18, 'NO_OBSERVED_POSITION': 6, 'TIME_TIE': 67, 'ADD_ADVERSE': 42}",106,27,0,0
C036,CSV,735,1,"{'ADD_ADVERSE': 343, 'NO_OBSERVED_POSITION': 98, 'TIME_TIE': 173, 'ADD_FAVORABLE': 121}",541,192,2,0
C037,CSV,226,1,"{'ADD_ADVERSE': 55, 'TIME_TIE': 139, 'ADD_FLAT': 1, 'ADD_FAVORABLE': 27, 'NO_OBSERVED_POSITION': 4}",177,49,0,0
C038,CSV,264,1,"{'TIME_TIE': 111, 'ADD_FAVORABLE': 52, 'ADD_ADVERSE': 101}",171,93,0,0
C039,CSV,267,1,"{'ADD_FAVORABLE': 64, 'TIME_TIE': 105, 'ADD_ADVERSE': 89, 'NO_OBSERVED_POSITION': 9}",222,45,0,0
C040,CSV,240,1,"{'TIME_TIE': 80, 'ADD_ADVERSE': 119, 'ADD_FAVORABLE': 20, 'NO_OBSERVED_POSITION': 21}",192,47,1,0
C041,CSV,55,1,"{'NO_OBSERVED_POSITION': 5, 'TIME_TIE': 20, 'ADD_FAVORABLE': 9, 'ADD_ADVERSE': 18, 'MIXED': 3}",52,3,0,0
C042,CSV,79,1,"{'TIME_TIE': 38, 'ADD_FAVORABLE': 25, 'NO_OBSERVED_POSITION': 4, 'ADD_ADVERSE': 12}",58,21,0,0
C043,CSV,472,1,"{'NO_OBSERVED_POSITION': 29, 'ADD_ADVERSE': 81, 'TIME_TIE': 301, 'ADD_FAVORABLE': 61}",380,91,1,0
C044,CSV,130,1,"{'TIME_TIE': 120, 'ADD_ADVERSE': 1, 'ADD_FAVORABLE': 6, 'NO_OBSERVED_POSITION': 3}",128,2,0,0
C045,CSV,159,1,"{'ADD_ADVERSE': 59, 'NO_OBSERVED_POSITION': 15, 'TIME_TIE': 60, 'ADD_FAVORABLE': 24, 'OPPOSITE': 1}",106,51,2,0
C046,CSV,192,1,"{'ADD_FAVORABLE': 51, 'TIME_TIE': 83, 'NO_OBSERVED_POSITION': 19, 'ADD_ADVERSE': 39}",145,47,0,0
C047,CSV,428,1,"{'ADD_ADVERSE': 204, 'TIME_TIE': 98, 'ADD_FAVORABLE': 66, 'NO_OBSERVED_POSITION': 54, 'MIXED': 6}",316,111,1,0
C048,CSV,57,1,"{'ADD_FAVORABLE': 6, 'NO_OBSERVED_POSITION': 4, 'TIME_TIE': 22, 'ADD_ADVERSE': 25}",53,4,0,0
C049,CSV,74,1,"{'ADD_FAVORABLE': 11, 'NO_OBSERVED_POSITION': 19, 'ADD_ADVERSE': 26, 'TIME_TIE': 18}",69,5,0,0
C050,CSV,55,1,"{'TIME_TIE': 21, 'ADD_ADVERSE': 21, 'ADD_FAVORABLE': 7, 'NO_OBSERVED_POSITION': 6}",39,16,0,0
C051,CSV,267,1,"{'ADD_ADVERSE': 135, 'NO_OBSERVED_POSITION': 44, 'TIME_TIE': 61, 'ADD_FAVORABLE': 27}",216,51,0,0
C052,CSV,284,1,"{'TIME_TIE': 156, 'ADD_ADVERSE': 43, 'NO_OBSERVED_POSITION': 27, 'ADD_FAVORABLE': 58}",204,80,0,0
C053,CSV,801,1,"{'NO_OBSERVED_POSITION': 74, 'TIME_TIE': 276, 'ADD_FAVORABLE': 151, 'ADD_ADVERSE': 300}",526,275,0,0
C054,CSV,208,1,"{'TIME_TIE': 65, 'ADD_ADVERSE': 68, 'NO_OBSERVED_POSITION': 66, 'ADD_FAVORABLE': 9}",166,42,0,0
C055,CSV,63,1,"{'TIME_TIE': 22, 'ADD_FAVORABLE': 19, 'ADD_ADVERSE': 15, 'NO_OBSERVED_POSITION': 7}",33,30,0,0
C056,CSV,4,1,"{'TIME_TIE': 2, 'NO_OBSERVED_POSITION': 1, 'ADD_ADVERSE': 1}",4,0,0,0
C060,CSV,247,1,"{'NO_OBSERVED_POSITION': 31, 'ADD_FAVORABLE': 78, 'TIME_TIE': 85, 'ADD_ADVERSE': 51, 'OPPOSITE': 1, 'ADD_FLAT': 1}",148,99,0,0
C061,CSV,181,1,"{'NO_OBSERVED_POSITION': 31, 'ADD_ADVERSE': 49, 'TIME_TIE': 94, 'ADD_FAVORABLE': 7}",140,41,0,0
C062,CSV,116,1,"{'NO_OBSERVED_POSITION': 42, 'ADD_ADVERSE': 48, 'TIME_TIE': 20, 'ADD_FAVORABLE': 6}",94,22,0,0
C063,CSV,368,1,"{'TIME_TIE': 157, 'ADD_FAVORABLE': 36, 'NO_OBSERVED_POSITION': 33, 'ADD_ADVERSE': 142}",257,110,1,0
C064,CSV,44,1,"{'TIME_TIE': 7, 'ADD_FAVORABLE': 33, 'ADD_ADVERSE': 3, 'NO_OBSERVED_POSITION': 1}",39,5,0,0
C066,CSV,103,1,"{'NO_OBSERVED_POSITION': 8, 'ADD_FAVORABLE': 5, 'ADD_ADVERSE': 39, 'TIME_TIE': 51}",85,18,0,0
H001,HTML,82,1,"{'NO_OBSERVED_POSITION': 9, 'ADD_ADVERSE': 31, 'TIME_TIE': 35, 'MIXED': 2, 'ADD_FAVORABLE': 5}",46,36,0,0
H002,HTML,79,1,"{'ADD_FAVORABLE': 14, 'NO_OBSERVED_POSITION': 7, 'TIME_TIE': 23, 'ADD_ADVERSE': 35}",40,39,0,0
H003,HTML,73,1,"{'ADD_ADVERSE': 43, 'NO_OBSERVED_POSITION': 4, 'ADD_FAVORABLE': 14, 'TIME_TIE': 12}",59,14,0,0
H004,HTML,90,1,"{'ADD_ADVERSE': 59, 'TIME_TIE': 27, 'NO_OBSERVED_POSITION': 3, 'ADD_FAVORABLE': 1}",62,28,0,0
H005,HTML,85,1,"{'ADD_FAVORABLE': 17, 'TIME_TIE': 20, 'ADD_ADVERSE': 46, 'NO_OBSERVED_POSITION': 2}",53,32,0,0
H006,HTML,84,1,"{'ADD_ADVERSE': 35, 'ADD_FAVORABLE': 24, 'NO_OBSERVED_POSITION': 7, 'TIME_TIE': 18}",62,22,0,0
H007,HTML,67,1,"{'ADD_ADVERSE': 17, 'TIME_TIE': 14, 'ADD_FAVORABLE': 34, 'NO_OBSERVED_POSITION': 2}",46,21,0,0
H008,HTML,97,1,"{'TIME_TIE': 47, 'ADD_FAVORABLE': 9, 'ADD_ADVERSE': 28, 'ADD_FLAT': 1, 'NO_OBSERVED_POSITION': 12}",58,38,1,0
H009,HTML,82,1,"{'NO_OBSERVED_POSITION': 11, 'TIME_TIE': 20, 'ADD_FAVORABLE': 17, 'ADD_ADVERSE': 34}",51,31,0,0
H010,HTML,8,1,"{'TIME_TIE': 6, 'ADD_FAVORABLE': 2}",6,2,0,0
H011,HTML,96,1,"{'NO_OBSERVED_POSITION': 6, 'MIXED': 14, 'TIME_TIE': 45, 'ADD_ADVERSE': 27, 'OPPOSITE': 1, 'ADD_FAVORABLE': 3}",68,27,1,0
H012,HTML,68,1,"{'ADD_ADVERSE': 24, 'TIME_TIE': 32, 'NO_OBSERVED_POSITION': 4, 'ADD_FAVORABLE': 8}",49,19,0,0
H013,HTML,79,1,"{'ADD_FAVORABLE': 20, 'ADD_ADVERSE': 16, 'TIME_TIE': 36, 'NO_OBSERVED_POSITION': 7}",47,32,0,0
H014,HTML,94,1,"{'ADD_ADVERSE': 39, 'TIME_TIE': 25, 'ADD_FAVORABLE': 14, 'NO_OBSERVED_POSITION': 10, 'MIXED': 5, 'OPPOSITE': 1}",59,35,0,0
H015,HTML,86,1,"{'NO_OBSERVED_POSITION': 13, 'ADD_ADVERSE': 27, 'ADD_FAVORABLE': 24, 'TIME_TIE': 22}",49,37,0,0
H016,HTML,98,1,"{'ADD_ADVERSE': 38, 'NO_OBSERVED_POSITION': 14, 'TIME_TIE': 37, 'ADD_FAVORABLE': 9}",53,45,0,0
H017,HTML,83,1,"{'ADD_ADVERSE': 36, 'TIME_TIE': 39, 'NO_OBSERVED_POSITION': 5, 'ADD_FAVORABLE': 3}",43,40,0,0
H018,HTML,92,1,"{'ADD_ADVERSE': 33, 'TIME_TIE': 36, 'NO_OBSERVED_POSITION': 14, 'ADD_FAVORABLE': 9}",67,24,1,0
H019,HTML,88,1,"{'ADD_ADVERSE': 34, 'ADD_FAVORABLE': 25, 'NO_OBSERVED_POSITION': 4, 'TIME_TIE': 25}",55,33,0,0
H020,HTML,85,1,"{'ADD_ADVERSE': 41, 'TIME_TIE': 30, 'NO_OBSERVED_POSITION': 8, 'ADD_FAVORABLE': 6}",47,38,0,0
H021,HTML,78,1,"{'TIME_TIE': 30, 'ADD_FAVORABLE': 16, 'NO_OBSERVED_POSITION': 5, 'ADD_ADVERSE': 26, 'ADD_FLAT': 1}",47,31,0,0
H022,HTML,81,1,"{'TIME_TIE': 37, 'ADD_FAVORABLE': 14, 'NO_OBSERVED_POSITION': 9, 'ADD_ADVERSE': 21}",43,38,0,0
H023,HTML,74,1,"{'NO_OBSERVED_POSITION': 5, 'TIME_TIE': 23, 'ADD_ADVERSE': 43, 'ADD_FAVORABLE': 2, 'ADD_FLAT': 1}",46,28,0,0
H024,HTML,80,1,"{'ADD_FAVORABLE': 29, 'TIME_TIE': 27, 'NO_OBSERVED_POSITION': 8, 'ADD_ADVERSE': 16}",58,22,0,0
H025,HTML,86,1,"{'ADD_FAVORABLE': 23, 'TIME_TIE': 36, 'ADD_ADVERSE': 23, 'NO_OBSERVED_POSITION': 4}",64,22,0,0
H026,HTML,70,1,"{'ADD_ADVERSE': 14, 'TIME_TIE': 51, 'ADD_FLAT': 1, 'ADD_FAVORABLE': 1, 'NO_OBSERVED_POSITION': 3}",54,16,0,0
H027,HTML,86,1,"{'ADD_FAVORABLE': 11, 'NO_OBSERVED_POSITION': 5, 'TIME_TIE': 46, 'ADD_ADVERSE': 24}",62,24,0,0
H028,HTML,87,1,"{'NO_OBSERVED_POSITION': 5, 'ADD_ADVERSE': 9, 'TIME_TIE': 66, 'ADD_FAVORABLE': 7}",69,18,0,0
H029,HTML,94,1,"{'ADD_ADVERSE': 42, 'TIME_TIE': 24, 'ADD_FAVORABLE': 13, 'NO_OBSERVED_POSITION': 15}",59,35,0,0
H030,HTML,79,1,"{'TIME_TIE': 38, 'ADD_FAVORABLE': 25, 'NO_OBSERVED_POSITION': 4, 'ADD_ADVERSE': 12}",58,21,0,0
H031,HTML,55,1,"{'NO_OBSERVED_POSITION': 5, 'TIME_TIE': 20, 'ADD_FAVORABLE': 9, 'ADD_ADVERSE': 18, 'MIXED': 3}",52,3,0,0
H032,HTML,88,1,"{'TIME_TIE': 36, 'ADD_ADVERSE': 38, 'ADD_FAVORABLE': 6, 'NO_OBSERVED_POSITION': 8}",68,19,1,0
H033,HTML,89,1,"{'TIME_TIE': 38, 'ADD_FAVORABLE': 24, 'ADD_ADVERSE': 27}",38,51,0,0
H034,HTML,56,1,"{'ADD_ADVERSE': 36, 'NO_OBSERVED_POSITION': 4, 'ADD_FAVORABLE': 5, 'TIME_TIE': 11}",47,9,0,0
H035,HTML,88,1,"{'TIME_TIE': 45, 'ADD_ADVERSE': 32, 'ADD_FAVORABLE': 6, 'NO_OBSERVED_POSITION': 5}",71,17,0,0
H036,HTML,57,1,"{'ADD_FAVORABLE': 6, 'NO_OBSERVED_POSITION': 4, 'TIME_TIE': 22, 'ADD_ADVERSE': 25}",53,4,0,0
H037,HTML,97,1,"{'NO_OBSERVED_POSITION': 34, 'ADD_ADVERSE': 40, 'TIME_TIE': 18, 'ADD_FAVORABLE': 5}",78,19,0,0
H038,HTML,99,1,"{'NO_OBSERVED_POSITION': 8, 'ADD_FAVORABLE': 5, 'ADD_ADVERSE': 39, 'TIME_TIE': 47}",81,18,0,0
H039,HTML,96,1,"{'ADD_ADVERSE': 40, 'NO_OBSERVED_POSITION': 21, 'TIME_TIE': 29, 'ADD_FAVORABLE': 6}",83,13,0,0
H040,HTML,55,1,"{'TIME_TIE': 21, 'ADD_ADVERSE': 21, 'ADD_FAVORABLE': 7, 'NO_OBSERVED_POSITION': 6}",39,16,0,0
H041,HTML,74,1,"{'ADD_FAVORABLE': 11, 'NO_OBSERVED_POSITION': 19, 'ADD_ADVERSE': 26, 'TIME_TIE': 18}",69,5,0,0
H042,HTML,99,1,"{'NO_OBSERVED_POSITION': 15, 'ADD_ADVERSE': 24, 'TIME_TIE': 58, 'ADD_FAVORABLE': 2}",76,23,0,0
H043,HTML,84,1,"{'TIME_TIE': 33, 'ADD_ADVERSE': 17, 'ADD_FAVORABLE': 24, 'NO_OBSERVED_POSITION': 9, 'MIXED': 1}",55,29,0,0
H048,HTML,78,1,"{'NO_OBSERVED_POSITION': 5, 'TIME_TIE': 50, 'ADD_FAVORABLE': 16, 'ADD_ADVERSE': 7}",33,45,0,0
H049,HTML,27,1,"{'ADD_ADVERSE': 3, 'TIME_TIE': 18, 'ADD_FAVORABLE': 3, 'NO_OBSERVED_POSITION': 3}",19,8,0,0
H050,HTML,76,1,"{'TIME_TIE': 39, 'ADD_FAVORABLE': 7, 'NO_OBSERVED_POSITION': 17, 'ADD_ADVERSE': 13}",40,36,0,0
H051,HTML,79,1,"{'ADD_FAVORABLE': 16, 'TIME_TIE': 45, 'NO_OBSERVED_POSITION': 14, 'ADD_ADVERSE': 4}",22,57,0,0
H052,HTML,80,1,"{'ADD_FAVORABLE': 23, 'TIME_TIE': 12, 'NO_OBSERVED_POSITION': 14, 'ADD_ADVERSE': 31}",32,48,0,0
H053,HTML,49,1,"{'NO_OBSERVED_POSITION': 6, 'ADD_ADVERSE': 4, 'ADD_FAVORABLE': 24, 'TIME_TIE': 15}",23,26,0,0
H054,HTML,75,1,"{'NO_OBSERVED_POSITION': 16, 'ADD_FAVORABLE': 27, 'TIME_TIE': 22, 'ADD_ADVERSE': 10}",43,32,0,0
H055,HTML,63,1,"{'TIME_TIE': 22, 'ADD_FAVORABLE': 19, 'ADD_ADVERSE': 15, 'NO_OBSERVED_POSITION': 7}",33,30,0,0
H056,HTML,40,1,"{'NO_OBSERVED_POSITION': 5, 'TIME_TIE': 29, 'ADD_FAVORABLE': 6}",10,30,0,0
H057,HTML,75,1,"{'TIME_TIE': 37, 'ADD_ADVERSE': 13, 'NO_OBSERVED_POSITION': 11, 'ADD_FAVORABLE': 14}",64,11,0,0
H058,HTML,80,1,"{'TIME_TIE': 47, 'ADD_ADVERSE': 19, 'NO_OBSERVED_POSITION': 13, 'ADD_FAVORABLE': 1}",57,23,0,0
H059,HTML,70,1,"{'NO_OBSERVED_POSITION': 5, 'TIME_TIE': 31, 'ADD_ADVERSE': 12, 'ADD_FAVORABLE': 22}",24,46,0,0
H060,HTML,87,1,"{'ADD_FAVORABLE': 19, 'TIME_TIE': 31, 'NO_OBSERVED_POSITION': 2, 'ADD_ADVERSE': 35}",41,46,0,0
H061,HTML,69,1,"{'NO_OBSERVED_POSITION': 9, 'ADD_FAVORABLE': 10, 'TIME_TIE': 29, 'ADD_ADVERSE': 21}",39,30,0,0
H065,HTML,93,1,"{'TIME_TIE': 73, 'ADD_FAVORABLE': 10, 'ADD_ADVERSE': 3, 'NO_OBSERVED_POSITION': 4, 'MIXED': 3}",26,67,0,0
H066,HTML,96,1,"{'TIME_TIE': 91, 'ADD_ADVERSE': 1, 'ADD_FAVORABLE': 2, 'NO_OBSERVED_POSITION': 2}",96,0,0,0
H067,HTML,56,1,"{'ADD_ADVERSE': 5, 'TIME_TIE': 45, 'MIXED': 4, 'ADD_FAVORABLE': 2}",52,4,0,0
H068,HTML,79,1,"{'TIME_TIE': 71, 'ADD_ADVERSE': 1, 'ADD_FAVORABLE': 5, 'NO_OBSERVED_POSITION': 2}",78,1,0,0
H069,HTML,65,1,"{'TIME_TIE': 34, 'NO_OBSERVED_POSITION': 2, 'ADD_ADVERSE': 15, 'MIXED': 10, 'ADD_FAVORABLE': 3, 'OPPOSITE': 1}",53,12,0,0
H070,HTML,40,1,"{'NO_OBSERVED_POSITION': 5, 'ADD_ADVERSE': 7, 'TIME_TIE': 20, 'ADD_FLAT': 1, 'ADD_FAVORABLE': 2, 'MIXED': 5}",33,7,0,0
H071,HTML,25,1,"{'TIME_TIE': 15, 'ADD_ADVERSE': 7, 'NO_OBSERVED_POSITION': 3}",18,7,0,0
H072,HTML,100,1,"{'TIME_TIE': 95, 'ADD_FAVORABLE': 2, 'ADD_ADVERSE': 3}",94,6,0,0
H073,HTML,100,1,"{'TIME_TIE': 96, 'NO_OBSERVED_POSITION': 2, 'ADD_FAVORABLE': 1, 'ADD_ADVERSE': 1}",100,0,0,0
H074,HTML,44,1,"{'ADD_FAVORABLE': 4, 'TIME_TIE': 38, 'ADD_ADVERSE': 1, 'NO_OBSERVED_POSITION': 1}",44,0,0,0
X001,XLSX,93,1,"{'ADD_ADVERSE': 41, 'NO_OBSERVED_POSITION': 17, 'ADD_FAVORABLE': 27, 'ADD_FLAT': 1, 'TIME_TIE': 7}",76,17,0,0
X002,XLSX,118,1,"{'ADD_ADVERSE': 45, 'ADD_FAVORABLE': 48, 'NO_OBSERVED_POSITION': 17, 'TIME_TIE': 8}",93,25,0,0
X003,XLSX,80,1,"{'ADD_ADVERSE': 42, 'NO_OBSERVED_POSITION': 18, 'ADD_FAVORABLE': 20}",62,17,1,0
X004,XLSX,145,1,"{'ADD_ADVERSE': 75, 'NO_OBSERVED_POSITION': 21, 'ADD_FAVORABLE': 30, 'TIME_TIE': 19}",114,31,0,0
X005,XLSX,89,1,"{'NO_OBSERVED_POSITION': 11, 'ADD_ADVERSE': 51, 'ADD_FAVORABLE': 22, 'ADD_FLAT': 1, 'TIME_TIE': 4}",75,14,0,0
X006,XLSX,185,1,"{'ADD_ADVERSE': 91, 'NO_OBSERVED_POSITION': 25, 'ADD_FAVORABLE': 61, 'TIME_TIE': 8}",137,48,0,0
X007,XLSX,67,1,"{'NO_OBSERVED_POSITION': 10, 'ADD_ADVERSE': 28, 'ADD_FAVORABLE': 26, 'TIME_TIE': 3}",61,6,0,0
X008,XLSX,259,1,"{'ADD_FAVORABLE': 59, 'ADD_ADVERSE': 127, 'NO_OBSERVED_POSITION': 42, 'TIME_TIE': 28, 'OPPOSITE': 1, 'ADD_FLAT': 2}",183,76,0,0
X009,XLSX,102,1,"{'NO_OBSERVED_POSITION': 20, 'ADD_ADVERSE': 45, 'ADD_FLAT': 2, 'ADD_FAVORABLE': 29, 'TIME_TIE': 6}",74,28,0,0
X010,XLSX,576,1,"{'ADD_FAVORABLE': 147, 'ADD_ADVERSE': 314, 'NO_OBSERVED_POSITION': 77, 'ADD_FLAT': 9, 'TIME_TIE': 28, 'OPPOSITE': 1}",416,160,0,0
X011,XLSX,181,1,"{'ADD_ADVERSE': 88, 'ADD_FAVORABLE': 49, 'TIME_TIE': 23, 'NO_OBSERVED_POSITION': 20, 'ADD_FLAT': 1}",118,63,0,0
X012,XLSX,151,1,"{'NO_OBSERVED_POSITION': 36, 'ADD_ADVERSE': 79, 'ADD_FAVORABLE': 33, 'TIME_TIE': 2, 'ADD_FLAT': 1}",115,36,0,0
X013,XLSX,154,1,"{'NO_OBSERVED_POSITION': 28, 'ADD_ADVERSE': 84, 'ADD_FAVORABLE': 20, 'TIME_TIE': 20, 'ADD_FLAT': 2}",119,31,4,0
X014,XLSX,151,1,"{'ADD_FAVORABLE': 17, 'NO_OBSERVED_POSITION': 24, 'ADD_ADVERSE': 96, 'TIME_TIE': 13, 'ADD_FLAT': 1}",105,46,0,0
X015,XLSX,46,1,"{'NO_OBSERVED_POSITION': 13, 'ADD_ADVERSE': 19, 'TIME_TIE': 2, 'ADD_FAVORABLE': 11, 'ADD_FLAT': 1}",33,13,0,0
X016,XLSX,244,1,"{'TIME_TIE': 29, 'ADD_ADVERSE': 113, 'ADD_FAVORABLE': 72, 'NO_OBSERVED_POSITION': 28, 'OPPOSITE': 2}",159,85,0,0
X017,XLSX,144,1,"{'ADD_ADVERSE': 77, 'ADD_FAVORABLE': 19, 'NO_OBSERVED_POSITION': 44, 'TIME_TIE': 4}",108,36,0,0
X018,XLSX,390,1,"{'ADD_ADVERSE': 215, 'NO_OBSERVED_POSITION': 50, 'ADD_FLAT': 4, 'ADD_FAVORABLE': 80, 'TIME_TIE': 41}",321,69,0,0
X019,XLSX,200,1,"{'ADD_ADVERSE': 114, 'NO_OBSERVED_POSITION': 37, 'ADD_FAVORABLE': 21, 'TIME_TIE': 28}",177,23,0,0
X020,XLSX,240,1,"{'NO_OBSERVED_POSITION': 30, 'ADD_ADVERSE': 135, 'TIME_TIE': 27, 'ADD_FAVORABLE': 46, 'ADD_FLAT': 2}",172,68,0,0
X021,XLSX,73,1,"{'ADD_ADVERSE': 35, 'NO_OBSERVED_POSITION': 16, 'ADD_FAVORABLE': 12, 'TIME_TIE': 10}",41,32,0,0
X022,XLSX,32,1,"{'ADD_ADVERSE': 17, 'ADD_FAVORABLE': 7, 'TIME_TIE': 6, 'NO_OBSERVED_POSITION': 2}",15,17,0,0
X023,XLSX,176,1,"{'ADD_ADVERSE': 108, 'NO_OBSERVED_POSITION': 20, 'ADD_FAVORABLE': 29, 'TIME_TIE': 18, 'ADD_FLAT': 1}",134,42,0,0
X024,XLSX,143,1,"{'ADD_ADVERSE': 81, 'NO_OBSERVED_POSITION': 32, 'ADD_FAVORABLE': 20, 'TIME_TIE': 9, 'ADD_FLAT': 1}",107,36,0,0
X025,XLSX,169,1,"{'NO_OBSERVED_POSITION': 36, 'ADD_ADVERSE': 85, 'ADD_FAVORABLE': 30, 'TIME_TIE': 17, 'ADD_FLAT': 1}",125,44,0,0
X026,XLSX,121,1,"{'NO_OBSERVED_POSITION': 37, 'ADD_ADVERSE': 61, 'ADD_FAVORABLE': 16, 'TIME_TIE': 7}",91,30,0,0
X027,XLSX,101,1,"{'ADD_ADVERSE': 51, 'ADD_FAVORABLE': 17, 'NO_OBSERVED_POSITION': 20, 'TIME_TIE': 13}",78,23,0,0
X028,XLSX,271,1,"{'NO_OBSERVED_POSITION': 60, 'ADD_FAVORABLE': 37, 'ADD_ADVERSE': 153, 'TIME_TIE': 18, 'OPPOSITE': 2, 'ADD_FLAT': 1}",200,71,0,0
X029,XLSX,321,1,"{'ADD_ADVERSE': 192, 'NO_OBSERVED_POSITION': 61, 'ADD_FAVORABLE': 48, 'TIME_TIE': 18, 'MIXED': 1, 'OPPOSITE': 1}",227,94,0,0
X030,XLSX,10,1,"{'ADD_ADVERSE': 3, 'NO_OBSERVED_POSITION': 4, 'TIME_TIE': 2, 'ADD_FAVORABLE': 1}",3,7,0,0
X031,XLSX,6,1,"{'ADD_ADVERSE': 4, 'NO_OBSERVED_POSITION': 1, 'ADD_FAVORABLE': 1}",0,6,0,0
X032,XLSX,28,1,"{'ADD_ADVERSE': 21, 'ADD_FAVORABLE': 4, 'NO_OBSERVED_POSITION': 3}",7,21,0,0
X033,XLSX,47,1,"{'NO_OBSERVED_POSITION': 10, 'ADD_FAVORABLE': 10, 'TIME_TIE': 4, 'ADD_ADVERSE': 23}",28,19,0,0
X034,XLSX,25,1,"{'ADD_ADVERSE': 14, 'NO_OBSERVED_POSITION': 3, 'ADD_FAVORABLE': 2, 'TIME_TIE': 6}",22,3,0,0
X035,XLSX,62,1,"{'ADD_FAVORABLE': 17, 'TIME_TIE': 2, 'ADD_ADVERSE': 30, 'NO_OBSERVED_POSITION': 11, 'ADD_FLAT': 2}",53,9,0,0
X036,XLSX,55,1,"{'ADD_FAVORABLE': 12, 'ADD_ADVERSE': 29, 'NO_OBSERVED_POSITION': 11, 'TIME_TIE': 3}",43,12,0,0
X037,XLSX,92,1,"{'ADD_ADVERSE': 47, 'NO_OBSERVED_POSITION': 22, 'ADD_FAVORABLE': 14, 'TIME_TIE': 9}",69,23,0,0
X038,XLSX,40,1,"{'ADD_FAVORABLE': 21, 'ADD_ADVERSE': 8, 'NO_OBSERVED_POSITION': 7, 'ADD_FLAT': 2, 'TIME_TIE': 2}",40,0,0,0
